Date,ScalerCorr,pressure,activeSD
1119139200,1595.91,2.57015e+31,1075
1119141000,1595.78,865.435,1071.42
1119142800,1595.68,865.386,1073.92
1119144600,1595.75,865.266,1080.92
1119146400,1596.5,865.148,1087
1119148200,1598.04,865.102,1093.08
1119150000,1466.02,865.034,1096.25
1119151800,1467.52,864.946,1096.67
1119153600,1602.61,864.806,1100.17
1119155400,1604.46,864.58,1103.75
1119157200,1606.75,864.342,1106.67
1119159000,1608.71,864.18,1107
1119160800,1609.47,863.916,1109.17
1119162600,1609.3,863.534,1112.17
1119164400,1609.45,863.206,1109.42
1119166200,1609.47,862.985,1108.67
1119168000,1608.69,862.722,1109
1119169800,1608.2,862.493,1108.83
1119171600,1607.68,862.424,1108.92
1119173400,1606.59,862.379,1109.58
1119175200,1605.75,862.373,1108
1119177000,1604.83,862.34,1109.33
1119178800,1604.21,862.268,1109.75
1119180600,1605.73,862.274,1108.58
1119182400,1609.34,862.325,1106.5
1119184200,1614.41,862.291,1100.33
1119186000,1619.86,862.244,1092.75
1119187800,1623.83,862.262,1087.75
1119189600,1626.52,862.204,1085.5
1119191400,1627.53,862.027,1082.83
1119193200,1492.06,861.795,1079.75
1119195000,1491.62,861.412,1077.25
1119196800,1624.93,860.797,1082.75
1119198600,1622.77,860.232,1090.08
1119200400,1620.08,859.786,1092.25
1119202200,1616.38,859.433,1097.58
1119204000,1612.44,859.194,1098
1119205800,1608.6,858.99,1097.08
1119207600,1605.55,858.894,1100.08
1119209400,1602.62,858.862,1102.58
1119211200,1599.75,858.984,1103.67
1119213000,1596.43,859.232,1097.33
1119214800,1592.34,859.377,1093.08
1119216600,1588.92,859.489,1090.75
1119218400,1587.16,859.647,1089.25
1119220200,1586.28,859.819,1095.08
1119222000,1585.78,859.963,1098
1119052800,1603.66,870.198,1066.75
1119054600,1597.73,870.158,1064.08
1119056400,1595.96,870.077,1065.83
1119058200,1594.58,870,1064.92
1119060000,1593.96,870.181,1065.92
1119061800,1595.08,870.477,1068
1119063600,1461.02,870.522,1073.92
1119065400,1457.33,870.501,1075.08
1119067200,1587,870.581,1074.33
1119069000,1586,870.596,1077.25
1119070800,1586.23,870.638,1080.58
1119072600,1587.17,870.625,1082.75
1119074400,1588.1,870.323,1084.08
1119076200,1590.2,870.057,1085.67
1119078000,1591.42,869.912,1086.42
1119079800,1591.71,869.671,1085.67
1119081600,1591.76,869.422,1083.75
1119083400,1590.8,869.197,1077.83
1119085200,1589.26,868.916,1078.67
1119087000,1589.38,868.835,1085.5
1119088800,1591.83,868.829,1086.67
1119090600,1594.48,868.743,1086.58
1119092400,1596.97,868.725,1086.42
1119094200,1599.5,868.74,1089.17
1119096000,1601.65,868.74,1093.17
1119097800,1603.44,868.675,1090.25
1119099600,1605.98,868.601,1090.08
1119101400,1608.95,868.552,1090.17
1119103200,1611.12,868.402,1089.42
1119105000,1612.52,868.181,1091.42
1119106800,1612.54,867.966,1093.92
1119108600,1611.36,867.785,1096.33
1119110400,1609.99,867.481,1094.75
1119112200,1608,867.056,1097.42
1119114000,1605.82,866.796,1103.5
1119115800,1603.74,866.652,1105.67
1119117600,1602.05,866.47,1102.83
1119119400,1600.54,866.19,1101.33
1119121200,1598.49,865.955,1104.5
1119123000,1597.1,865.77,1105.67
1119124800,1596.47,865.545,1104.75
1119126600,1596.6,865.41,1102.25
1119128400,1596.77,865.314,1099.83
1119130200,1596.35,865.248,1099.75
1119132000,1596.16,865.344,1102.92
1119133800,1595.77,865.479,1102
1119135600,1594.99,865.528,1099.67
1118707200,1640.23,867.891,1073.08
1118709000,1640.46,867.922,1079.67
1118710800,1641.33,868.085,1083.58
1118712600,1641.65,867.945,1082.33
1118714400,1641.45,867.548,1084.58
1118716200,1641.79,867.225,1093.58
1118718000,1642.17,867.101,1099.58
1118719800,1641.53,866.93,1098.25
1118721600,1641.27,866.74,1095.58
1118723400,1640.97,866.465,1096
1118725200,1640.28,865.996,1098.08
1118727000,1640.37,865.446,1099.17
1118728800,1641.32,865.062,1099.5
1118730600,1641.7,864.877,1101.25
1118732400,1641.54,864.565,1102.25
1118734200,1641.67,864.139,1099.25
1118736000,1642.19,863.712,1100.25
1118737800,1643.7,863.381,1100.08
1118739600,1645.22,863.179,1096.42
1118741400,1645.09,862.839,1098.58
1118743200,1645.41,862.575,1103.67
1118745000,1646.92,862.505,1108.42
1118746800,1510.95,862.402,1109.92
1118748600,1512.76,862.223,1108.58
1118750400,1652.09,862.205,1106
1118752200,1653.92,862.337,1102.67
1118754000,1655.74,862.131,1101.33
1118755800,1659.42,861.868,1093.58
1118757600,1663.53,861.624,1083.33
1118759400,1665.2,861.215,1082.42
1118761200,1526.54,860.847,1077.17
1118763000,1525.2,860.386,1071.33
1118764800,1663.26,859.858,1077.08
1118766600,1663.19,859.423,1085
1118768400,1660.71,858.799,1089.42
1118770200,1658.32,858.09,1087.5
1118772000,1656.6,857.453,1085.58
1118773800,1653.48,856.986,1087.42
1118775600,1650.14,856.788,1089.42
1118777400,1646.81,856.7,1091.25
1118779200,1643.8,856.877,1090.25
1118781000,1504.86,857.288,1087.67
1118782800,1502.69,857.665,1087.25
1118784600,1638.14,857.901,1091.08
1118786400,1638.98,858.084,1094.92
1118788200,1641.14,858.117,1094.25
1118790000,1642.55,857.908,1093.42
1118188800,1498.11,859.487,842.583
1118190600,678.317,859.568,317.583
1118192400,0,859.673,0
1118194200,0,859.701,0
1118196000,0,859.57,0
1118197800,0,859.335,0
1118199600,0,859.168,0
1118201400,0,859.035,0
1118203200,0,858.915,0
1118205000,0,858.698,0
1118206800,0,858.355,0
1118208600,0,858.092,0
1118210400,0,857.85,0
1118212200,0,857.541,0
1118214000,0,857.248,0
1118215800,0,857.147,0
1118217600,0,857.081,0
1118219400,0,856.895,0
1118221200,0,856.702,0
1118223000,0,856.787,0
1118224800,0,857.03,0
1118226600,0,857.257,0
1118228400,0,857.684,0
1118230200,0,858.009,0
1118232000,0,858.064,0
1118233800,0,858.138,0
1118235600,0,858.262,0
1118237400,0,858.329,0
1118239200,0,858.338,0
1118241000,0,858.098,0
1118242800,0,857.706,0
1118244600,0,857.537,0
1117497600,1642.42,860.628,1046.83
1117499400,1644.22,860.751,1047.83
1117501200,1643.17,860.149,1053.42
1117503000,1641.18,859.512,1059.5
1117504800,1640.97,859.413,1064.67
1117506600,1640.46,859.444,1065.58
1117508400,1639.51,859.417,1064.5
1117510200,1638.41,859.161,1062.83
1117512000,1637.65,858.751,1066.08
1117513800,1638.16,858.509,1070.25
1117515600,1637.99,858.23,1069.5
1117517400,1637.69,858.018,1069.92
1117519200,1636.91,857.807,1071.83
1117521000,1635.07,857.511,1071.42
1117522800,1634.2,857.268,1072.17
1117524600,1635.6,857.222,1073.08
1117526400,1637.53,857.224,1073.75
1117528200,1639.12,857.171,1075.75
1117530000,1640.13,857.13,1077.83
1117531800,1640.61,857.085,1078.17
1117533600,1641.88,857.128,1076.42
1117535400,1643.52,857.244,1076.17
1117537200,1645.09,857.235,1075.67
1117539000,1647.57,857.16,1076.75
1117540800,1651.18,857.135,1076.42
1117542600,1654.15,857.1,1071.92
1117544400,1656.84,857.115,1069.33
1117546200,1659,857.114,1067
1117548000,1659.72,856.885,1067.25
1117549800,1660.06,856.528,1067
1117551600,1660.48,856.192,1065.5
1117553400,1660.18,855.899,1063
1117555200,1658.42,855.616,1061.42
1117557000,1656.72,855.324,1059.08
1117558800,1654.26,855.088,1060.67
1117560600,1651,854.857,1064.33
1117562400,1648.28,854.645,1059.17
1117564200,1645.7,854.56,1054.92
1117566000,1643.35,854.557,1061.17
1117567800,1640.76,854.661,1064.33
1117569600,1638.27,854.818,1056.83
1117571400,1635.95,854.933,1050.5
1117573200,1634.55,855.058,1053.08
1117575000,1633.97,855.181,1058
1117576800,1634.43,855.364,1061.83
1117578600,1635.81,855.591,1066.92
1117580400,1637.06,855.836,1069.83
1118534400,1634.51,858.312,1040.83
1118536200,1634.2,858.744,1043
1118538000,1634.23,859.13,1050.58
1118539800,1634.86,859.35,1054.83
1118541600,1635.94,859.634,1055.75
1118543400,1637.22,860.091,1058.25
1118545200,1638.49,860.583,1065.5
1118547000,1639.86,861.02,1070.17
1118548800,1641.2,861.367,1067.83
1118550600,1642.33,861.698,1064.75
1118552400,1643.7,862.07,1070.42
1118554200,1644.84,862.376,1076.58
1118556000,1645.1,862.57,1079.17
1118557800,1644.43,862.666,1081.08
1118559600,1644.31,862.883,1076.17
1118561400,1645.39,863.179,1077
1118563200,1646.47,863.367,1083.92
1118565000,1647.15,863.627,1083.83
1118566800,1647.45,863.91,1082
1118568600,1647.89,864.314,1085.42
1118570400,1648.61,864.853,1086
1118572200,1649.93,865.278,1082.58
1118574000,1652.67,865.606,1082.42
1118575800,1656.75,865.956,1084.67
1118577600,1660.57,866.352,1083.75
1118579400,1662.36,866.636,1073.58
1118581200,1664.38,866.983,1064.17
1118583000,1667.17,867.439,1060.5
1118584800,1667.37,867.66,1058.5
1118586600,1665.31,867.55,1061.58
1118588400,1524.63,867.297,1068.33
1118590200,1523.3,867.079,1067.75
1118592000,1661.18,866.716,1064.83
1118593800,1660.57,866.261,1066.08
1118595600,1659.3,865.901,1069.33
1118597400,1657.49,865.6,1072.42
1118599200,1655.53,865.432,1070.92
1118601000,1653.21,865.439,1073
1118602800,1650.92,865.563,1077.67
1118604600,1648.39,865.755,1076.42
1118606400,1646.15,866.167,1075.42
1118608200,1643.71,866.737,1077.08
1118610000,1640.27,867.266,1070.42
1118611800,1638.33,867.749,1062.33
1118613600,1638.33,868.182,1062
1118615400,1639.02,868.647,1063.83
1118617200,1639.27,869.031,1069.33
1118880000,1639.92,864.86,1059.92
1118881800,1641.26,865.192,1052.83
1118883600,1642.97,865.574,1055.67
1118885400,1643.76,865.803,1059.42
1118887200,1643.98,865.842,1062.83
1118889000,1644.12,865.947,1065.33
1118890800,1506.26,865.94,1066.58
1118892600,1505.49,865.831,1068.5
1118894400,1642.47,865.808,1071.67
1118896200,1642.13,865.74,1075.92
1118898000,1642.29,865.67,1075.67
1118899800,1642.39,865.584,1072.42
1118901600,1642.29,865.549,1074.42
1118903400,1641.79,865.415,1086.25
1118905200,1640.99,865.081,1090.42
1118907000,1640.86,864.758,1087.25
1118908800,1640.84,864.431,1086.17
1118910600,1640.6,864.103,1084.92
1118912400,1640.64,863.93,1085.33
1118914200,1640.69,863.858,1083.42
1118916000,1641.13,863.882,1082.75
1118917800,1641.78,863.945,1083.58
1118919600,1641.81,863.994,1084
1118921400,1642.69,863.932,1085.08
1118923200,1646.27,863.849,1085.42
1118925000,1650.4,863.856,1081.58
1118926800,1653.66,863.749,1069.58
1118928600,1656.95,863.544,1062.58
1118930400,1659.5,863.22,1063.17
1118932200,1660.59,862.812,1057.58
1118934000,1660.73,862.423,1062
1118935800,1661.4,862.098,1073.83
1118937600,1661.12,861.795,1074.67
1118939400,1658.55,861.401,1078.92
1118941200,1655.89,860.96,1080.92
1118943000,1654.15,860.636,1081.83
1118944800,1651.98,860.464,1084.42
1118946600,1649.61,860.354,1085.33
1118948400,1647.23,860.312,1090.75
1118950200,1646.38,860.519,1091.25
1118952000,1645.43,860.813,1085.58
1118953800,1642.46,861.093,1083.08
1118955600,1639.85,861.391,1083.92
1118957400,1637.66,861.669,1084.58
1118959200,1637.05,862.166,1079.67
1118961000,1638.41,862.77,1079.58
1118962800,1640.49,863.244,1089.17
1118966400,1642.75,864.171,1055.42
1118968200,1642.55,864.599,1047.92
1118970000,1643.01,865.057,1049
1118971800,1642.88,865.375,1051.83
1118973600,1641.33,865.553,1055.42
1118975400,1639.24,865.795,1062.33
1118977200,1638.81,866.205,1067.92
1118979000,1638.73,866.46,1071
1118980800,1636.98,866.416,1070.67
1118982600,1636.07,866.525,1068.5
1118984400,1636.64,866.825,1071.83
1118986200,1636.78,866.957,1073.67
1118988000,1636.58,866.942,1074.33
1118989800,1636.79,866.983,1075.17
1118991600,1636.82,866.989,1074.08
1118993400,1636.45,866.949,1075
1118995200,1636.6,866.998,1078.67
1118997000,1636.58,867.127,1084.75
1118998800,1636.35,867.295,1088.67
1119000600,1637.3,867.709,1088
1119002400,1638.4,868.232,1085
1119004200,1638.06,868.599,1085.67
1119006000,1637.27,868.975,1086.25
1119007800,1637.65,869.348,1086.25
1119009600,1639.57,869.594,1087.5
1119011400,1641.22,869.785,1086.42
1119013200,1642.29,869.998,1083.67
1119015000,1644.25,870.291,1081.58
1119016800,1645.1,870.531,1080.75
1119018600,1644.58,870.622,1078.92
1119020400,1643.23,870.609,1077.67
1119022200,1641.04,870.36,1077.5
1119024000,1641.43,869.99,1073.75
1119025800,1642.46,869.642,1073.17
1119027600,1640.99,869.22,1074.67
1119029400,1639.56,868.858,1078.33
1119031200,1638.37,868.612,1087.83
1119033000,1636.48,868.399,1090.08
1119034800,1633.99,868.185,1089.5
1119036600,1631.51,868.186,1090.58
1119038400,1627.35,868.335,1089.33
1119040200,1621.66,868.532,1088.5
1119042000,1616.96,868.795,1080.25
1119043800,1614.62,869.047,1072.83
1119045600,1613.72,869.401,1075.25
1119047400,1612.82,869.749,1081.42
1119049200,1611.27,869.964,1087.75
1118620800,1639.42,869.842,1049.25
1118622600,1639.11,870.207,1045.5
1118624400,1639.05,870.512,1048.33
1118626200,1639.04,870.725,1055.67
1118628000,1639.64,870.997,1063
1118629800,1639.54,871.38,1063.17
1118631600,1365.68,871.548,1062.08
1118633400,1365.65,871.553,1066.92
1118635200,1638.49,871.468,1070.5
1118637000,1637.69,871.266,1068.58
1118638800,1637.53,871.154,1069.5
1118640600,1637.28,871.043,1073.42
1118642400,1636.76,870.864,1075
1118644200,1636.62,870.818,1074.5
1118646000,1637.29,870.935,1074.75
1118647800,1638.03,870.949,1074
1118649600,1638.86,870.887,1075.25
1118651400,1639.97,870.824,1078.08
1118653200,1641,870.778,1082.33
1118655000,1641.99,870.9,1082.58
1118656800,1642.89,871.13,1083.67
1118658600,1643.91,871.332,1086.58
1118660400,1644.75,871.495,1086
1118662200,1647.12,871.712,1084.83
1118664000,1650.88,871.924,1081.42
1118665800,1653.88,872.047,1075.58
1118667600,1656.24,872.155,1069.58
1118669400,1658.53,872.21,1065.67
1118671200,1660.33,872.11,1065.25
1118673000,1661.73,871.844,1066.58
1118674800,1662.13,871.541,1068.42
1118676600,1661.74,871.198,1071.67
1118678400,1660.83,870.751,1073.5
1118680200,1659.89,870.329,1076.42
1118682000,1658.68,869.815,1084
1118683800,1656.57,869.233,1089.25
1118685600,1653.84,868.847,1088
1118687400,1650.34,868.557,1083
1118689200,1646.83,868.355,1080.08
1118691000,1644.12,868.263,1083.42
1118692800,1641.96,868.178,1086.08
1118694600,1639.81,868.153,1079.5
1118696400,1637.34,868.188,1071.33
1118698200,1635.87,868.347,1072.75
1118700000,1636.31,868.43,1076.92
1118701800,1637.35,868.223,1077.5
1118703600,1638.37,867.923,1078.08
1119398400,1611.69,865.615,1052
1119400200,1611.52,865.716,1047.33
1119402000,1611.97,865.783,1047.92
1119403800,1612.64,865.831,1051.92
1119405600,1613.12,865.945,1057.17
1119407400,1613.02,866.124,1057.75
1119409200,1612.79,866.272,1059.83
1119411000,1613.42,866.418,1063.75
1119412800,1613.67,866.434,1065.17
1119414600,1612.83,866.344,1069.92
1119416400,1612.65,866.247,1073.67
1119418200,1612.35,866.144,1070.67
1119420000,1611.72,866.045,1069.58
1119421800,1611.41,865.816,1074.58
1119423600,1610.31,865.558,1075.5
1119425400,1609.37,865.432,1076.17
1119427200,1610.16,865.387,1078.92
1119429000,1610.27,865.33,1077.83
1119430800,1609.96,865.371,1074
1119432600,1611.07,865.531,1073.17
1119434400,1612.32,865.68,1073.58
1119436200,1613.27,865.893,1074.92
1119438000,1614.22,866.136,1068.75
1119439800,1616.84,866.319,1051.5
1119441600,1620.56,866.351,1037.92
1119443400,1625.35,866.3,1031.67
1119445200,1629.44,866.25,1024.92
1119447000,1631.97,866.19,1016.33
1119448800,1634.54,866.046,1006.5
1119450600,1636.04,865.776,1006.75
1119452400,1636,865.43,1016.17
1119454200,1634.3,864.96,1024.25
1119456000,1632.7,864.374,1031.08
1119457800,1632.04,863.773,1036.5
1119459600,1630.21,863.239,1038.75
1119461400,1627.98,862.933,1042.5
1119463200,1626.08,862.781,1047.5
1119465000,1623.87,862.588,1048.58
1119466800,1621.64,862.494,1050.83
1119468600,1618.43,862.53,1069.83
1119470400,1614.67,862.62,1083.92
1119472200,1611.11,862.772,1076.5
1119474000,1607.94,863.046,1072.17
1119475800,1606.2,863.382,1068.67
1119477600,1606.45,863.622,1069.92
1119479400,1608.2,863.817,1078.42
1119481200,1610.77,863.985,1081.25
1117756800,1635.22,862.018,1036
1117758600,1635.71,862.14,1035
1117760400,1637.55,862.189,1038.75
1117762200,1639.04,862,1040.92
1117764000,1639.7,861.662,1045.08
1117765800,1640.66,861.435,1054.67
1117767600,1640.55,861.28,1062.25
1117769400,1638.74,860.933,1061.83
1117771200,1636.53,860.495,1062.42
1117773000,1635.41,860.275,1061.92
1117774800,1634.58,860,1056
1117776600,1634.21,859.75,1059.17
1117778400,1634.76,859.625,1067.08
1117780200,1634.79,859.378,1068.08
1117782000,1635.26,859.262,1066.17
1117783800,1636.02,859.285,1065.33
1117785600,1636.2,859.216,1065.5
1117787400,1636.16,859.091,1063.33
1117789200,1636.28,858.986,1063.67
1117791000,1635.6,858.872,1064.75
1117792800,1635.09,858.951,1064.83
1117794600,1635.36,859.053,1061.25
1117796400,1637.34,859.071,1059.75
1117798200,1642.11,859.166,1066.58
1117800000,1645.4,859.244,1064.92
1117801800,1648.21,859.326,1056.83
1117803600,1649.91,859.468,1054
1117805400,1650.86,859.531,1048.83
1117807200,1653.22,859.507,1048.08
1117809000,1655.13,859.364,1049.92
1117810800,1655.63,858.907,1050.08
1117812600,1654.55,858.358,1055.33
1117814400,1654.01,857.971,1060.42
1117816200,1652.94,857.563,1063.25
1117818000,1651.06,857.094,1063.83
1117819800,1648.01,856.677,1065
1117821600,1644.38,856.549,1070.5
1117823400,1641.06,856.626,1074.25
1117825200,1637.5,856.595,1072.42
1117827000,1634.42,856.605,1069.42
1117828800,1631.25,856.732,1071.17
1117830600,1630.41,857.361,1068.33
1117832400,1630.16,857.956,1063.17
1117834200,1628.98,858.181,1061.92
1117836000,1629.16,858.436,1063.17
1117837800,1629.62,858.598,1063.33
1117839600,1630.42,858.776,1069
1117584000,1638.18,856.377,1046
1117585800,1637.97,856.659,1042.83
1117587600,1636.88,856.716,1044.25
1117589400,1636.01,856.683,1046.67
1117591200,1636.52,856.755,1052.75
1117593000,1636.59,856.732,1052.25
1117594800,1500.09,856.562,1051.17
1117596600,1499.39,856.208,1054
1117598400,1635.96,855.933,1055.33
1117600200,1636.88,855.728,1062.42
1117602000,1636.48,855.333,1066.5
1117603800,1636.21,855.034,1066.08
1117605600,1635.86,854.788,1067.92
1117607400,1635.21,854.528,1069.08
1117609200,1636.08,854.535,1072.58
1117611000,1636.28,854.463,1073.42
1117612800,1636.02,854.265,1071.25
1117614600,1636.63,854.138,1070.5
1117616400,1637.2,854.129,1071.5
1117618200,1638.33,854.33,1070.92
1117620000,1640.42,854.761,1071.08
1117621800,1642.58,855.155,1071.17
1117623600,1645.4,855.407,1069.75
1117625400,1649.43,855.66,1068.92
1117627200,1654.59,855.888,1066.5
1117629000,1659.03,856.182,1063.83
1117630800,1660.7,856.325,1058.75
1117632600,1661.48,856.384,1057.42
1117634400,1662.55,856.486,1060.67
1117636200,1663.2,856.526,1060.75
1117638000,1662.63,856.488,1058.92
1117639800,1661.15,856.324,1057.83
1117641600,1658.53,856.083,1060.17
1117643400,1655.24,855.922,1065.67
1117645200,1652.54,856.027,1069.25
1117647000,1649.96,856.151,1070.17
1117648800,1647.44,856.197,1072
1117650600,1645.39,856.26,1073.67
1117652400,1643.17,856.395,1074.5
1117654200,1641.59,856.683,1075.33
1117656000,1639.86,856.953,1072
1117657800,1637.77,857.239,1068.83
1117659600,1636.48,857.525,1065.25
1117661400,1635.62,857.722,1064.33
1117663200,1635.44,857.852,1067.33
1117665000,1636.14,858.061,1069.42
1117666800,1637.27,858.463,1070.33
1117152000,1636.09,861.307,1040.42
1117153800,1636,861.392,1043
1117155600,1638.84,861.585,1048
1117157400,1641.1,861.848,1049.17
1117159200,1641.14,862.109,1054.5
1117161000,1640.68,862.204,1056.08
1117162800,1503.53,862.307,1055.42
1117164600,1504.27,862.419,1059.17
1117166400,1641.58,862.482,1063.92
1117168200,1642.96,862.563,1066
1117170000,1643.96,862.551,1067.58
1117171800,1643.58,862.513,1071
1117173600,1644.02,862.537,1074.42
1117175400,1644.81,862.394,1076.08
1117177200,1645.3,862.131,1078.5
1117179000,1646.92,862.095,1079.75
1117180800,1648.39,862.165,1078
1117182600,1649.44,862.221,1072.42
1117184400,1650.65,862.358,1061.58
1117186200,1650.9,862.239,1048.5
1117188000,1648.93,861.89,1040
1117189800,1646.44,861.721,1040.83
1117191600,1645.58,861.695,1042.17
1117193400,1646.04,861.765,1044.42
1117195200,1647.85,861.85,1058.33
1117197000,1649.68,861.853,1069.83
1117198800,1651.09,861.818,1068.92
1117200600,1651.82,861.689,1064.83
1117202400,1651.79,861.571,1065.08
1117204200,1651.12,861.55,1068.42
1117206000,1512.88,861.398,1067.75
1117207800,1512.55,861.08,1068.5
1117209600,1648.78,860.658,1069.25
1117211400,1648.09,860.386,1067.33
1117213200,1647.31,860.274,1070.92
1117215000,1646.02,860.068,1077.92
1117216800,1645.29,859.924,1081.92
1117218600,1644.73,859.852,1080.58
1117220400,1644.53,859.741,1080.92
1117222200,1643.69,859.704,1083.33
1117224000,1641.21,859.648,1082.58
1117225800,1639.06,859.683,1079.67
1117227600,1637.19,859.821,1077.08
1117229400,1635.97,860.157,1077.42
1117231200,1636.77,860.66,1078.83
1117233000,1635.49,860.65,1077.08
1117234800,1635.07,860.733,1074.92
1117843200,1630.6,859.137,1044.58
1117845000,1630.68,859.378,1038
1117846800,1631.3,859.634,1040.17
1117848600,1631.95,859.859,1043.17
1117850400,1631.61,859.815,1046
1117852200,1630.46,859.591,1047.08
1117854000,1630.71,859.53,1049.58
1117855800,1631.32,859.602,1054.42
1117857600,1631.23,859.545,1056.83
1117859400,1631.47,859.428,1058.08
1117861200,1632.4,859.343,1061.08
1117863000,1633.41,859.191,1063.67
1117864800,1634.24,859.035,1066
1117866600,1635.38,858.988,1064.17
1117868400,1636.39,859.078,1062.83
1117870200,1636.07,858.954,1067
1117872000,1636.31,858.84,1068.17
1117873800,1637.34,858.865,1067.75
1117875600,1637.63,858.948,1068.92
1117877400,1637.89,859.152,1069.5
1117879200,1638.26,859.366,1069.92
1117881000,1638.34,859.49,1068.67
1117882800,1638.87,859.644,1065.75
1117884600,1642.42,859.904,1065.25
1117886400,1646.21,860.075,1063.75
1117888200,1646.49,860.166,1061.58
1117890000,1646.56,860.272,1060.17
1117891800,1647.27,860.429,1065.92
1117893600,1647.64,860.546,1071.75
1117895400,1648.85,860.5,1076.17
1117897200,1650.21,860.421,1079.42
1117899000,1649.81,860.154,1081.33
1117900800,1648.78,859.898,1081.5
1117902600,1647.6,859.623,1075.83
1117904400,1647.67,859.286,1076.08
1117906200,1647.92,859.157,1082.58
1117908000,1646.49,859.061,1085.67
1117909800,1645.5,859.085,1084
1117911600,1644.57,859.119,1083.92
1117913400,1643.55,859.205,1085.5
1117915200,1642.08,859.37,1082.92
1117917000,1640.99,859.685,1080.75
1117918800,1640.48,860.167,1082.17
1117920600,1639.67,860.628,1083
1117922400,1638.73,860.998,1082.25
1117924200,1638.15,861.347,1083.42
1117926000,1637.52,861.598,1084.92
1117670400,1638.14,859.126,1046.42
1117672200,1637.8,859.306,1037.08
1117674000,1637.65,859.444,1039.75
1117675800,1636.51,859.592,1042.33
1117677600,1636.23,859.749,1038.25
1117679400,1637.69,860.112,1040.08
1117681200,1639.05,860.56,1045
1117683000,1640.27,860.796,1048.83
1117684800,1642.4,860.865,1048.83
1117686600,1643.58,860.959,1050.33
1117688400,1644.56,861.102,1054.58
1117690200,1644.36,861.122,1057.58
1117692000,1644.46,861.078,1055.92
1117693800,1645.17,861.104,1053.92
1117695600,1643.98,861.221,1058.42
1117697400,1644.68,861.538,1060.67
1117699200,1643.7,861.638,1064.83
1117701000,1643.44,861.523,1068.5
1117702800,1646.04,861.503,1068.08
1117704600,1649.64,861.638,1064.58
1117706400,1652.07,861.945,1064.92
1117708200,1651.45,862.195,1070.08
1117710000,1650.81,862.433,1069.33
1117711800,1650.87,862.68,1066.75
1117713600,1651.88,862.853,1061.42
1117715400,1652.97,863.043,1056.25
1117717200,1654.95,863.262,1052
1117719000,1657.49,863.425,1049.83
1117720800,1660.38,863.46,1050.17
1117722600,1661.54,863.255,1050.83
1117724400,1660.94,862.909,1052.25
1117726200,1660.07,862.465,1055.33
1117728000,1657.9,861.901,1057.75
1117729800,1655.92,861.403,1056.33
1117731600,1654.14,861.033,1060.25
1117733400,1652.08,860.76,1064.33
1117735200,1649.57,860.519,1064.5
1117737000,1646.4,860.207,1066.83
1117738800,1643.88,860.032,1071.17
1117740600,1642.1,860.133,1073.33
1117742400,1640.43,860.281,1070.83
1117744200,1637.99,860.42,1068.67
1117746000,1635.48,860.55,1068.42
1117747800,1634.44,860.799,1067.5
1117749600,1634.42,861.171,1066.25
1117751400,1634.58,861.457,1064.75
1117753200,1634.6,861.704,1068.33
1119484800,1614.7,864.091,1048
1119486600,1615.39,864.207,1043.75
1119488400,1616.08,864.167,1055.08
1119490200,1616.44,864.033,1057.83
1119492000,1616.6,863.95,1056.67
1119493800,1616.82,863.978,1058.25
1119495600,1618.05,864.013,1061.25
1119497400,1618.66,863.946,1063.42
1119499200,1618.02,863.793,1068.58
1119501000,1617.9,863.615,1070.42
1119502800,1618.24,863.466,1069.75
1119504600,1619.08,863.315,1069.58
1119506400,1619.9,863.065,1074.25
1119508200,1620.86,862.84,1080.58
1119510000,1622.21,862.703,1084.92
1119511800,1623.7,862.606,1086.25
1119513600,1625.81,862.488,1085.42
1119515400,1626.43,862.263,1092.42
1119517200,1626.6,862.058,1095.5
1119519000,1628.67,862.187,1092.83
1119520800,1629.85,862.472,1094.17
1119522600,1627.87,862.609,1091.08
1119524400,1628,862.804,1089
1119526200,1632.14,863.02,1091
1119528000,1636.31,863.141,1089.33
1119529800,1641.06,863.232,1083.5
1119531600,1645.16,863.242,1072.33
1119533400,1647.74,863.141,1061.17
1119535200,1649.66,863.047,1059.42
1119537000,1650.58,862.807,1060.25
1119538800,1651.45,862.395,1062.67
1119540600,1651.72,861.908,1064.17
1119542400,1650.86,861.353,1063.25
1119544200,1649.09,860.826,1067.42
1119546000,1646.15,860.397,1070.67
1119547800,1642.06,860.116,1075.25
1119549600,1637.37,859.966,1086.92
1119551400,1632.91,859.911,1093.58
1119553200,1628.55,859.941,1091.75
1119555000,1625.05,860.002,1087.92
1119556800,1622.78,860.139,1081.42
1119558600,1619.8,860.271,1073.5
1119560400,1616.3,860.409,1066.33
1119562200,1614.37,860.623,1063.58
1119564000,1614.88,860.939,1067.83
1119565800,1616.23,861.297,1074.83
1119567600,1617.76,861.527,1080.08
1118016000,1642.42,862.003,1036.92
1118017800,1642.01,862.189,1034.83
1118019600,1642.26,862.336,1038.42
1118021400,1643.06,862.405,1042.75
1118023200,1643.87,862.49,1043.5
1118025000,1645.18,862.694,1041.58
1118026800,1646.78,862.992,1044.33
1118028600,1648.16,863.305,1048
1118030400,1649.55,863.539,1051.58
1118032200,1651.14,863.651,1054.67
1118034000,1652.08,863.682,1053.75
1118035800,1652.4,863.75,1051.42
1118037600,1653.5,864.05,1051.33
1118039400,1653.82,864.27,1051.25
1118041200,1653.64,864.336,1053.67
1118043000,1654.54,864.406,1057.08
1118044800,1656.03,864.597,1054.67
1118046600,1656.66,864.821,1053.67
1118048400,1656.02,864.907,1055.83
1118050200,1656.57,865.19,1054.83
1118052000,1656.95,865.626,1056.08
1118053800,1656.26,866.078,1060.17
1118055600,1658.34,866.618,1062.33
1118057400,1661.76,867.017,1062.25
1118059200,1664.29,867.22,1054.92
1118061000,1666.45,867.425,1043.83
1118062800,1529.01,867.599,1031.08
1118064600,1531.84,867.817,1026.17
1118066400,1671.16,867.923,1022.92
1118068200,1669.14,867.823,1031.75
1118070000,1668.91,867.746,1046.42
1118071800,1668.61,867.604,1041.75
1118073600,1667.89,867.287,1043.33
1118075400,1666.92,866.936,1047.42
1118077200,1665.64,866.663,1049.92
1118079000,1663.91,866.404,1056.33
1118080800,1661.75,866.113,1059.42
1118082600,1658.5,865.818,1059
1118084400,1654.66,865.534,1057.58
1118086200,1651.39,865.404,1056.42
1118088000,1648.11,865.391,1055.25
1118089800,1645.13,865.382,1048.58
1118091600,1641.8,865.308,1038.92
1118093400,1639.75,865.237,1033.58
1118095200,1640.29,865.263,1037.92
1118097000,1642,865.323,1042.25
1118098800,1643.41,865.393,1044.33
1118102400,1647.41,865.564,1024.75
1118104200,1648.72,865.648,1025.67
1118106000,1650.37,865.776,1028.92
1118107800,1650.97,865.78,1028.58
1118109600,1651.01,865.67,1036.5
1118111400,1651.24,865.574,1043.33
1118113200,1651.27,865.399,1043.42
1118115000,1651.96,865.15,1044.67
1118116800,1652.94,864.925,1044.42
1118118600,1653.85,864.729,1045.33
1118120400,1654.07,864.429,1049.83
1118122200,1654.53,864.157,1049.25
1118124000,1655.96,863.956,1044.25
1118125800,1656.91,863.634,1046.5
1118127600,1658.16,863.364,1052.67
1118129400,1658.77,863.068,1056.5
1118131200,1658.22,862.743,1059.17
1118133000,1658.29,862.508,1059.08
1118134800,1657.75,862.343,1058.5
1118136600,1657.05,862.34,1060.83
1118138400,1656.57,862.38,1063.08
1118140200,1656.7,862.33,1063.67
1118142000,1657.85,862.243,1065.67
1118143800,1658.93,862.208,1063.17
1118145600,1660.52,862.185,1059.33
1118147400,1662.53,862.092,1054.92
1118149200,1665.39,862.035,1042.58
1118151000,1668.52,862.005,1037.25
1118152800,1669.47,861.885,1032.92
1118154600,1669.5,861.711,1031.58
1118156400,1669.4,861.396,1041.58
1118158200,1668.55,860.878,1039.5
1118160000,1667.48,860.321,1035.42
1118161800,1666.25,859.766,1039.08
1118163600,1664.94,859.236,1044.17
1118165400,1662.72,858.803,1048.5
1118167200,1659.21,858.43,1050.25
1118169000,1655.36,858.147,1054.5
1118170800,1652.16,857.987,1056
1118172600,1649.92,857.997,1052.92
1118174400,1647.54,858.155,1048
1118176200,1644.38,858.337,1044
1118178000,1640.95,858.505,1034.42
1118179800,1639.4,858.638,1035.08
1118181600,1639.57,858.762,1042
1118183400,1639.73,858.937,1042
1118185200,1641.02,859.209,1047.83
1118793600,1646.21,857.539,1072.08
1118795400,1647.7,857.551,1072.17
1118797200,1648.6,857.504,1071.83
1118799000,1649.93,857.616,1071.42
1118800800,1650.04,857.964,1073.83
1118802600,1650.99,858.323,1073.33
1118804400,1514.32,858.404,1077.5
1118806200,1513.56,858.303,1083.25
1118808000,1649.04,858.118,1083.5
1118809800,1647.61,857.923,1081.92
1118811600,1647.75,857.801,1081
1118813400,1647.49,857.65,1086
1118815200,1646.52,857.564,1092.5
1118817000,1645.73,857.582,1090
1118818800,1644.43,857.564,1090.58
1118820600,1641.98,857.408,1095.25
1118822400,1640.72,857.308,1093.83
1118824200,1640.97,857.417,1091.42
1118826000,1642.39,857.818,1093.5
1118827800,1644.64,858.583,1093.17
1118829600,1646.02,859.478,1090.75
1118831400,1644.76,859.948,1094.67
1118833200,1642.99,860.191,1094.83
1118835000,1644.28,860.689,1093.33
1118836800,1645.18,861.113,1096.33
1118838600,1647.39,861.935,1093.67
1118840400,1652.3,863.053,1087.75
1118842200,1653.87,863.592,1085.42
1118844000,1653.09,863.852,1084
1118845800,1653.89,864.182,1080.17
1118847600,1516.23,864.331,1074.33
1118849400,1514.86,864.272,1075.83
1118851200,1652.12,864.201,1085.58
1118853000,1651.76,864.066,1087.67
1118854800,1651.37,863.857,1090.42
1118856600,1651.6,863.697,1097
1118858400,1651.06,863.481,1092.17
1118860200,1649.63,863.234,1087.58
1118862000,1648.3,863.13,1091.75
1118863800,1646.24,863.106,1094.33
1118865600,1643.69,863.086,1096.58
1118867400,1640.63,863.238,1092.92
1118869200,1637.43,863.753,1082.75
1118871000,1635.68,864.136,1078.25
1118872800,1636.08,864.336,1081
1118874600,1637.07,864.483,1082.5
1118876400,1637.84,864.477,1089
1119225600,1587.83,860.179,1054.67
1119227400,1587.59,860.402,1051.17
1119229200,1588.35,860.515,1057.5
1119231000,1588.72,860.406,1066.17
1119232800,1589.13,860.265,1072.33
1119234600,1589.94,860.211,1073.25
1119236400,1590.61,860.292,1075.75
1119238200,1591.44,860.329,1078.58
1119240000,1592.12,860.198,1079.5
1119241800,1592.06,860.042,1081.67
1119243600,1592.27,859.897,1081.67
1119245400,1593.24,859.726,1080.58
1119247200,1594.17,859.548,1081.42
1119249000,1596.06,859.477,1085.25
1119250800,1598.57,859.592,1086.67
1119252600,1599.8,859.567,1088.33
1119254400,1600.73,859.482,1090.58
1119256200,1601.17,859.563,1090.25
1119258000,1601.01,859.726,1092.42
1119259800,1601.81,860.029,1096.42
1119261600,1602.06,860.34,1098
1119263400,1601.8,860.786,1095.83
1119265200,1602.23,861.406,1095.58
1119267000,1603.26,861.909,1096
1119268800,1605.51,862.291,1094.17
1119270600,1607.28,862.669,1085.67
1119272400,1609.23,863.021,1075.75
1119274200,1612.38,863.326,1063.33
1119276000,1615.13,863.45,1056
1119277800,1616.6,863.539,1052.92
1119279600,1617.18,863.707,1057.92
1119281400,1617.08,863.601,1066.67
1119283200,1617.08,863.398,1066
1119285000,1616.38,863.245,1068.83
1119286800,1614.39,863.09,1078.08
1119288600,1612.36,862.965,1080.67
1119290400,1610.76,862.91,1082.42
1119292200,1609.3,862.889,1086.17
1119294000,1606.76,862.894,1087.5
1119295800,1604.57,863.058,1087
1119297600,1602.73,863.376,1085.42
1119299400,1599.82,863.833,1079.08
1119301200,1596.3,864.259,1068.67
1119303000,1594.66,864.668,1069.42
1119304800,1595.35,865.153,1074.5
1119306600,1596.11,865.576,1076.75
1119308400,1596.62,865.976,1077.5
1119571200,1623.4,861.707,1029.67
1119573000,1623.81,861.67,1024.25
1119574800,1624.55,861.636,1033
1119576600,1625.6,861.582,1043.17
1119578400,1625.53,861.517,1048.42
1119580200,1625.92,861.582,1054.42
1119582000,1491.52,861.705,1058.08
1119583800,1493.21,861.714,1058.75
1119585600,1630.6,861.739,1061.5
1119587400,1630.73,861.758,1067.67
1119589200,1630.96,861.684,1073.17
1119591000,1632.02,861.707,1077.17
1119592800,1632.68,861.672,1078.08
1119594600,1633.44,861.452,1077.83
1119596400,1634.28,861.218,1078.58
1119598200,1636.51,860.985,1076.92
1119600000,1637.75,860.907,1075.92
1119601800,1637.62,861.012,1078.25
1119603600,1638.11,861.018,1081.25
1119605400,1638.29,861.112,1082.17
1119607200,1638.91,861.401,1086.17
1119609000,1639.1,861.581,1090.25
1119610800,1639.47,861.66,1094.67
1119612600,1641.91,861.628,1096.58
1119614400,1645.03,861.542,1090.17
1119616200,1647.69,861.664,1081.67
1119618000,1649.37,861.847,1075.67
1119619800,1649.92,861.809,1073.75
1119621600,1650.08,861.763,1077.33
1119623400,1651.61,861.861,1076.75
1119625200,1652.62,861.845,1071.17
1119627000,1651.72,861.546,1070.42
1119628800,1651.99,861.118,1067.17
1119630600,1652.38,860.685,1065.42
1119632400,1651.71,860.323,1063
1119634200,1649.33,860.022,1061.08
1119636000,1646.01,859.769,1072.08
1119637800,1643.35,859.675,1083.58
1119639600,1640.73,859.688,1088.08
1119641400,1637.88,859.771,1089.75
1119643200,1634.53,859.901,1087.25
1119645000,1631.01,860.1,1078.5
1119646800,1628.52,860.356,1069
1119648600,1627.81,860.666,1068.33
1119650400,1628.51,860.997,1071.42
1119652200,1630.33,861.367,1076.83
1119654000,1633.09,861.808,1084.17
1117238400,1635.79,860.818,1025.25
1117240200,1635.69,860.698,1024.33
1117242000,1636.47,860.729,1029.17
1117243800,1636.5,860.654,1033.42
1117245600,1635.97,860.39,1036.5
1117247400,1636.52,860.32,1040.83
1117249200,1636.74,860.282,1045.67
1117251000,1637.03,860.232,1047.67
1117252800,1636.93,860.233,1047.5
1117254600,1636.46,860.126,1045.67
1117256400,1636.67,860.041,1045.92
1117258200,1636.87,859.99,1045.83
1117260000,1636.72,859.792,1045.25
1117261800,1637.03,859.618,1047.42
1117263600,1637.19,859.472,1048.75
1117265400,1636.65,859.265,1047.83
1117267200,1635.8,859.061,1045.5
1117269000,1635.86,858.89,1049.33
1117270800,1637.18,858.839,1053.25
1117272600,1637.81,858.746,1051.33
1117274400,1637.73,858.643,1051.5
1117276200,1639.1,858.757,1055.25
1117278000,1641.06,859.014,1058.5
1117279800,1643.53,859.156,1057.58
1117281600,1646.52,859.154,1055.92
1117283400,1648.03,859.149,1050.5
1117285200,1649.78,859.165,1040.25
1117287000,1652.73,859.173,1033.58
1117288800,1655.28,858.973,1026.5
1117290600,1656.21,858.587,1020.67
1117292400,1655.67,858.195,1027.17
1117294200,1653.74,857.813,1032.92
1117296000,1651.9,857.457,1034.08
1117297800,1650.49,857.06,1037.33
1117299600,1647.73,856.597,1043.17
1117301400,1644.53,856.225,1046.58
1117303200,1642.11,856.054,1046.42
1117305000,1640.96,856.194,1043.33
1117306800,1639.49,856.457,1038.25
1117308600,1636.58,856.577,1034.83
1117310400,1632.19,856.348,1024.75
1117312200,1628.83,856.082,1018.17
1117314000,1628.59,856.385,973.667
1117315800,1626.98,856.838,767.583
1117317600,1624.37,856.843,617.083
1117319400,1624.41,856.986,591.333
1117321200,1626.05,857.459,547.833
1117324800,1626.3,857.43,515.75
1117326600,1626.46,857.33,542.167
1117328400,1630.69,857.121,730.333
1117330200,1635.27,857.061,886.417
1117332000,1637.63,857.346,891.417
1117333800,1639.35,857.519,893.583
1117335600,1640.65,857.662,890.25
1117337400,1639.66,857.777,884.417
1117339200,1637.38,857.933,887.917
1117341000,1637.54,858.36,896.667
1117342800,1637.76,858.861,901.5
1117344600,1637.36,859.264,899.667
1117346400,1637.09,859.518,896.25
1117348200,1635.73,859.625,897.833
1117350000,1634.17,859.691,902.75
1117351800,1634.36,859.784,902.833
1117353600,1634.58,859.763,902.167
1117355400,1635.71,859.804,904.583
1117357200,1637.43,860.048,906.583
1117359000,1638.75,860.398,906.917
1117360800,1638.59,860.624,906.083
1117362600,1637.87,860.752,905.583
1117364400,1638.48,860.978,941.083
1117366200,1642.35,861.357,1002.67
1117368000,1648.71,861.755,1026.08
1117369800,1653.43,862.091,1017.67
1117371600,1656.6,862.328,1011.08
1117373400,1659.09,862.33,1013
1117375200,1660.7,862.135,1013.92
1117377000,1661.57,861.833,1009.58
1117378800,1662.18,861.571,1008.92
1117380600,1662.34,861.308,1015.67
1117382400,1661.34,860.99,1019
1117384200,1659.45,860.583,1022.25
1117386000,1656.52,860.127,1031.25
1117387800,1652.41,859.729,1032.67
1117389600,1648.47,859.388,1037.33
1117391400,1646.34,859.222,1042.67
1117393200,1644.68,859.247,1040.75
1117395000,1642.28,859.487,1038.08
1117396800,1639.37,859.814,1034.08
1117398600,1636.17,860.164,1031.5
1117400400,1634.51,860.503,1030.83
1117402200,1633.76,860.532,1033.5
1117404000,1634.29,860.691,1037.75
1117405800,1635.13,861.036,1039.25
1117407600,1634.98,861.198,1037.92
1119312000,1598.98,866.578,1050.58
1119313800,1598.89,866.774,1049.83
1119315600,1598.94,866.976,1057.25
1119317400,1599.69,867.231,1059.75
1119319200,1600.23,867.501,1061.5
1119321000,1600.45,867.662,1064
1119322800,1601.95,867.751,1064.75
1119324600,1602.49,867.818,1067.83
1119326400,1602.01,867.826,1071.67
1119328200,1602.55,867.786,1073.67
1119330000,1605.5,867.668,1074.42
1119331800,1607.05,867.524,1074.5
1119333600,1607.04,867.425,1080.5
1119335400,1608.07,867.341,1083.42
1119337200,1608.64,867.218,1086.83
1119339000,1609.08,867.044,1091.33
1119340800,1610.3,866.922,1088.33
1119342600,1611.04,866.851,1084.67
1119344400,1611.74,866.842,1087.17
1119346200,1613.56,866.935,1089.08
1119348000,1614.55,866.996,1087.25
1119349800,1614.78,867.065,1083.17
1119351600,1614.88,867.146,1083.83
1119353400,1616.47,867.191,1086.58
1119355200,1619.74,867.176,1087.42
1119357000,1623.67,867.147,1084.75
1119358800,1626.57,867.158,1075.75
1119360600,1628.53,867.16,1067.33
1119362400,1630.08,867.07,1057.33
1119364200,1631.39,866.905,1054.33
1119366000,1631.51,866.634,1059.25
1119367800,1630.86,866.215,1061.75
1119369600,1630.62,865.723,1064.67
1119371400,1629.55,865.176,1073.17
1119373200,1627.87,864.758,1081.5
1119375000,1624.85,864.434,1084.5
1119376800,1621.59,864.137,1083.42
1119378600,1618.53,864.006,1084.67
1119380400,1614.62,863.935,1089.67
1119382200,1611.76,863.906,1092.25
1119384000,1609.58,863.972,1089.5
1119385800,1606.63,864.065,1081.42
1119387600,1603.76,864.241,1075.83
1119389400,1602.16,864.423,1074.92
1119391200,1601.84,864.563,1069.75
1119393000,1602.99,864.783,1068.17
1119394800,1605.4,865.093,1076.92
1117929600,1638.47,862.106,1053.17
1117931400,1637.76,862.22,1053.58
1117933200,1637.06,862.218,1056.92
1117935000,1636.54,862.253,1061.5
1117936800,1636.18,862.325,1063.67
1117938600,1636.35,862.497,1060.25
1117940400,1636.49,862.597,1058.08
1117942200,1636.89,862.649,1055.67
1117944000,1636.79,862.63,1058.75
1117945800,1636.28,862.398,1064.42
1117947600,1636.51,862.155,1064
1117949400,1637.37,862.116,1065.67
1117951200,1638.13,862.134,1065
1117953000,1639.36,862.208,1064.25
1117954800,1640.4,862.31,1065.42
1117956600,1641.18,862.287,1068.25
1117958400,1641.84,862.141,1069.17
1117960200,1642.36,861.958,1070.25
1117962000,1642.64,861.807,1074.33
1117963800,1642.51,861.739,1074
1117965600,1642.67,861.767,1072.25
1117967400,1642.84,861.84,1071.58
1117969200,1644.16,861.916,1073.5
1117971000,1646.98,862.085,1071.83
1117972800,1648.99,862.23,1071
1117974600,1649.18,862.325,1069.58
1117976400,1649.32,862.44,1067.08
1117978200,1650.25,862.511,1065.08
1117980000,1651.51,862.577,1062.42
1117981800,1652.59,862.453,1062.42
1117983600,1653.38,862.167,1062.67
1117985400,1654.28,861.88,1064.67
1117987200,1654.36,861.462,1066
1117989000,1654.13,860.96,1065.58
1117990800,1654.82,860.53,1062.92
1117992600,1655.2,860.166,1063.42
1117994400,1653.62,859.834,1066.58
1117996200,1649.99,859.453,1069.92
1117998000,1647.33,859.317,1074.5
1117999800,1645.62,859.445,1077
1118001600,1643.67,859.643,1075.58
1118003400,1641.8,859.896,1067.92
1118005200,1638.39,859.925,1061.67
1118007000,1636.89,860.082,1069.42
1118008800,1638.53,860.513,1080.25
1118010600,1640.08,860.869,1080.33
1118012400,1640.59,861.221,1081.75
1119657600,1637.62,862.419,1050.08
1119659400,1638.31,862.565,1052.83
1119661200,1638.79,862.694,1057.83
1119663000,1638.6,862.77,1062.5
1119664800,1637.98,862.834,1064.25
1119666600,1637.16,862.866,1060.67
1119668400,1636.98,863.002,1062.5
1119670200,1636.77,863.172,1064.67
1119672000,1636.65,863.231,1064.42
1119673800,1637.49,863.251,1064.83
1119675600,1638.38,863.199,1063.92
1119677400,1638.77,863.078,1064.83
1119679200,1639.59,862.929,1065.83
1119681000,1640.07,862.671,1071.17
1119682800,1640.27,862.505,1075.67
1119684600,1641.33,862.541,1076.58
1119686400,1642.73,862.527,1077
1119688200,1643.85,862.451,1078
1119690000,1645.55,862.517,1080.5
1119691800,1646.09,862.688,1081.92
1119693600,1646.44,862.929,1083.42
1119695400,1648.15,863.302,1084.08
1119697200,1648.83,863.54,1081.58
1119699000,1649.95,863.725,1081.58
1119700800,1651.57,863.952,1083.33
1119702600,1652.52,864.08,1081.33
1119704400,1653.7,864.104,1078.83
1119706200,1655.51,864.151,1076.83
1119708000,1657.23,864.072,1076.92
1119709800,1658.13,863.723,1074.92
1119711600,1659.01,863.408,1071.42
1119713400,1659.95,863.112,1067.83
1119715200,1660.19,862.664,1065.58
1119717000,1660.17,862.196,1071.25
1119718800,1658.61,861.861,1080.17
1119720600,1654.66,861.58,1085.42
1119722400,1650.15,861.369,1089.5
1119724200,1646.32,861.248,1092.58
1119726000,1643.14,861.167,1093.17
1119727800,1640.4,861.207,1086.17
1119729600,1638.21,861.373,1079.83
1119731400,1636.63,861.65,1079.5
1119733200,1635.21,861.988,1076.25
1119735000,1634.65,862.403,1072.67
1119736800,1634.85,862.826,1075.25
1119738600,1635.21,863.157,1080.67
1119740400,1635.79,863.401,1080.67
1120521600,1649.07,859.475,1083.42
1120523400,1649.79,859.747,1078.25
1120525200,1650.82,860.024,1083.5
1120527000,1651.32,860.087,1085.33
1120528800,1650.28,859.955,1084.92
1120530600,1650.23,860.277,1089.08
1120532400,1649.73,860.79,1092.83
1120534200,1648.21,861.174,1097
1120536000,1648.04,861.372,1102.33
1120537800,1648.38,861.343,1098.17
1120539600,1647.48,861.31,1091.08
1120541400,1646.68,861.227,1090
1120543200,1646.69,861.156,1093.33
1120545000,1646.72,861.069,1096.5
1120546800,1647.3,861.135,1095.92
1120548600,1647.66,861.28,1098.83
1120550400,1648.25,861.474,1101.75
1120552200,1649.66,861.866,1102.58
1120554000,1650.34,862.075,1104
1120555800,1650.81,862.257,1104.83
1120557600,1651.62,862.643,1104.75
1120559400,1651.9,863.019,1094.92
1120561200,1653.11,863.129,1094.67
1120563000,1654.92,863.115,1106.25
1120564800,1656.35,863.319,1108.25
1120566600,1657.2,863.532,1103.67
1120568400,1658.31,863.684,1098.67
1120570200,1660.45,863.952,1095.17
1120572000,1661.32,864.188,1092.75
1120573800,1660.43,864.152,1097.83
1120575600,1660.87,863.872,1100.83
1120577400,1662.52,863.413,1099.75
1120579200,1663.53,862.878,1099.5
1120581000,1663.17,862.497,1100.67
1120582800,1661.23,861.978,1104.83
1120584600,1659.73,861.358,1111.25
1120586400,1658.45,860.971,1110.5
1120588200,1655.92,860.654,1103.75
1120590000,1652.65,860.363,1106
1120591800,1649.97,860.216,1110.5
1120593600,1648.46,860.332,1108.17
1120595400,1647.98,860.623,1106.5
1120597200,1647.03,860.731,1112.42
1120599000,1646.87,860.926,1113.92
1120600800,1647.33,861.311,1111.17
1120602600,1647.06,861.505,1108.58
1120604400,1647.09,861.434,1107.5
1121731200,1638.94,866.715,1043.58
1121733000,1639.32,866.777,1044
1121734800,1640.36,866.82,1050.17
1121736600,1640.74,866.865,1055.58
1121738400,1641.18,866.91,1054.42
1121740200,1641,866.93,1054.83
1121742000,1503.57,867.011,1055.92
1121743800,1503.65,867.106,1058.08
1121745600,1640.74,867.15,1059.08
1121747400,1641,867.135,1062.17
1121749200,1640.75,866.99,1067.67
1121751000,1640.83,866.762,1070.92
1121752800,1640.99,866.517,1075.67
1121754600,1641.29,866.335,1080.92
1121756400,1641.93,866.205,1083.83
1121758200,1642.32,866.072,1082
1121760000,1642.92,865.97,1081
1121761800,1643.65,865.823,1085.25
1121763600,1645.24,865.76,1087.83
1121765400,1646.25,865.793,1085.58
1121767200,1644.89,865.845,1088.83
1121769000,1644.21,865.924,1089.83
1121770800,1645.47,865.991,1087.5
1121772600,1648.4,866.022,1088.5
1121774400,1652,866.08,1081.67
1121776200,1653.99,866.168,1073.75
1121778000,1656,866.177,1070.58
1121779800,1658.57,866.148,1069.17
1121781600,1659.56,866.053,1069
1121783400,1658.83,865.865,1073.83
1121785200,1520.74,865.675,1074.08
1121787000,1522.5,865.294,1068.67
1121788800,1663.22,864.711,1067.5
1121790600,1663.94,864.15,1068.33
1121792400,1661.6,863.659,1068.92
1121794200,1659.49,863.281,1070.5
1121796000,1657.15,862.898,1078.83
1121797800,1654.04,862.496,1084.75
1121799600,1651.61,862.292,1086.5
1121801400,1648.7,862.268,1088.5
1121803200,1645.03,862.199,1088.17
1121805000,1641.72,862.249,1082.33
1121806800,1637.42,862.298,1069.75
1121808600,1633.58,862.367,1063.5
1121810400,1632.87,862.694,1067.75
1121812200,1633.15,862.958,1070.58
1121814000,1632.97,863.008,1072.67
1120435200,1640.97,858.842,1072.08
1120437000,1640.94,858.808,1074.25
1120438800,1640.93,858.49,1080.33
1120440600,1641.63,858.341,1085.17
1120442400,1643.56,858.549,1090.17
1120444200,1644.4,858.664,1088.92
1120446000,1644.2,858.652,1089.83
1120447800,1645.43,858.907,1096
1120449600,1646.43,858.948,1096.08
1120451400,1646.66,858.78,1094.17
1120453200,1645.93,858.484,1095.92
1120455000,1645.17,858.105,1097.58
1120456800,1645.94,857.841,1101.92
1120458600,1646.08,857.392,1105.5
1120460400,1645.52,856.885,1103.75
1120462200,1645.05,856.608,1104.42
1120464000,1645.65,856.465,1104.33
1120465800,1647.53,856.466,1103.42
1120467600,1648.59,856.41,1100.92
1120469400,1647.64,856.194,1100
1120471200,1646.05,856.107,1102.67
1120473000,1646.41,856.307,1107.25
1120474800,1648.02,856.754,1108.17
1120476600,1650.09,857.092,1104
1120478400,1653.27,857.235,1100.17
1120480200,1655.68,857.356,1091.42
1120482000,1657.75,857.611,1087.08
1120483800,1658.92,857.95,1093.25
1120485600,1658.99,858.133,1100.17
1120487400,1659.36,858.112,1101.33
1120489200,1659.79,858.011,1101.08
1120491000,1661.1,857.921,1100.5
1120492800,1662.71,857.798,1100.67
1120494600,1663.27,857.543,1100.83
1120496400,1662.81,857.296,1102.75
1120498200,1662.28,857.185,1103.83
1120500000,1660.95,857.333,1106.5
1120501800,1659.16,857.714,1110.92
1120503600,1656.8,857.943,1108.17
1120505400,1653.53,857.835,1103.92
1120507200,1650.78,857.736,1100.17
1120509000,1648.76,857.973,1098.92
1120510800,1646.61,858.211,1101.5
1120512600,1644.91,858.275,1104.83
1120514400,1644.26,858.333,1105.5
1120516200,1644.19,858.466,1103.58
1120518000,1646.11,858.769,1103.92
1122336000,1655.46,857.798,1031.25
1122337800,1656.72,858.218,1032.42
1122339600,1657.24,858.521,1038.42
1122341400,1657.18,858.866,1042.75
1122343200,1656.11,859.192,1047.25
1122345000,1654.75,859.397,1046.33
1122346800,1515.74,859.601,1042.83
1122348600,1376.83,859.714,1045
1122350400,1513.1,859.643,1050
1122352200,1649.13,859.611,1055.17
1122354000,1647.53,859.926,1060.25
1122355800,1646.36,860.282,1060.08
1122357600,1644.9,860.266,1052.42
1122359400,1644.09,860.191,1047.75
1122361200,1644.79,860.321,1051.5
1122363000,1645.4,860.189,1054.92
1122364800,1645.45,859.92,1054.33
1122366600,1645.11,859.879,1052
1122368400,1644.9,859.978,1057.17
1122370200,1644.61,860.213,1062.5
1122372000,1644.02,860.508,1061.58
1122373800,1644.1,860.909,1063
1122375600,1645.65,861.239,1063.58
1122377400,1511.45,861.35,1064.08
1122379200,1514.97,861.377,1057.33
1122381000,1655.35,861.485,1048.92
1122382800,1657.43,861.585,1039.67
1122384600,1658.38,861.653,1031.17
1122386400,1658.32,861.792,1034.92
1122388200,1657.19,861.754,1041.5
1122390000,1517.92,861.618,1041.58
1122391800,1516.84,861.454,1045.5
1122393600,1653.06,861.088,1054.17
1122395400,1650.54,860.64,1053.42
1122397200,1648.4,860.219,1051.33
1122399000,1646.46,859.835,1049.25
1122400800,1644.69,859.541,1051.08
1122402600,1642.7,859.433,1058.25
1122404400,1640.48,859.629,1058.42
1122406200,1638.67,859.879,1057.5
1122408000,1637.45,860.136,1056.25
1122409800,1636.67,860.577,1054.58
1122411600,1635.81,861.071,1055
1122413400,1634.47,861.222,1054.5
1122415200,1633.5,861.26,1054.58
1122417000,1634.08,861.631,1058.5
1122418800,1634.47,861.937,1062.83
1120608000,1648.56,861.375,1082.17
1120609800,1650,861.508,1076.42
1120611600,1650.54,861.585,1074.17
1120613400,1650.84,861.677,1076.67
1120615200,1652.21,861.84,1083.42
1120617000,1653.05,861.95,1087.42
1120618800,1514.75,861.783,1089.92
1120620600,1513.05,861.473,1091.83
1120622400,1649.67,861.274,1092.42
1120624200,1649.3,860.949,1091.58
1120626000,1649.33,860.547,1094.83
1120627800,1650.23,860.257,1095.75
1120629600,1650.76,860.005,1090.42
1120631400,1650.97,859.897,1090.08
1120633200,1651.77,859.819,1093.67
1120635000,1652.43,859.538,1093.67
1120636800,1653.15,859.202,1092.5
1120638600,1653.75,858.996,1097.33
1120640400,1653.93,858.763,1099.42
1120642200,1655.52,858.834,1098.33
1120644000,1657.28,858.912,1099.25
1120645800,1658.36,858.699,1098.75
1120647600,1660.06,858.528,1099
1120649400,1661.3,858.365,1101.33
1120651200,1661.26,858.241,1104
1120653000,1661.04,858.266,1101.83
1120654800,1661.47,858.44,1100.58
1120656600,1661.38,858.577,1104.17
1120658400,1660.31,858.658,1101.5
1120660200,1659.78,858.591,1100.92
1120662000,1660.47,858.28,1106.58
1120663800,1660.14,857.665,1106
1120665600,1659.1,856.917,1103
1120667400,1657.83,856.262,1102.67
1120669200,1655.76,855.823,1108.75
1120671000,1653.5,855.575,1114.08
1120672800,1651.85,855.439,1113
1120674600,1649.54,855.239,1113.67
1120676400,1646.58,855.068,1114.67
1120678200,1644.83,855.166,1114.17
1120680000,1643.12,855.174,1114.33
1120681800,1641.29,855.036,1117
1120683600,1640.14,854.924,1116
1120685400,1639.85,854.889,1115.42
1120687200,1639.83,854.93,1119.08
1120689000,1638.97,854.777,1119.92
1120690800,1638.59,854.637,1113.25
1121817600,1635.19,862.976,1034.42
1121819400,1636.04,863.052,1032.33
1121821200,1636.28,863.2,1037
1121823000,1636.85,863.3,1038.92
1121824800,1637.21,863.139,1043.58
1121826600,1638.05,862.976,1049.67
1121828400,1365.83,862.98,1048.75
1121830200,1366.27,863.072,1049
1121832000,1638.32,862.898,1051.58
1121833800,1637.16,862.545,1052
1121835600,1637.52,862.338,1054.42
1121837400,1638.18,862.111,1056.67
1121839200,1638.29,861.81,1057.5
1121841000,1638.73,861.573,1062.5
1121842800,1639.24,861.188,1062.67
1121844600,1638.65,860.619,1060.08
1121846400,1638.82,860.287,1063.75
1121848200,1638.91,860.063,1069.92
1121850000,1639.35,859.971,1074.17
1121851800,1640.62,859.999,1073
1121853600,1641.39,860.165,1069.75
1121855400,1641.98,860.474,1069.75
1121857200,1643.22,860.803,1072
1121859000,1645,860.947,1071.67
1121860800,1647.03,861.018,1070.25
1121862600,1649.85,861.129,1067.67
1121864400,1653.23,860.914,1058.83
1121866200,1657.66,860.7,1050
1121868000,1660.14,860.69,1048.42
1121869800,1661.8,860.761,1045.08
1121871600,1663.02,860.372,1045.25
1121873400,1661.72,859.745,1056.33
1121875200,1660.74,859.355,1060.58
1121877000,1659.61,858.893,1058.08
1121878800,1658.39,858.418,1062.83
1121880600,1657.19,858.08,1066.92
1121882400,1654.75,857.801,1066.17
1121884200,1652.02,857.585,1073.75
1121886000,1649.94,857.544,1081.08
1121887800,1646.79,857.485,1078.67
1121889600,1642.3,857.339,1074.5
1121891400,1637.51,857.318,1070.75
1121893200,1633.59,857.508,1068.67
1121895000,1631.31,857.757,1066.25
1121896800,1630.71,858,1066.08
1121898600,1630.96,858.21,1067.67
1121900400,1631.14,858.293,1071
1120694400,1639.4,854.119,1073.58
1120696200,1639.55,853.772,1078.25
1120698000,1640.25,853.444,1083
1120699800,1639.72,853.019,1086.25
1120701600,1638.52,852.644,1090.17
1120703400,1637.86,852.425,1093
1120705200,1637.44,852.218,1094.08
1120707000,1637.87,851.764,1096.92
1120708800,1638.12,851.162,1097.58
1120710600,1638.64,850.641,1095.92
1120712400,1638.72,849.979,1099.08
1120714200,1638.62,849.298,1104.08
1120716000,1640.15,849.005,1103.08
1120717800,1641.51,848.973,1102.5
1120719600,1641.36,849.094,1103.75
1120721400,1638.59,849.318,1100.5
1120723200,1637.11,849.543,1096.25
1120725000,1637.22,849.632,1096.75
1120726800,1637.22,850.025,1098.17
1120728600,1638.03,850.544,1100.75
1120730400,1638.45,850.736,1100.67
1120732200,1639.58,851.227,1095.58
1120734000,1640.75,851.734,1073.67
1120735800,1642.92,851.608,943.333
1120737600,1645.74,851.185,832.333
1120739400,1646.81,850.689,830.917
1120741200,1649.61,850.649,888.167
1120743000,1652.68,850.766,1000.67
1120744800,1653.93,850.451,1060.08
1120746600,1656.2,850.268,1068.17
1120748400,1658.29,850.451,1068.92
1120750200,1659.63,850.764,1065.5
1120752000,1659.2,850.651,1065.58
1120753800,1656.45,850.142,1073.5
1120755600,1655.73,850.103,1080.75
1120757400,1655.44,850.363,1083.42
1120759200,1653.05,850.331,1088.33
1120761000,1650.75,850.205,1094.33
1120762800,1647.99,850.17,1098.42
1120764600,1644.5,850.219,1095.58
1120766400,1642.86,850.547,1094
1120768200,1640.92,850.927,1094.92
1120770000,1637.8,851.132,1091.5
1120771800,1637.42,851.565,1090.58
1120773600,1638.59,852.172,1096.08
1120775400,1639.81,852.786,1095.75
1120777200,1640.85,853.251,1091.58
1119830400,1646.21,862.069,1093.92
1119832200,1646.27,862.126,1097
1119834000,1646.55,862.21,1098.17
1119835800,1646.76,862.212,1100.75
1119837600,1646.67,862.122,1107.42
1119839400,1646.81,862.134,1108.67
1119841200,1647.06,862.14,1110.42
1119843000,1646.61,861.988,1116.33
1119844800,1646.58,861.787,1118.08
1119846600,1646.97,861.634,1116.25
1119848400,1647.15,861.48,1115
1119850200,1646.46,861.188,1114.92
1119852000,1646.24,861.03,1116.83
1119853800,1646.9,861.001,1113.83
1119855600,1647.09,860.788,1105.83
1119857400,1647.51,860.65,1104.83
1119859200,1648.29,860.551,1108.33
1119861000,1648.46,860.369,1112.58
1119862800,1648.4,860.298,1111.58
1119864600,1648.31,860.326,1111
1119866400,1648.15,860.48,1113.75
1119868200,1648.75,860.725,1113.08
1119870000,1649.47,860.815,1114.5
1119871800,1650.4,860.887,1116.08
1119873600,1652.56,861.077,1116.5
1119875400,1655.28,861.205,1111.25
1119877200,1658.18,861.19,1105.33
1119879000,1661.09,861.13,1104.58
1119880800,1662.42,860.995,1101.58
1119882600,1663,860.75,1099.75
1119884400,1663.28,860.507,1099.25
1119886200,1662.11,860.232,1104.67
1119888000,1660.59,859.926,1110.92
1119889800,1658.97,859.69,1111.42
1119891600,1656.37,859.495,1112.75
1119893400,1653.24,859.372,1112.42
1119895200,1650.65,859.443,1113.83
1119897000,1648.79,859.588,1115.08
1119898800,1647.23,859.715,1112.83
1119900600,1645.09,859.83,1108.42
1119902400,1643.64,860.177,1107.08
1119904200,1643.08,860.756,1110.17
1119906000,1642.13,861.291,1107.75
1119907800,1641.15,861.798,1106.33
1119909600,1640.82,862.387,1110.58
1119911400,1640.88,863.115,1110.92
1119913200,1641.04,863.888,1112
1121126400,1630.8,864.431,1058.5
1121128200,1631.99,864.582,1055.5
1121130000,1633.11,864.855,1058.67
1121131800,1632.64,864.763,1062.58
1121133600,1633.17,864.576,1071.5
1121135400,1633.74,864.424,1076.33
1121137200,1633.1,864.155,1078.33
1121139000,1633.16,863.967,1081.25
1121140800,1633.02,863.811,1082.58
1121142600,1632.4,863.586,1078.83
1121144400,1632.09,863.3,1075.08
1121146200,1631.88,862.927,1080.67
1121148000,1632.08,862.532,1081.25
1121149800,1632.57,862.254,1080.08
1121151600,1633.86,862.073,1083.08
1121153400,1634.98,861.698,1083.83
1121155200,1635.39,861.151,1083
1121157000,1635.53,860.569,1084.33
1121158800,1636.52,860.323,1085.83
1121160600,1637.15,860.436,1088.83
1121162400,1637.29,860.479,1091.42
1121164200,1639.01,860.709,1089.92
1121166000,1640.68,860.87,1088
1121167800,1642.78,860.671,1088.25
1121169600,1646.99,860.478,1087.58
1121171400,1651.13,860.366,1081.08
1121173200,1654.32,860.213,1072.42
1121175000,1658.5,860.19,1072.08
1121176800,1660.9,860.069,1071.17
1121178600,1661.06,859.644,1064.92
1121180400,1661.85,859.253,1065
1121182200,1662.23,858.851,1067.58
1121184000,1660.57,858.264,1067.75
1121185800,1659.41,857.581,1067.92
1121187600,1658.52,856.919,1068.33
1121189400,1656.92,856.369,1069.58
1121191200,1655.72,856.008,1077.75
1121193000,1653.67,855.749,1084.42
1121194800,1650.58,855.597,1086.5
1121196600,1647.61,855.602,1088.67
1121198400,1644.04,855.57,1090.17
1121200200,1640.36,855.581,1089.08
1121202000,1637.75,855.916,1082.67
1121203800,1636.05,856.408,1083.58
1121205600,1635.46,856.735,1085.92
1121207400,1635.75,856.924,1085.08
1121209200,1635.8,856.988,1088.83
1119916800,1642.49,864.869,1054.67
1119918600,1642.08,865.206,1048.33
1119920400,1643.08,865.671,1056.92
1119922200,1644.07,866.096,1058.08
1119924000,1644.82,866.309,1061
1119925800,1645.8,866.526,1067.75
1119927600,1646.08,866.739,1070.08
1119929400,1646.51,866.973,1073.33
1119931200,1647.33,867.248,1072.5
1119933000,1647.69,867.42,1071.75
1119934800,1647.55,867.46,1076.42
1119936600,1647.35,867.41,1078.17
1119938400,1647.26,867.309,1080.33
1119940200,1647.14,867.197,1078.92
1119942000,1647.07,867.192,1078.25
1119943800,1647.02,867.247,1080.17
1119945600,1647.13,867.236,1080.92
1119947400,1647.38,867.264,1084
1119949200,1647.85,867.404,1086.08
1119951000,1648.95,867.605,1084.33
1119952800,1650.04,867.846,1084.5
1119954600,1650.36,868.023,1086.08
1119956400,1650.79,868.127,1085.92
1119958200,1653.43,868.259,1085.67
1119960000,1656.8,868.3,1085.42
1119961800,1659.57,868.286,1082.58
1119963600,1662.22,868.361,1080.25
1119965400,1663.98,868.555,1078.92
1119967200,1664.67,868.655,1076.33
1119969000,1664.57,868.525,1076.83
1119970800,1663.44,868.265,1080.08
1119972600,1662.07,867.91,1080.83
1119974400,1661.58,867.545,1080.17
1119976200,1660.93,867.208,1078.83
1119978000,1659.37,866.795,1081.75
1119979800,1657.62,866.418,1091.5
1119981600,1655.52,866.169,1096.58
1119983400,1652.44,865.951,1099.67
1119985200,1649.45,865.811,1102.67
1119987000,1647.38,865.791,1105.08
1119988800,1645.27,865.815,1108.25
1119990600,1643.08,865.864,1103.75
1119992400,1640.55,865.908,1098.5
1119994200,1639.11,865.95,1096.42
1119996000,1640.04,866.036,1097.33
1119997800,1641.96,866.151,1099.67
1119999600,1643.5,866.257,1100.75
1121558400,1647.11,863.025,1059.75
1121560200,1647.68,863.187,1055.42
1121562000,1648.17,863.405,1056
1121563800,1647.8,863.518,1055
1121565600,1647.61,863.609,1057.25
1121567400,1647.88,863.899,1063
1121569200,1647.92,864.17,1061.17
1121571000,1647.11,864.28,1060.58
1121572800,1646.26,864.32,1065.58
1121574600,1645.38,864.276,1067.25
1121576400,1644.73,864.228,1067.25
1121578200,1644.88,864.167,1069.33
1121580000,1644.39,863.938,1066.75
1121581800,1644.19,863.68,1067.67
1121583600,1644.74,863.621,1073.08
1121585400,1645.12,863.686,1072.25
1121587200,1645.71,863.732,1070.17
1121589000,1647.13,863.796,1070.17
1121590800,1648.27,863.845,1074.83
1121592600,1648.43,863.949,1079.25
1121594400,1648.76,864.173,1081.08
1121596200,1649.63,864.475,1082.42
1121598000,1650.37,864.799,1081.83
1121599800,1652.31,865.128,1080.25
1121601600,1656.31,865.476,1073.25
1121603400,1659.57,865.61,1062.92
1121605200,1662.83,865.683,1055.25
1121607000,1665.76,865.789,1051.42
1121608800,1527.43,865.86,1010.83
1121610600,1249.04,793.668,828.833
1121612400,1387.05,793.458,857.167
1121614200,1663.4,865.464,1042.42
1121616000,1661.31,865.275,1057.92
1121617800,1659.71,864.951,1060.67
1121619600,1658.78,864.573,1066.08
1121621400,1659.11,864.341,1070.33
1121623200,1660.11,864.16,1069.75
1121625000,1660.21,864,1069.08
1121626800,1659.02,864.002,1071.17
1121628600,1657.08,864.067,1071.5
1121630400,1654.32,864.101,1073.33
1121632200,1650.56,864.126,1071
1121634000,1646.81,864.366,1060.5
1121635800,1643.84,864.734,1060.33
1121637600,1641.68,865.082,1066
1121639400,1641.62,865.409,1067.5
1121641200,1643.16,865.672,1068.83
1120953600,1638.16,864.264,1064.08
1120955400,1637.17,864.22,1065.58
1120957200,1637.08,864.23,1073.75
1120959000,1637.6,864.16,1079.25
1120960800,1638.93,864.13,1084.58
1120962600,1640.01,864.047,1086.25
1120964400,1639.91,863.719,1089.42
1120966200,1640.1,863.406,1090.67
1120968000,1640.96,863.268,1090.42
1120969800,1641.58,863.259,1094.33
1120971600,1641.36,863.212,1096.5
1120973400,1640.62,863.027,1097.17
1120975200,1639.56,862.767,1098.33
1120977000,1638.47,862.482,1102
1120978800,1637.91,862.3,1102.83
1120980600,1637.46,862.199,1096.83
1120982400,1636.56,861.933,1092.5
1120984200,1636.61,861.608,1094.67
1120986000,1637.56,861.4,1098.42
1120987800,1638.67,861.461,1098.75
1120989600,1640.38,861.72,1100.92
1120991400,1641.23,861.953,1101.75
1120993200,1641.52,862.173,1101.67
1120995000,1643.93,862.452,1102.83
1120996800,1646.46,862.867,1100.92
1120998600,1648.28,863.32,1096.5
1121000400,1652.51,863.638,1085.83
1121002200,1657.97,863.769,1073.08
1121004000,1660.91,863.805,1067
1121005800,1661.64,863.72,1064.67
1121007600,1523.42,863.428,1073.5
1121009400,1523.5,862.955,1079.08
1121011200,1661.63,862.483,1079.67
1121013000,1660.51,862.085,1089.75
1121014800,1658.56,861.805,1095.92
1121016600,1655.88,861.695,1100.83
1121018400,1652.07,861.592,1108
1121020200,1648.05,861.427,1112.5
1121022000,1645.66,861.421,1113.25
1121023800,1644.06,861.542,1108.17
1121025600,1643.51,861.6,1104.42
1121027400,1644.04,861.727,1103.17
1121029200,1644.19,862.093,1100.17
1121031000,1643.12,862.427,1102.33
1121032800,1642.3,862.659,1107.33
1121034600,1642.7,862.99,1108.42
1121036400,1642.97,863.248,1108
1121472000,1642.93,867.504,1060.92
1121473800,1644.23,867.589,1061.25
1121475600,1644.98,867.536,1064.08
1121477400,1646.23,867.536,1066.42
1121479200,1648.02,867.65,1068.58
1121481000,1648.98,867.684,1071.92
1121482800,1648.34,867.544,1076.08
1121484600,1647.38,867.297,1076
1121486400,1646.73,867.062,1076.42
1121488200,1646.25,866.958,1078.42
1121490000,1645.92,866.793,1081.5
1121491800,1645.59,866.54,1083.58
1121493600,1645.55,866.225,1083.92
1121495400,1645.88,865.912,1082.33
1121497200,1645.67,865.676,1081.25
1121499000,1645.15,865.456,1085.58
1121500800,1645.17,865.237,1087
1121502600,1646.1,864.945,1084.75
1121504400,1648.13,864.705,1081.67
1121506200,1649.96,864.636,1081.25
1121508000,1650.98,864.71,1086.42
1121509800,1651.3,864.585,1092.17
1121511600,1652.7,864.346,1097.58
1121513400,1654.46,864.302,1097.08
1121515200,1656.67,864.281,1093
1121517000,1660.63,864.195,1088.67
1121518800,1664.35,864.19,1080.92
1121520600,1665.65,864.315,1077.25
1121522400,1664.77,864.357,1081.58
1121524200,1664.9,864.202,1079.17
1121526000,1666.87,863.883,1074.08
1121527800,1668.07,863.493,1070.58
1121529600,1667.58,863.074,1069.92
1121531400,1666.33,862.614,1075.17
1121533200,1665.36,862.267,1078.67
1121535000,1663.88,861.895,1081.67
1121536800,1661.39,861.503,1086
1121538600,1659.07,861.233,1091.67
1121540400,1656.82,861.132,1092.75
1121542200,1653.28,861.028,1090.25
1121544000,1650.67,861.07,1084
1121545800,1648.95,861.308,1085.17
1121547600,1645.61,861.523,1085.67
1121549400,1643.28,861.883,1073.42
1121551200,1642.35,862.147,1073.25
1121553000,1642.59,862.392,1079.92
1121554800,1643.62,862.632,1084.33
1120348800,1636.72,861.116,1069.5
1120350600,1637.02,861.22,1060.25
1120352400,1637.15,861.082,1065.75
1120354200,1637.46,860.705,1070.92
1120356000,1638.7,860.376,1074.5
1120357800,1638.76,860.223,1081
1120359600,1637.96,859.966,1086.17
1120361400,1637.56,859.569,1088.33
1120363200,1638.18,859.355,1089.92
1120365000,1639.57,859.253,1090.58
1120366800,1640.32,858.966,1092
1120368600,1641.02,858.573,1092.25
1120370400,1641.93,858.223,1095
1120372200,1642.76,857.986,1097.92
1120374000,1643.68,857.821,1099.58
1120375800,1643.72,857.49,1101.75
1120377600,1643.99,857.307,1100.17
1120379400,1645.97,857.605,1097
1120381200,1647.35,857.82,1097.25
1120383000,1647.01,857.84,1097.17
1120384800,1647.91,858.267,1098.25
1120386600,1649.29,858.858,1102.25
1120388400,1649.25,858.98,1100.75
1120390200,1649.8,858.633,1095.83
1120392000,1651.04,858.14,1088.92
1120393800,1654.14,858.028,1084.25
1120395600,1658.78,858.257,1085.75
1120397400,1660.95,858.244,1086.5
1120399200,1660.85,857.949,1083.67
1120401000,1659.6,857.492,1082.67
1120402800,1659.37,857.156,1089.33
1120404600,1660.71,857.188,1094.67
1120406400,1661.05,857.23,1098.17
1120408200,1655.62,857.485,839.167
1120410000,1647.66,857.727,548.833
1120411800,1642.05,857.644,520.75
1120413600,1636.92,857.474,519.5
1120415400,1634.36,857.562,516.583
1120417200,1633.63,857.817,515.5
1120419000,1633.52,857.792,519.583
1120420800,1632.68,857.844,522.083
1120422600,1629.96,857.819,520.167
1120424400,1628.82,857.884,520.083
1120426200,1628.63,857.955,572.417
1120428000,1630.59,858.113,790.833
1120429800,1635.11,858.317,984.583
1120431600,1639.13,858.584,1043.33
1121904000,1633.76,858.222,1029.67
1121905800,1633.46,858.169,1026.17
1121907600,1633.38,858.075,1035.33
1121909400,1634.85,858.067,1043.25
1121911200,1635.66,858.04,1045.75
1121913000,1635.91,857.865,1049.58
1121914800,1637.06,857.72,1053
1121916600,1637.63,857.612,1054.5
1121918400,1637.95,857.458,1058.67
1121920200,1639.18,857.505,1059.83
1121922000,1639.23,857.445,1062.58
1121923800,1637.48,857.086,1066.33
1121925600,1636.34,856.729,1060.67
1121927400,1636.62,856.505,1056.25
1121929200,1638.01,856.312,1057.17
1121931000,1639.1,856.013,1060
1121932800,1639.38,855.728,1063
1121934600,1640.3,855.64,1063.42
1121936400,1640.76,855.659,1063.67
1121938200,1640.59,855.593,1063.42
1121940000,1642.65,855.492,1065.83
1121941800,1644.87,855.599,1063.58
1121943600,1646.18,855.812,1058.92
1121945400,1648.86,855.795,1060
1121947200,1655.12,855.785,1025.83
1121949000,1661.1,855.781,966.333
1121950800,1664.16,855.704,936.167
1121952600,1665.16,855.671,922.083
1121954400,1666.66,855.574,916.833
1121956200,1668.63,855.156,914.333
1121958000,1527.63,854.518,912.833
1121959800,1524.85,854.063,917.583
1121961600,1662.43,853.803,919.25
1121963400,1660.7,853.528,928.417
1121965200,1658.67,853.334,941
1121967000,1655.81,853.281,950.25
1121968800,1652.43,853.267,956.583
1121970600,1648.99,853.338,956.583
1121972400,1645.29,853.451,953.917
1121974200,1641.84,853.548,951.583
1121976000,1638.81,853.665,949.667
1121977800,1636.81,853.854,946.167
1121979600,1635.33,854.093,943.167
1121981400,1634.67,854.332,945.5
1121983200,1635.03,854.51,948.417
1121985000,1635.85,854.621,950.833
1121986800,1636.65,854.72,954.417
1120176000,1638.51,858.217,1068.08
1120177800,1637.55,858.457,1057.58
1120179600,1637.2,858.57,1056.92
1120181400,1637.07,858.633,1060.25
1120183200,1638.06,858.833,1066.92
1120185000,1639.19,859.005,1070.58
1120186800,1640.52,859.05,1076.08
1120188600,1640.31,859.05,1082.58
1120190400,1639.23,859.1,1082.5
1120192200,1640.11,859.265,1082
1120194000,1640.07,859.456,1080
1120195800,1639.27,859.563,1081.75
1120197600,1639.46,859.619,1086.33
1120199400,1640.1,859.626,1086.08
1120201200,1640.39,859.584,1089.08
1120203000,1639.94,859.448,1094.08
1120204800,1639.62,859.195,1095.92
1120206600,1640.22,859.166,1098.08
1120208400,1641.51,859.374,1099.67
1120210200,1642.69,859.501,1099.75
1120212000,1643.81,859.683,1101.67
1120213800,1644.76,859.972,1098.75
1120215600,1645.08,860.17,1095.92
1120217400,1646.35,860.445,1101
1120219200,1647.69,860.812,1101.08
1120221000,1648.45,861.198,1098.33
1120222800,1651.58,861.632,1095.5
1120224600,1655.42,861.917,1089.17
1120226400,1657.47,862.094,1080.67
1120228200,1658.44,862.226,1078.58
1120230000,1658.48,862.156,1079.92
1120231800,1657.95,861.818,1080.67
1120233600,1657.61,861.463,1087.75
1120235400,1656.79,861.18,1092.58
1120237200,1655.59,860.89,1093.75
1120239000,1654,860.721,1095.25
1120240800,1651.3,860.643,1096.58
1120242600,1648.82,860.611,1098.08
1120244400,1647.01,860.669,1102.67
1120246200,1645.28,860.801,1104.5
1120248000,1643.17,861.005,1101
1120249800,1640.22,861.159,1098.5
1120251600,1636.97,861.28,1094.25
1120253400,1635.21,861.554,1094.08
1120255200,1635.58,861.882,1098.25
1120257000,1636.79,862.207,1100.17
1120258800,1637.97,862.566,1102.08
1122249600,1643.24,863.245,1021.92
1122251400,1643.94,863.222,1016.75
1122253200,1645.31,863.248,1023.08
1122255000,1645.91,863.227,1025.25
1122256800,1646.17,863.101,1029.75
1122258600,1646.41,862.899,1036.92
1122260400,1646.39,862.651,1037.17
1122262200,1645.9,862.333,1040.08
1122264000,1645.86,862.005,1041.58
1122265800,1646.46,861.72,1040.25
1122267600,1646.95,861.476,1042.33
1122269400,1647.48,861.24,1041.92
1122271200,1647.47,860.885,1044.83
1122273000,1647.55,860.468,1047.75
1122274800,1648.11,860.13,1049.42
1122276600,1649.14,859.793,1050.83
1122278400,1650.21,859.485,1049.58
1122280200,1650.52,859.276,1051.33
1122282000,1651.11,859.071,1051.42
1122283800,1652.4,858.85,1048.83
1122285600,1653.6,858.738,1052.67
1122287400,1653.92,858.666,1056.08
1122289200,1654.26,858.483,1056.5
1122291000,1657.5,858.397,1055.58
1122292800,1661.68,858.334,1049.83
1122294600,1664.69,858.194,1039.33
1122296400,1666.64,858.185,1029.75
1122298200,1669.04,858.202,1030
1122300000,1671.1,858.002,1030.83
1122301800,1671.14,857.579,1030.75
1122303600,1671.44,857.212,1031.67
1122305400,1670.99,856.872,1029.17
1122307200,1669.02,856.392,1026.42
1122309000,1665.95,855.807,1029.33
1122310800,1663.58,855.272,1040.92
1122312600,1660.63,854.818,1051.83
1122314400,1657.26,854.524,1059.58
1122316200,1655.22,854.496,1063.92
1122318000,1652.63,854.48,1061.75
1122319800,1649.95,854.48,1061.17
1122321600,1648.06,854.752,1060.83
1122323400,1646.8,855.161,1054.83
1122325200,1646.84,855.699,1050.25
1122327000,1648.47,856.328,1050.42
1122328800,1649.02,856.51,1056.67
1122330600,1648.59,856.583,1061.25
1122332400,1650.36,857.024,1062.58
1121644800,1645.66,865.816,1047.5
1121646600,1645.67,865.817,1046.75
1121648400,1645.73,865.966,1049.33
1121650200,1646,866.149,1047.33
1121652000,1645.83,866.235,1052.5
1121653800,1645.7,866.144,1057.33
1121655600,1371.63,866.017,1055.5
1121657400,1372.04,866.028,1056.92
1121659200,1646.54,866.125,1063.25
1121661000,1646.48,866.113,1068.25
1121662800,1646.65,865.994,1072
1121664600,1647.21,865.945,1073.83
1121666400,1647.3,865.931,1072.67
1121668200,1647.15,865.856,1072.67
1121670000,1648.2,865.855,1076.58
1121671800,1648.77,865.873,1079.67
1121673600,1648,865.783,1081.5
1121675400,1647.97,865.68,1085
1121677200,1649.24,865.78,1087.42
1121679000,1651.31,866.071,1085.25
1121680800,1651.47,866.22,1083.75
1121682600,1651.53,866.381,1082.25
1121684400,1652.8,866.722,1082.08
1121686200,1654.5,866.945,1080.83
1121688000,1658.13,867.124,1078.17
1121689800,1662.25,867.354,1073.42
1121691600,1665.79,867.49,1058.83
1121693400,1668.2,867.612,1052.75
1121695200,1668.21,867.726,1058
1121697000,1667.22,867.751,1058.17
1121698800,1528.33,867.658,1059.5
1121700600,1528.21,867.488,1060.42
1121702400,1666.75,867.256,1056.25
1121704200,1665.8,866.891,1060.5
1121706000,1663.59,866.467,1068.67
1121707800,1660.76,866.138,1071.83
1121709600,1658.28,865.948,1076.17
1121711400,1656.04,865.813,1077.75
1121713200,1653.04,865.642,1078.33
1121715000,1649.96,865.554,1080.83
1121716800,1647.04,865.645,1080.5
1121718600,1643.68,865.783,1078.5
1121720400,1639.43,865.842,1069.08
1121722200,1635.51,865.927,1060.08
1121724000,1634.17,866.105,1060.92
1121725800,1634.77,866.324,1061.25
1121727600,1635.55,866.47,1063.17
1121040000,1642.79,863.626,1084.58
1121041800,1642.79,863.866,1078.17
1121043600,1642.01,864.057,1074.58
1121045400,1641.1,864.185,1074.75
1121047200,1640.76,864.286,1080.33
1121049000,1640.31,864.373,1086.75
1121050800,1640.39,864.496,1093.83
1121052600,1640.85,864.626,1096.75
1121054400,1640.43,864.66,1096.92
1121056200,1639.89,864.618,1096.58
1121058000,1639.5,864.512,1095.75
1121059800,1638.82,864.385,1094.58
1121061600,1638.76,864.389,1097.33
1121063400,1639.16,864.423,1103.92
1121065200,1639.53,864.352,1104.5
1121067000,1639.59,864.261,1102.33
1121068800,1640.2,864.235,1101.25
1121070600,1641.56,864.266,1101.92
1121072400,1642.7,864.38,1101.33
1121074200,1643.7,864.657,1101
1121076000,1644.16,865.008,1103.25
1121077800,1643.94,865.24,1101.58
1121079600,1643.87,865.301,1100.92
1121081400,1644.11,865.411,1099.5
1121083200,1645.32,865.545,1099.42
1121085000,1648.54,865.6,1097.33
1121086800,1652.28,865.822,1086.83
1121088600,1653.81,866.045,1082.58
1121090400,1653.95,865.991,1081.33
1121092200,1653.46,865.793,1081.33
1121094000,1653.77,865.508,1087.92
1121095800,1652.94,865.124,1092.75
1121097600,1651.23,864.905,1092.25
1121099400,1651.34,864.681,1094.25
1121101200,1650.85,864.304,1101
1121103000,1649.75,864.149,1106.25
1121104800,1648.47,864.081,1109.25
1121106600,1645.9,863.863,1108.75
1121108400,1643.42,863.736,1106.5
1121110200,1641.22,863.683,1106.75
1121112000,1638.29,863.59,1103.42
1121113800,1635.58,863.586,1098.83
1121115600,1632.64,863.697,1094.33
1121117400,1630.85,863.942,1090.08
1121119200,1630.56,864.213,1090.17
1121121000,1630.12,864.337,1095.92
1121122800,1630.06,864.404,1103.08
1121212800,1637.77,856.718,1075.5
1121214600,1637.12,856.43,1081.17
1121216400,1636.64,856.189,1088.17
1121218200,1636.03,856.344,1093.42
1121220000,1635.86,856.645,1096.33
1121221800,1635.72,856.8,1099.33
1121223600,1634.84,856.932,1101.92
1121225400,1634.9,857.137,1101.83
1121227200,1635.8,857.438,1100.92
1121229000,1635.08,857.444,1099.17
1121230800,1634.58,857.348,1096.5
1121232600,1634.68,857.403,1099.83
1121234400,1634.86,857.606,1106.42
1121236200,1636.25,858.109,1106.17
1121238000,1635.94,858.538,1106.83
1121239800,1634.32,858.849,1105.67
1121241600,1634.03,859.282,1101.33
1121243400,1633.95,859.735,1100.92
1121245200,1633.54,860.209,1103.92
1121247000,1633.2,860.648,1104.25
1121248800,1633.37,861.095,1102
1121250600,1634.15,861.62,1101.25
1121252400,1635.88,862.194,1098.33
1121254200,1638.78,862.811,1096.33
1121256000,1641.5,863.097,1093.75
1121257800,1642.44,862.991,1093
1121259600,1643.76,863.205,1097.08
1121261400,1645.41,863.443,1094.58
1121263200,1646.35,863.445,1089.92
1121265000,1647.87,863.613,1088.25
1121266800,1648.84,863.64,1089.08
1121268600,1649.15,863.338,1094.25
1121270400,1650.04,862.949,1093.67
1121272200,1650.53,862.426,1091.42
1121274000,1513.56,861.778,1094.83
1121275800,1513.84,861.258,1096
1121277600,1650.52,860.836,1096.67
1121279400,1648.65,860.281,1098.67
1121281200,1646.73,859.787,1101.58
1121283000,1645.19,859.605,1104.42
1121284800,1642.96,859.474,1105.08
1121286600,1641.07,859.453,1102.67
1121288400,1638.94,859.46,1097.25
1121290200,1637.29,859.508,1096
1121292000,1637.66,859.692,1102.5
1121293800,1638.81,859.826,1107.83
1121295600,1639.43,859.785,1107.33
1121299200,1641.69,859.7,1076
1121301000,1641.85,859.723,1073
1121302800,1641.52,859.7,1076.92
1121304600,1641.22,859.74,1083.92
1121306400,1641.05,859.808,1086.5
1121308200,1641.62,859.847,1086.67
1121310000,1505.17,859.86,1086.42
1121311800,1504.8,859.825,1088.25
1121313600,1641.31,859.755,1092.08
1121315400,1641.95,859.661,1092.83
1121317200,1642.53,859.476,1092.58
1121319000,1642.61,859.137,1095.08
1121320800,1643.11,858.791,1095
1121322600,1643.95,858.583,1095.92
1121324400,1645.64,858.712,1100.17
1121326200,1646.48,858.764,1100.17
1121328000,1646.15,858.58,1101.17
1121329800,1646.55,858.618,1104.25
1121331600,1646.66,858.726,1104.25
1121333400,1646.76,858.94,1104.5
1121335200,1647.55,859.236,1105.17
1121337000,1649.11,859.4,1106.92
1121338800,1650.04,859.57,1107.75
1121340600,1651.27,859.812,1108.5
1121342400,1654.16,860.002,1107.42
1121344200,1657.75,860.095,1105.42
1121346000,1661.19,860.252,1099.5
1121347800,1664.14,860.537,1092.67
1121349600,1666.63,860.75,1093.67
1121351400,1667.41,860.78,1085.33
1121353200,1667.41,860.67,1081.58
1121355000,1667.32,860.492,1085.25
1121356800,1666.24,860.25,1084.5
1121358600,1664.08,859.899,1091.08
1121360400,1661.9,859.631,1098.75
1121362200,1660.6,859.57,1103.25
1121364000,1659.15,859.646,1106.17
1121365800,1655.87,859.782,1105.25
1121367600,1652.76,860.011,1104.5
1121369400,1651.06,860.454,1110.33
1121371200,1649.5,860.892,1113.17
1121373000,1647.73,861.382,1108.5
1121374800,1645.55,862.191,1102.17
1121376600,1643.88,863.178,1099.25
1121378400,1643.67,864.178,1100.92
1121380200,1643.45,865.082,1099.67
1121382000,1643.7,865.866,1096
1121385600,1646.11,867.279,1056.25
1121387400,1646.88,867.796,1056.25
1121389200,1647.34,868.214,1065.83
1121391000,1647.87,868.549,1068.83
1121392800,1647.81,868.762,1070.92
1121394600,1647.33,868.921,1072.33
1121396400,1509.97,869.089,1073.67
1121398200,1510.78,869.307,1077
1121400000,1649.16,869.573,1077.83
1121401800,1650.13,869.879,1078.58
1121403600,1650.86,870.167,1080.08
1121405400,1651.27,870.367,1079.33
1121407200,1651.74,870.447,1079.17
1121409000,1652.52,870.459,1081.25
1121410800,1653.23,870.486,1085.75
1121412600,1653.35,870.532,1087.83
1121414400,1652.63,870.517,1087.33
1121416200,1651.1,870.413,1085.5
1121418000,1650.13,870.402,1084.83
1121419800,1649.87,870.425,1087.08
1121421600,1649.38,870.393,1088.67
1121423400,1649.21,870.491,1092.08
1121425200,1649.84,870.681,1094.08
1121427000,1652.4,870.792,1092.08
1121428800,1656.81,870.87,1090.75
1121430600,1660.74,870.986,1088.25
1121432400,1663.11,871.056,1085.08
1121434200,1665.05,871.08,1076.08
1121436000,1666.58,871.022,1072.83
1121437800,1667.14,870.931,1072
1121439600,1666.28,870.757,1073
1121441400,1664.67,870.31,1078.08
1121443200,1663.86,869.856,1078.58
1121445000,1662.82,869.504,1084.08
1121446800,1660.89,869.169,1089.83
1121448600,1658.53,868.843,1093.17
1121450400,1655.85,868.472,1094.17
1121452200,1652.86,868.122,1092.17
1121454000,1649.63,867.849,1093.08
1121455800,1647.01,867.731,1092.83
1121457600,1644.78,867.717,1089
1121459400,1642.73,867.764,1087.08
1121461200,1640.19,867.773,1078.58
1121463000,1637.52,867.618,1072.17
1121464800,1637.52,867.602,1080.17
1121466600,1638.87,867.668,1084.58
1121468400,1639.93,867.611,1084.75
1120089600,1637.9,858.291,1075.92
1120091400,1639.02,858.273,1074.75
1120093200,1640.58,858.17,1079.83
1120095000,1641.26,857.886,1087.83
1120096800,1641.54,857.583,1092.58
1120098600,1641.56,857.391,1092.08
1120100400,1504.64,857.146,1090.17
1120102200,1505.18,856.771,1092.25
1120104000,1643.07,856.477,1096.92
1120105800,1643.57,856.058,1093
1120107600,1644.01,855.568,1092.17
1120109400,1644.11,855.098,1097
1120111200,1643.77,854.687,1099.5
1120113000,1643.51,854.394,1100.83
1120114800,1643.92,854.232,1097.92
1120116600,1644.06,854.087,1099.92
1120118400,1643.47,853.683,1103.08
1120120200,1643.55,853.369,1105.08
1120122000,1643.46,853.221,1101.67
1120123800,1643.35,853.225,1100.08
1120125600,1643.65,853.247,1103.58
1120127400,1644.08,853.048,1102.67
1120129200,1644.9,852.911,1102.08
1120131000,1646.81,852.925,1099.58
1120132800,1648.47,852.983,1099.58
1120134600,1648.27,852.931,1101.75
1120136400,1648.64,852.959,1095.08
1120138200,1649.78,853.055,1089.67
1120140000,1651.06,853.103,1090.75
1120141800,1652.25,853.215,1092.42
1120143600,1652.65,853.291,1092.83
1120145400,1652.94,853.286,1088.33
1120147200,1652.24,853.166,1086.25
1120149000,1650.63,852.963,1088.25
1120150800,1649.39,852.885,1091.5
1120152600,1648.63,853.015,1094.17
1120154400,1647,853.194,1098.17
1120156200,1644.07,853.367,1101.58
1120158000,1641.57,853.781,1103
1120159800,1639.15,854.001,1103.42
1120161600,1636.78,854.083,1100.75
1120163400,1635.17,854.482,1099.5
1120165200,1632.89,854.963,1099.25
1120167000,1632.28,855.584,1097.33
1120168800,1635.08,856.367,1099.83
1120170600,1636.97,856.932,1103.92
1120172400,1637.74,857.372,1105.33
1121990400,1639.07,855.025,918.583
1121992200,1639.13,855.025,917.583
1121994000,1638.87,855.033,918.667
1121995800,1638.82,854.984,917.667
1121997600,1638.7,854.826,919.75
1121999400,1638.37,854.831,923.167
1122001200,1501.81,855.009,921.833
1122003000,1501.18,855.07,922.417
1122004800,1636.66,854.933,923.917
1122006600,1635.84,854.666,925.25
1122008400,1635.22,854.362,927.25
1122010200,1635.14,854.165,929.75
1122012000,1635.56,854.14,929.583
1122013800,1636.29,854.187,928.167
1122015600,1636.96,854.123,932.833
1122017400,1637.21,854.01,935.583
1122019200,1637.89,853.97,935.083
1122021000,1638.86,853.988,933.5
1122022800,1639.85,854.146,934.25
1122024600,1640.81,854.403,933.667
1122026400,1641.78,854.5,934.667
1122028200,1642.63,854.49,940.667
1122030000,1642.91,854.53,939.333
1122031800,1645.17,854.565,936.167
1122033600,1650.56,854.635,934.667
1122035400,1654.22,854.726,933.833
1122037200,1655.72,854.755,934.583
1122039000,1657.41,854.762,933.833
1122040800,1657.88,854.79,932.833
1122042600,1657.56,854.812,935.083
1122044400,1656.77,854.849,947.75
1122046200,1655.73,854.82,982.583
1122048000,1654.77,854.59,1007.58
1122049800,1652.85,854.236,1016
1122051600,1650.49,853.916,1036.75
1122053400,1648.58,853.774,1049
1122055200,1647.01,853.829,1051.83
1122057000,1645.38,854.037,1053.92
1122058800,1643.75,854.403,1050.5
1122060600,1641.9,854.806,1050.5
1122062400,1640.02,855.13,1055.08
1122064200,1638.94,855.356,1056.17
1122066000,1638.2,855.582,1057.08
1122067800,1637.87,855.889,1060.25
1122069600,1637.51,856.252,1060.42
1122071400,1637.44,856.587,1062.75
1122073200,1637.31,856.715,1067.17
1120262400,1639.34,862.959,1066.33
1120264200,1640.14,863.073,1063.17
1120266000,1641.29,863.308,1062.75
1120267800,1642.37,863.524,1068.67
1120269600,1642.4,863.76,1073.08
1120271400,1641.07,864.003,1074.58
1120273200,1639.6,864.17,1074.58
1120275000,1638.79,864.321,1073.75
1120276800,1638.21,864.489,1074.25
1120278600,1637.43,864.586,1072.67
1120280400,1636.73,864.44,1072.08
1120282200,1636.92,864.225,1075.42
1120284000,1638.19,864.209,1079.67
1120285800,1639.16,864.199,1079
1120287600,1639.99,864.148,1079.17
1120289400,1640.94,864.11,1082.92
1120291200,1641.51,864.015,1085.83
1120293000,1642.2,863.94,1090.75
1120294800,1642.93,864.04,1095.58
1120296600,1643.57,864.15,1094.42
1120298400,1643.46,864.136,1091
1120300200,1644.56,864.39,1093
1120302000,1645.87,864.785,1098.67
1120303800,1647.14,865.028,1097.25
1120305600,1650.48,865.168,1089.17
1120307400,1652.59,865.352,1085.08
1120309200,1653.3,865.616,1082.33
1120311000,1654.45,865.851,1083.67
1120312800,1655.12,866.004,1086.17
1120314600,1655.64,865.933,1082.83
1120316400,1657.92,865.685,1077.33
1120318200,1660.48,865.253,1076.58
1120320000,1660.72,864.596,1080.25
1120321800,1659.33,863.826,1088.58
1120323600,1657.42,863.061,1094.67
1120325400,1654.97,862.472,1098.58
1120327200,1652.32,862.038,1103.17
1120329000,1649.75,861.776,1110.5
1120330800,1647.07,861.756,1118
1120332600,1643.98,861.708,1115.25
1120334400,1640.64,861.623,1110
1120336200,1637.97,861.724,1110
1120338000,1636.47,861.939,1108.33
1120339800,1636.18,862.21,1104.08
1120341600,1635.12,862.078,1100.92
1120343400,1633.67,861.545,1103.83
1120345200,1634.56,861.283,1109.42
1122163200,1641.9,861.934,1027.42
1122165000,1642.46,862.127,1021
1122166800,1643.32,862.399,1024
1122168600,1643.91,862.702,1027.83
1122170400,1644.4,863.027,1032.5
1122172200,1645.35,863.265,1038.92
1122174000,1510.2,863.414,1045
1122175800,1510.82,863.504,1049.17
1122177600,1647.32,863.524,1049.75
1122179400,1647.34,863.652,1048.58
1122181200,1647.44,863.83,1047.58
1122183000,1646.75,863.876,1048.83
1122184800,1645.98,863.844,1052.67
1122186600,1645.33,863.798,1050.17
1122188400,1644.27,863.726,1048.42
1122190200,1643.69,863.62,1055.25
1122192000,1644.3,863.6,1057.75
1122193800,1645.2,863.639,1058.08
1122195600,1645.82,863.79,1058.25
1122197400,1646.6,864.095,1054.25
1122199200,1647.78,864.387,1051.75
1122201000,1649.5,864.56,1054.17
1122202800,1651.4,864.817,1056.17
1122204600,1653.01,865.125,1055.42
1122206400,1654.14,865.303,1054.33
1122208200,1655.48,865.465,1050.67
1122210000,1657.18,865.646,1052.17
1122211800,1659.26,865.793,1050.92
1122213600,1661.38,865.811,1039.67
1122215400,1662.44,865.621,1034.92
1122217200,1662.41,865.243,1041.42
1122219000,1661.56,864.842,1048.58
1122220800,1660.69,864.417,1051.5
1122222600,1660.54,863.963,1057.08
1122224400,1659.58,863.532,1060
1122226200,1657.04,863.076,1059.75
1122228000,1654.59,862.66,1063.58
1122229800,1652.84,862.392,1068.92
1122231600,1650.99,862.344,1068.17
1122233400,1648.98,862.381,1065.92
1122235200,1647.86,862.41,1068.08
1122237000,1646.76,862.452,1065.83
1122238800,1644.24,862.455,1062.08
1122240600,1642.44,862.56,1059.58
1122242400,1641.76,862.747,1057.42
1122244200,1641.6,862.983,1059.33
1122246000,1642.37,863.19,1063.25
1120867200,1636.32,859.341,1055.58
1120869000,1637.07,859.555,1053.58
1120870800,1638.36,859.683,1060.33
1120872600,1639.99,859.933,1061.67
1120874400,1641.21,860.055,1059.58
1120876200,1642.09,859.916,1057
1120878000,1643.54,859.89,1056.17
1120879800,1645.06,860.114,1061.83
1120881600,1644.8,860.342,1064.25
1120883400,1644.06,860.588,1064.67
1120885200,1643.87,860.953,1067.25
1120887000,1643.6,861.289,1070.08
1120888800,1643.84,861.463,1072.25
1120890600,1644.73,861.585,1073.42
1120892400,1643.77,861.524,1073.92
1120894200,1642.19,861.425,1075.58
1120896000,1642.01,861.519,1075.42
1120897800,1641.03,861.689,1075.25
1120899600,1639,862.013,1080.42
1120901400,1637.56,862.433,1083
1120903200,1636.66,862.773,1084.75
1120905000,1636.35,863.02,1087.92
1120906800,1637.4,863.249,1086.75
1120908600,1639.83,863.586,1083.17
1120910400,1643.68,864.002,1080.67
1120912200,1648.24,864.362,1073.5
1120914000,1652.21,864.65,1058.92
1120915800,1654.69,864.855,1054.58
1120917600,1655.59,864.862,1058.33
1120919400,1656,864.85,1059
1120921200,1656.85,864.843,1062.17
1120923000,1656.33,864.62,1061.58
1120924800,1655.07,864.255,1065.83
1120926600,1654.38,863.918,1074.75
1120928400,1652.7,863.61,1082.58
1120930200,1650.4,863.268,1089.33
1120932000,1647.62,862.988,1091.92
1120933800,1644.46,862.753,1091.25
1120935600,1641.83,862.585,1087.08
1120937400,1639.47,862.555,1084.92
1120939200,1636.96,862.628,1083.92
1120941000,1634.65,862.79,1081.83
1120942800,1631.63,862.989,1073.33
1120944600,1629.7,863.189,1067.08
1120946400,1630.63,863.467,1073.42
1120948200,1632.89,863.818,1082.75
1120950000,1635.28,864.192,1092
1120780800,1643.69,854.071,1054.25
1120782600,1643.79,854.42,1048.25
1120784400,1643.81,854.663,1052.5
1120786200,1644.12,854.949,1059.67
1120788000,1644.72,855.204,1067.08
1120789800,1645.07,855.408,1069.92
1120791600,1645.33,855.634,1073
1120793400,1645.53,855.769,1072.5
1120795200,1645.55,855.897,1067.58
1120797000,1646.28,856.097,1067.17
1120798800,1646.23,856.083,1067.5
1120800600,1645.23,855.91,1069.75
1120802400,1644.8,855.811,1074.67
1120804200,1644.9,855.748,1076.92
1120806000,1644.95,855.668,1078.42
1120807800,1644.86,855.586,1077.67
1120809600,1644.92,855.492,1077.42
1120811400,1644.92,855.362,1079.08
1120813200,1645.18,855.222,1078.17
1120815000,1645.89,855.26,1081.08
1120816800,1645.19,855.391,1085.75
1120818600,1644.1,855.557,1087.75
1120820400,1643.54,855.7,1087.33
1120822200,1644.6,855.697,1089.42
1120824000,1646,855.817,1092.42
1120825800,1646.86,856.155,1087
1120827600,1648.84,856.439,1079.5
1120829400,1650.85,856.652,1074.83
1120831200,1651.61,856.63,1063.75
1120833000,1649.94,856.358,1061.08
1120834800,1510.49,856.188,1067.33
1120836600,1508.9,855.97,1067.75
1120838400,1645.1,855.738,1073.08
1120840200,1643.21,855.557,1078.75
1120842000,1637.84,855.179,1087.75
1120843800,1632.56,855.139,1094.83
1120845600,1629.36,855.478,1093.25
1120847400,1626.89,855.734,1093.67
1120849200,1625.86,855.988,1095.75
1120851000,1625.72,856.315,1094.75
1120852800,1625.78,856.72,1093
1120854600,1626.9,857.215,1094.33
1120856400,1628.48,857.809,1095.08
1120858200,1628.51,858.286,1094.58
1120860000,1629.51,858.742,1092.08
1120861800,1632.01,859.109,1082.67
1120863600,1633.65,859.234,1080.75
1122076800,1635.64,856.795,1038.42
1122078600,1636.15,856.949,1035.92
1122080400,1636.39,857.055,1037.17
1122082200,1636.18,856.972,1041
1122084000,1636.79,856.775,1045.33
1122085800,1636.83,856.674,1044.42
1122087600,1637.32,856.884,1044.42
1122089400,1637.14,857.12,1049.67
1122091200,1636.57,857.436,1052.58
1122093000,1636.6,857.735,1054.08
1122094800,1636.97,857.82,1055.42
1122096600,1638.33,857.89,1057
1122098400,1638.62,857.924,1059.25
1122100200,1639.14,858.124,1060.58
1122102000,1640.07,858.259,1062
1122103800,1639.74,858.16,1062.92
1122105600,1638.56,858.056,1065.42
1122107400,1637.85,858.17,1060.17
1122109200,1637.72,858.385,1053.33
1122111000,1637.57,858.541,1058.08
1122112800,1638.21,858.901,1062.25
1122114600,1639.58,859.314,1062.5
1122116400,1641.92,859.656,1063.67
1122118200,1645.42,860.048,1062.17
1122120000,1650.01,860.439,1055.75
1122121800,1653.26,860.608,1051.75
1122123600,1654.26,860.61,1048.83
1122125400,1654.82,860.67,1047.25
1122127200,1655.05,860.66,1048.58
1122129000,1655.96,860.569,1048.42
1122130800,1656.87,860.405,1051.08
1122132600,1656.3,860.331,1055.42
1122134400,1655.45,860.29,1062.08
1122136200,1655.28,860.061,1065
1122138000,1654.2,859.766,1065.5
1122139800,1651.7,859.374,1067.5
1122141600,1650.38,859.092,1067.5
1122143400,1650.62,859.208,1066.17
1122145200,1649.52,859.438,1064.67
1122147000,1648.55,859.64,1064.67
1122148800,1647.94,859.884,1064.5
1122150600,1645.9,860.096,1062.08
1122152400,1643.87,860.355,1062.33
1122154200,1642.07,860.636,1063.92
1122156000,1641.38,860.964,1061
1122157800,1641.43,861.256,1060.08
1122159600,1641.18,861.511,1060
1120003200,1644.96,866.272,1068.25
1120005000,1645.64,866.4,1065.83
1120006800,1647.36,866.41,1069.33
1120008600,1647.72,866.34,1079.58
1120010400,1647.11,866.27,1085.75
1120012200,1647.27,866.14,1084.25
1120014000,1647.03,866.002,1084.25
1120015800,1646.48,865.816,1085.92
1120017600,1645.88,865.571,1087.5
1120019400,1645.65,865.327,1087.5
1120021200,1646.24,865.145,1089.33
1120023000,1646.54,864.946,1092.5
1120024800,1646.36,864.633,1093
1120026600,1646.93,864.348,1094.25
1120028400,1647.84,864.191,1095.25
1120030200,1648.57,863.952,1092.92
1120032000,1649.24,863.612,1095.83
1120033800,1649.54,863.315,1102.08
1120035600,1649.25,863.09,1103.58
1120037400,1648.87,862.92,1102.25
1120039200,1649.35,862.725,1100.42
1120041000,1650.81,862.714,1101.67
1120042800,1651.91,862.776,1104.75
1120044600,1653.56,862.768,1105.58
1120046400,1655.94,862.83,1101.08
1120048200,1656.39,862.789,1098.75
1120050000,1656.26,862.731,1097.58
1120051800,1656.67,862.766,1093.17
1120053600,1657.22,862.711,1091.75
1120055400,1657.63,862.495,1089.25
1120057200,1655.2,862.166,1087.83
1120059000,1656.17,861.77,1088.58
1120060800,1659.26,861.174,1085.17
1120062600,1659.16,860.506,1081.42
1120064400,1658.79,859.981,1086.5
1120066200,1656.91,859.539,1092.17
1120068000,1653.97,859.173,1090.75
1120069800,1650.64,858.899,1092.75
1120071600,1647.07,858.679,1095.5
1120073400,1643.24,858.432,1097.08
1120075200,1640.42,858.255,1097.08
1120077000,1638.78,858.227,1092.75
1120078800,1636.69,858.3,1085.25
1120080600,1635.22,858.408,1077.5
1120082400,1635.53,858.449,1078.75
1120084200,1636.69,858.413,1089.08
1120086000,1637.84,858.403,1090.92
