1010795400,138.424,0,71.9549,44
1010795400,138.491,0,71.98,42.0833
1010795400,138.455,0,71.9892,42.6667
1010795400,138.314,0,71.9892,42.75
1010795400,138.212,0,71.9838,41.75
1010795400,138.167,0,71.9837,42.25
1010795400,138.131,0,71.9892,42.0833
1010795400,138.082,0,71.9917,42.25
1010795400,138.086,0,71.9967,42.25
1010795400,138.128,0,72.0042,42.0833
1010795400,138.113,0,72.0129,42.1667
1010795400,138.055,0,72.0129,42.6667
1010799000,138.076,0,72.0092,42.8333
1010799000,138.013,0,72.0092,42.3333
1010799000,138.026,0,72.0142,42.4167
1010799000,138.044,0,72.0241,43
1010799000,137.979,0,72.0346,42.8333
1010799000,137.995,0,72.045,43
1010799000,137.97,0,72.05,42.8333
1010799000,137.894,0,72.05,42.75
1010799000,137.933,0,72.0575,42.5
1010799000,137.988,0,72.0675,43.1667
1010799000,138.091,0,72.0754,43.4167
1010799000,138.176,0,72.0858,43.25
1010802600,138.194,0,72.0958,43.4167
1010802600,138.167,0,72.1058,43.25
1010802600,138.179,0,72.1096,43.1667
1010802600,138.216,0,72.1096,42.6667
1010802600,138.14,0,72.1108,43.25
1010802600,138.124,0,72.1158,43.25
1010802600,138.125,0,72.1159,43.4167
1010802600,138.033,0,72.1108,42.8333
1010802600,137.954,0,72.1108,43.0833
1010802600,137.97,0,72.1158,43.1667
1010802600,137.921,0,72.1134,43.0833
1010802600,137.936,0,72.1083,43.3333
1010806200,137.897,0,72.1108,43.5833
1010806200,137.948,0,72.1108,43
1010806200,137.953,0,72.1059,42.8333
1010806200,137.952,0,72.1008,43.6667
1010806200,138.047,0,72.0971,42.5833
1010806200,137.919,0,72.0921,42.9167
1010806200,137.938,0,72.0958,43.4167
1010806200,138.033,0,72.1008,42.5833
1010806200,138.083,0,72.1008,42.9167
1010806200,138.01,0,72.0958,43.4167
1010806200,137.951,0,72.0946,43
1010806200,137.991,0,72.0946,43.4167
1010809800,137.93,0,72.0859,43.4167
1010809800,137.919,0,72.0808,43.25
1010809800,137.925,0,72.0808,43.5
1010809800,138.319,0,72.0754,43.5
1010809800,137.873,0,72.07,43.4167
1010809800,137.994,0,72.07,43.25
1010809800,137.86,0,72.0675,43.5833
1010809800,137.893,0,72.0625,43.3333
1010809800,137.934,0,72.06,43.3333
1010809800,137.93,0,72.055,43.1667
1010809800,137.86,0,72.0475,43.25
1010809800,137.929,0,72.0475,43.25
1010813400,137.983,0,72.0488,43.8333
1010813400,138.003,0,72.0438,43.9167
1010813400,137.947,0,72.0346,43.6667
1010813400,137.977,0,72.0279,43.5
1010813400,137.954,0,72.0229,43.5
1010813400,137.903,0,72.0142,44
1010813400,137.934,0,72.0092,43.9167
1010813400,137.939,0,72.0092,43.25
1010813400,137.914,0,72.0067,43.4167
1010813400,137.932,0,72.0017,44
1010813400,138.014,0,71.9992,44.4167
1010813400,137.89,0,71.9979,43.5833
1010817000,138.052,0,71.9979,43.8333
1010817000,137.993,0,71.9992,44
1010817000,137.981,0,71.9992,43.5833
1010817000,137.96,0,71.9979,43.8333
1010817000,138.099,0,71.9967,43.5
1010817000,138.018,0,71.9925,43.1667
1010817000,137.95,0,71.9912,43.75
1010817000,138.022,0,71.9917,44.0833
1010817000,138.027,0,71.9941,43.9167
1010817000,138.031,0,72.0017,44.0833
1010817000,138,0,72.0067,44
1010817000,138.1,0,72.0142,44
1010820600,138.185,0,72.0246,43.6667
1010820600,138.232,0,72.0337,43.6667
1010820600,138.14,0,72.0387,43.3333
1010820600,138.225,0,72.04,44.0833
1010820600,138.151,0,72.0437,43.5833
1010820600,138.118,0,72.0438,43.9167
1010820600,138.082,0,72.04,44.0833
1010820600,138.159,0,72.04,44.0833
1010820600,138.163,0,72.04,43.75
1010820600,138.087,0,72.045,43.6667
1010820600,0,0,72.0475,43.75
1010820600,137.957,0,72.0438,44
1010824200,137.977,0,72.0413,43.6667
1010824200,137.935,0,72.0387,43.6667
1010824200,137.938,0,72.0387,43.6667
1010824200,137.933,0,72.04,43.8333
1010824200,137.917,0,72.0425,44.0833
1010824200,137.909,0,72.0475,43.8333
1010824200,137.948,0,72.0525,44
1010824200,137.961,0,72.06,44.1667
1010824200,137.981,0,72.0675,43.75
1010824200,138.002,0,72.0713,43.9167
1010824200,138.016,0,72.0767,43.5
1010824200,137.957,0,72.0808,43.6667
1010827800,137.876,0,72.0779,44.0833
1010827800,137.838,0,72.0775,43.9167
1010827800,137.891,0,72.0788,43.8333
1010827800,137.885,0,72.0792,44
1010827800,137.97,0,72.0808,43.9167
1010827800,137.939,0,72.0804,43.9167
1010827800,137.889,0,72.0804,44.6667
1010827800,137.869,0,72.0808,44.0833
1010827800,137.941,0,72.0846,44.0833
1010827800,137.894,0,72.0842,43.9167
1010827800,137.895,0,72.08,44
1010827800,137.893,0,72.0854,43.8333
1010831400,138.025,0,72.0908,43.8333
1010831400,138.041,0,72.0854,43.6667
1010831400,138.018,0,72.0854,43.9167
1010831400,138.171,0,72.0908,44
1010831400,138.199,0,72.0908,43.8333
1010831400,138.214,0,72.0896,43.9167
1010831400,138.285,0,72.0921,44
1010831400,138.409,0,72.0983,43.9167
1010831400,138.29,0,72.0971,44.0833
1010831400,138.299,0,72.0971,44
1010831400,138.338,0,72.1008,44.0833
1010831400,138.419,0,72.1008,44.25
1010835000,138.487,0,72.1008,43.8333
1010835000,138.501,0,72.1008,43.75
1010835000,138.47,0,72.0958,43.6667
1010835000,138.52,0,72.0908,43.5833
1010835000,138.5,0,72.0908,44.3333
1010835000,138.579,0,72.0908,43.75
1010835000,138.519,0,72.0854,43.0833
1010835000,138.471,0,72.08,42.8333
1010835000,138.572,0,72.08,42.9167
1010835000,138.597,0,72.075,42.9167
1010835000,138.62,0,72.07,42.8333
1010835000,138.626,0,72.0688,42.9167
1010838600,138.564,0,72.0638,42.5
1010838600,138.626,0,72.06,42.5
1010838600,138.65,0,72.055,42.75
1010838600,138.711,0,72.05,42.9167
1010838600,138.706,0,72.05,43.5833
1010838600,138.728,0,72.05,42.75
1010838600,138.73,0,72.0475,43
1010838600,138.743,0,72.0475,43.4167
1010838600,138.728,0,72.0488,42.8333
1010838600,138.789,0,72.0475,43.5
1010838600,138.805,0,72.0463,43.75
1010838600,138.923,0,72.0425,43.5833
1010842200,138.882,0,72.0387,43
1010842200,138.884,0,72.0387,43.9167
1010842200,138.882,0,72.0346,43.5
1010842200,138.894,0,72.0279,44.0833
1010842200,138.9,0,72.0279,44.25
1010842200,138.845,0,72.0279,43.5833
1010842200,138.92,0,72.0254,43.25
1010842200,138.883,0,72.0217,43.75
1010842200,139.03,0,72.0192,43.75
1010842200,138.997,0,72.0192,43.25
1010842200,138.994,0,72.0167,43.8333
1010842200,138.946,0,72.0117,44.0833
1010845800,138.897,0,72.0054,44
1010845800,138.874,0,72.0004,43.5
1010845800,138.901,0,71.9992,43.25
1010845800,138.906,0,71.9942,43.8333
1010845800,138.869,0,71.9863,43.8333
1010845800,138.817,0,71.9833,44.4167
1010845800,138.735,0,71.9808,43.8333
1010845800,138.729,0,71.9734,43.9167
1010845800,138.732,0,71.9721,43.3333
1010845800,138.728,0,71.9721,43
1010845800,138.637,0,71.9633,43.8333
1010845800,138.518,0,71.9558,43.1667
1010849400,138.564,0,71.9508,43.1667
1010849400,138.553,0,71.9483,43.6667
1010849400,138.526,0,71.9404,43.6667
1010849400,138.498,0,71.93,43.75
1010849400,138.538,0,71.9238,43
1010849400,138.488,0,71.9188,43.0833
1010849400,138.484,0,71.915,43.75
1010849400,138.452,0,71.9088,43.8333
1010849400,138.451,0,71.8959,43.3333
1010849400,138.335,0,71.8817,43.9167
1010849400,138.162,0,71.8767,43.5833
1010849400,138.075,0,71.8729,43.6667
1010853000,138.142,0,71.8654,43.9167
1010853000,138.091,0,71.8592,44.0833
1010853000,138.217,0,71.8542,44.1667
1010853000,138.175,0,71.8488,50.1667
1010853000,137.847,0,71.8433,55.1667
1010853000,137.832,0,71.8334,57.25
1010853000,137.866,0,71.8271,59.4167
1010853000,137.764,0,71.8246,59.4167
1010853000,137.94,0,71.8183,61.0833
1010853000,138.42,0,71.8146,61.4167
1010853000,137.979,0,71.8096,60.75
1010853000,137.736,0,71.8033,60.8333
1010856600,138.037,0,71.7967,60.9167
1010856600,137.719,0,71.79,61.25
1010856600,137.778,0,71.7863,61.3333
1010856600,138.044,0,71.785,61.3333
1010856600,138.103,0,71.7875,61.0833
1010856600,137.825,0,71.7875,61.4167
1010856600,138.028,0,71.78,61.1667
1010856600,137.77,0,71.7725,61.8333
1010856600,137.734,0,71.7688,61.8333
1010856600,137.782,0,71.7663,61.9167
1010856600,137.875,0,71.765,60.5
1010856600,137.803,0,71.76,61.3333
1010860200,137.85,0,71.7575,61.25
1010860200,137.863,0,71.7575,61
1010860200,137.787,0,71.755,61.25
1010860200,137.78,0,71.7496,61.6667
1010860200,137.785,0,71.7392,61.8333
1010860200,137.733,0,71.7404,61.9167
1010860200,137.804,0,71.7454,61.5833
1010860200,137.764,0,71.7392,61.1667
1010860200,137.692,0,71.7317,61.4167
1010860200,137.719,0,71.7317,62.3333
1010860200,137.744,0,71.7292,61.75
1010860200,137.73,0,71.7242,61.8333
1010863800,137.686,0,71.7192,61.5833
1010863800,137.667,0,71.7142,62.0833
1010863800,137.717,0,71.7117,62.3333
1010863800,137.682,0,71.7117,62.25
1010863800,137.719,0,71.7129,62.1667
1010863800,137.708,0,71.7154,62.5
1010863800,137.789,0,71.7142,61.9167
1010863800,137.687,0,71.7104,62.3333
1010863800,137.67,0,71.705,62.1667
1010863800,137.681,0,71.6996,61
1010863800,137.722,0,71.6954,61.6667
1010863800,137.648,0,71.6875,62.25
1010867400,137.602,0,71.6838,62.3333
1010867400,137.665,0,71.6825,62.1667
1010867400,137.623,0,71.6837,61.75
1010867400,137.616,0,71.6833,62.25
1010867400,137.647,0,71.6817,62.1667
1010867400,137.66,0,71.6817,61.75
1010867400,137.707,0,71.6792,62
1010867400,137.746,0,71.6792,61.5
1010867400,137.719,0,71.6792,62.25
1010867400,137.689,0,71.6767,61.5
1010867400,137.701,0,71.6762,62
1010867400,137.734,0,71.6787,62.1667
1010871000,137.722,0,71.6817,62
1010871000,0,0,71.6858,62.0833
1010871000,137.724,0,71.6858,61.5
1010871000,137.703,0,71.6858,62
1010871000,137.759,0,71.6912,61.9167
1010871000,137.863,0,71.6925,61.5
1010871000,137.818,0,71.6975,62.1667
1010871000,137.864,0,71.705,61.75
1010871000,137.936,0,71.715,61.5833
1010871000,138.193,0,71.7229,62.25
1010871000,138.236,0,71.7258,62.25
1010871000,137.939,0,71.7312,62.6667
1010874600,138.222,0,71.7387,61.5833
1010874600,138.165,0,71.7433,61.9167
1010874600,137.918,0,71.7458,61.6667
1010874600,137.936,0,71.7508,61.75
1010874600,137.912,0,71.7583,62.5
1010874600,137.88,0,71.7687,62.4167
1010874600,137.926,0,71.7808,61.9167
1010874600,137.944,0,71.795,61.3333
1010874600,138.309,0,71.8166,61.3333
1010874600,138.353,0,71.8358,61.75
1010874600,138.157,0,71.8508,61.5833
1010874600,138.243,0,71.8633,61.5
1010878200,138.047,0,71.8687,61.8333
1010878200,138.305,0,71.8742,61.25
1010878200,138.376,0,71.8904,62
1010878200,138.144,0,71.9133,61
1010878200,138.096,0,71.93,61.1667
1010878200,138.032,0,71.9425,61.4167
1010878200,137.991,0,71.945,60.5833
1010878200,137.857,0,71.9425,61.4167
1010878200,137.924,0,71.9454,60.9167
1010878200,137.856,0,71.9583,61.9167
1010878200,137.806,0,71.9683,61.3333
1010878200,137.772,0,71.9688,62
1009931400,138.474,0,72.1379,68.3333
1009931400,138.464,0,72.1467,64.8333
1009931400,138.483,0,72.162,64.8333
1009931400,138.435,0,72.1775,65.25
1009931400,138.482,0,72.1825,64.8333
1009931400,140.056,0,72.1825,64.8333
1009931400,138.357,0,72.1721,65.25
1009931400,138.19,0,72.1567,65.75
1009931400,138.086,0,72.1517,65.6667
1009931400,138.059,0,72.1517,64.8333
1009931400,138.09,0,72.1517,65.4167
1009931400,138.017,0,72.1517,67.1667
1009935000,137.946,0,72.1517,66.0833
1009935000,137.972,0,72.1467,65.4167
1009935000,138.018,0,72.1442,65.5
1009935000,138.12,0,72.1492,66.4167
1009935000,138.153,0,72.1517,65.75
1009935000,138.167,0,72.1492,65.4167
1009935000,138.21,0,72.1541,66.25
1009935000,138.18,0,72.1567,66.25
1009935000,138.186,0,72.1554,66.0833
1009935000,138.158,0,72.1604,65.6667
1009935000,138.261,0,72.1617,65.9167
1009935000,138.222,0,72.1592,66.5833
1009938600,138.239,0,72.1542,66.0833
1009938600,138.16,0,72.1567,64.8333
1009938600,138.184,0,72.1617,66.6667
1009938600,138.241,0,72.1617,65.9167
1009938600,138.253,0,72.1617,66.5
1009938600,138.228,0,72.1617,66.4167
1009938600,138.349,0,72.1642,66.25
1009938600,138.222,0,72.1642,66.75
1009938600,138.218,0,72.1617,66.5833
1009938600,138.258,0,72.1666,66.4167
1009938600,138.193,0,72.1667,66.5
1009938600,138.176,0,72.1617,67.4167
1009942200,138.228,0,72.1617,67
1009942200,138.136,0,72.1567,66.3333
1009942200,138.083,0,72.1517,66.5833
1009942200,139.444,0,72.1517,67.5833
1009942200,138.058,0,72.1517,65.4167
1009942200,138.009,0,72.1492,66.9167
1009942200,137.919,0,72.1442,66.4167
1009942200,137.889,0,72.1367,66.75
1009942200,139.23,0,72.1292,66.25
1009942200,137.631,0,72.1238,66.25
1009942200,137.736,0,72.1159,67.25
1009942200,137.622,0,72.1121,67.3333
1009945800,137.574,0,72.1071,66.9167
1009945800,137.57,0,72.1008,66.3333
1009945800,138.956,0,72.0958,66.5
1009945800,137.482,0,72.0859,67.25
1009945800,137.43,0,72.0808,67
1009945800,137.374,0,72.0767,66.3333
1009945800,137.4,0,72.0713,67.25
1009945800,137.359,0,72.065,67.1667
1009945800,137.33,0,72.055,66.5
1009945800,137.352,0,72.0525,66.4167
1009945800,137.347,0,72.0525,66.8333
1009945800,137.44,0,72.045,67.4167
1009949400,137.254,0,72.0363,66.6667
1009949400,137.308,0,72.0308,66.25
1009949400,137.457,0,72.0242,67
1009949400,137.478,0,72.0117,66.8333
1009949400,137.241,0,72.0017,66.4167
1009949400,137.125,0,71.9942,66
1009949400,137.086,0,71.9892,67.0833
1009949400,137.12,0,71.9879,67.5833
1009949400,137.145,0,71.9788,66.5833
1009949400,137.121,0,71.9696,67
1009949400,137.139,0,71.9596,67.8333
1009949400,137.05,0,71.9446,68
1009953000,136.991,0,71.9329,67.25
1009953000,136.926,0,71.9263,66.9167
1009953000,136.981,0,71.9188,66.5
1009953000,136.914,0,71.9075,67.4167
1009953000,136.963,0,71.9013,67.0833
1009953000,137.005,0,71.8988,66.75
1009953000,137.01,0,71.8921,67.4167
1009953000,137.088,0,71.8867,67.75
1009953000,137.064,0,71.8921,66.4167
1009953000,137.177,0,71.8975,67.0833
1009953000,137.182,0,71.8975,67
1009953000,137.128,0,71.8921,67.4167
1009956600,137.142,0,71.8867,67
1009956600,137.21,0,71.8842,65.8333
1009956600,137.195,0,71.8817,67.3333
1009956600,137.188,0,71.8792,67.5833
1009956600,137.215,0,71.8717,67.5833
1009956600,137.156,0,71.8629,67.6667
1009956600,137.177,0,71.8579,68
1009956600,137.171,0,71.8592,68.5
1009956600,137.197,0,71.8592,67.5
1009956600,137.292,0,71.8666,67.6667
1009956600,137.295,0,71.8742,67.5833
1009956600,138.644,0,71.8708,68.4167
1009960200,137.326,0,71.8696,67.8333
1009960200,137.295,0,71.8729,67.0833
1009960200,137.309,0,71.8717,67.5833
1009960200,137.304,0,71.8667,67.6667
1009960200,137.324,0,71.8654,67.1667
1009960200,138.767,0,71.8604,67.6667
1009960200,138.425,0,71.8542,67.5833
1009960200,138.433,0,71.8492,68.5
1009960200,137.261,0,71.8479,68.25
1009960200,137.314,0,71.8517,67.4167
1009960200,137.309,0,71.8504,68
1009960200,138.442,0,71.8479,68.5
1009963800,138.938,0,71.8604,67.6667
1009963800,138.486,0,71.8667,66.8333
1009963800,137.466,0,71.8617,68.3333
1009963800,137.444,0,71.8592,67.75
1009963800,137.493,0,71.8592,67.8333
1009963800,139.2,0,71.8691,66.8333
1009963800,139.237,0,71.8742,67.5833
1009963800,139.044,0,71.8692,68.1667
1009963800,138.841,0,71.8617,67.5833
1009963800,137.519,0,71.8604,67.9167
1009963800,137.58,0,71.8654,68.25
1009963800,137.634,0,71.8692,69.0833
1009967400,139.351,0,71.8704,68.5
1009967400,138.951,0,71.8629,67.5833
1009967400,137.718,0,71.8604,67.5
1009967400,137.831,0,71.8654,68.1667
1009967400,137.9,0,71.8704,68.1667
1009967400,139.491,0,71.8704,67.9167
1009967400,138.133,0,71.8642,67.4167
1009967400,138.12,0,71.8642,67.3333
1009967400,139.622,0,71.8617,67.5
1009967400,139.54,0,71.8567,66.8333
1009967400,139.921,0,71.8567,67.75
1009967400,138.384,0,71.8567,68.5
1009971000,139.848,0,71.8592,68.25
1009971000,139.568,0,71.8542,67.75
1009971000,138.368,0,71.8467,68
1009971000,139.824,0,71.8425,67.6667
1009971000,140.183,0,71.8396,67.8333
1009971000,138.474,0,71.8383,67.25
1009971000,138.403,0,71.8358,67.3333
1009971000,138.453,0,71.8308,67.9167
1009971000,138.517,0,71.8258,66.4167
1009971000,138.647,0,71.8258,66
1009971000,140.191,0,71.8233,67.8333
1009971000,140.058,0,71.8183,67.75
1009974600,138.675,0,71.8055,66.8333
1009974600,138.629,0,71.7925,66.0833
1009974600,138.656,0,71.7954,67.3333
1009974600,140.238,0,71.7979,67.1667
1009974600,140.44,0,71.795,66.25
1009974600,138.689,0,71.795,66.8333
1009974600,138.717,0,71.79,67.3333
1009974600,140.149,0,71.7825,67.8333
1009974600,138.637,0,71.7775,67.5
1009974600,138.718,0,71.77,67.25
1009974600,138.693,0,71.765,67.6667
1009974600,138.761,0,71.76,67.75
1009978200,138.759,0,71.7525,66.6667
1009978200,140.35,0,71.7471,66.1667
1009978200,138.657,0,71.7417,67.0833
1009978200,138.75,0,71.7367,66.8333
1009978200,138.66,0,71.7292,66.5833
1009978200,138.662,0,71.7217,66.9167
1009978200,138.632,0,71.7167,67.0833
1009978200,138.643,0,71.7142,68.3333
1009978200,138.684,0,71.7129,67.1667
1009978200,138.718,0,71.7079,67.5
1009978200,138.737,0,71.6988,67.5833
1009978200,138.774,0,71.6883,68.5
1009981800,138.714,0,71.6833,67.25
1009981800,138.67,0,71.6784,66.4167
1009981800,138.585,0,71.6733,66.4167
1009981800,138.617,0,71.6684,66.8333
1009981800,138.486,0,71.6633,66
1009981800,138.657,0,71.6579,66.6667
1009981800,138.504,0,71.6513,66.75
1009981800,138.492,0,71.6488,66.9167
1009981800,138.521,0,71.64,67.25
1009981800,138.485,0,71.6362,67.0833
1009981800,138.571,0,71.6412,66.5833
1009981800,138.546,0,71.6375,67.3333
1009985400,138.479,0,71.63,67.4167
1009985400,138.525,0,71.625,67.75
1009985400,138.378,0,71.6225,67
1009985400,138.48,0,71.6225,67.5833
1009985400,139.848,0,71.6225,66.1667
1009985400,138.403,0,71.6213,66.1667
1009985400,138.391,0,71.6163,67
1009985400,138.319,0,71.6071,67.1667
1009985400,139.801,0,71.6004,66.8333
1009985400,139.979,0,71.5954,66.5833
1009985400,138.354,0,71.5867,66.8333
1009985400,138.335,0,71.5792,67.8333
1009989000,138.354,0,71.5742,67.0833
1009989000,138.366,0,71.5717,66.5833
1009989000,138.27,0,71.5613,67.25
1009989000,138.266,0,71.5533,67.6667
1009989000,138.265,0,71.5558,66.4167
1009989000,138.245,0,71.5533,67
1009989000,138.196,0,71.5483,67.25
1009989000,138.214,0,71.5433,66.9167
1009989000,138.178,0,71.5359,66.9167
1009989000,138.146,0,71.5271,67.0833
1009989000,138.069,0,71.5167,66.5833
1009989000,138.06,0,71.5129,67.1667
1009992600,138.124,0,71.5129,67.25
1009992600,138.103,0,71.505,66.75
1009992600,138.079,0,71.5037,67.5833
1009992600,138.119,0,71.5088,67.3333
1009992600,138.138,0,71.5025,66.5
1009992600,138.142,0,71.4975,66.5
1009992600,138.144,0,71.495,67
1009992600,138.154,0,71.4871,67.4167
1009992600,138.077,0,71.4817,66.75
1009992600,138.15,0,71.4763,66.5
1009992600,138.054,0,71.4737,66.4167
1009992600,138.041,0,71.4725,67.0833
1009996200,138.072,0,71.47,66.9167
1009996200,137.956,0,71.4688,67.25
1009996200,138.043,0,71.4633,67.3333
1009996200,137.97,0,71.4529,67.75
1009996200,137.817,0,71.4425,66.5
1009996200,137.881,0,71.4371,66.6667
1009996200,137.886,0,71.4367,67.1667
1009996200,137.899,0,71.4371,67.25
1009996200,137.852,0,71.435,66.5833
1009996200,137.897,0,71.4296,67.5
1009996200,137.899,0,71.4213,68.0833
1009996200,137.81,0,71.4109,67.6667
1009999800,137.889,0,71.4083,67
1009999800,137.902,0,71.4108,67.3333
1009999800,137.849,0,71.4079,67.4167
1009999800,137.801,0,71.405,68
1009999800,137.789,0,71.405,67
1009999800,137.788,0,71.405,66.5
1009999800,137.849,0,71.4,67.6667
1009999800,137.75,0,71.39,67.8333
1009999800,137.733,0,71.3813,67
1009999800,137.665,0,71.3763,67.5
1009999800,137.666,0,71.3721,68.1667
1009999800,137.692,0,71.3721,67.8333
1010003400,137.695,0,71.3696,67.5
1010003400,137.676,0,71.3642,67.5
1010003400,137.642,0,71.3642,67.1667
1010003400,137.625,0,71.3629,67.8333
1010003400,137.631,0,71.3579,67.4167
1010003400,137.664,0,71.3554,66.6667
1010003400,137.663,0,71.3554,68.25
1010003400,137.594,0,71.3504,67.4167
1010003400,137.616,0,71.3442,67.3333
1010003400,137.582,0,71.3429,67.0833
1010003400,137.587,0,71.3429,67.6667
1010003400,137.591,0,71.3429,67.6667
1010007000,137.592,0,71.3417,67.4167
1010007000,137.471,0,71.3392,67.3333
1010007000,137.383,0,71.3392,67.75
1010007000,137.512,0,71.3417,67.5833
1010007000,137.485,0,71.3442,67.4167
1010007000,137.479,0,71.3442,66.75
1010007000,137.564,0,71.3442,68.9167
1010007000,137.53,0,71.3467,68.6667
1010007000,137.487,0,71.3467,67.8333
1010007000,137.481,0,71.3442,67.8333
1010007000,137.48,0,71.3467,67.4167
1010007000,137.584,0,71.3541,67.6667
1010010600,137.582,0,71.3617,67.0833
1010010600,137.474,0,71.3654,66.6667
1010010600,137.765,0,71.3679,67.5
1010010600,137.454,0,71.3708,67.8333
1010010600,137.508,0,71.3737,67
1010010600,137.557,0,71.38,67.0833
1010010600,137.605,0,71.39,67.5833
1010010600,137.547,0,71.3954,67.75
1010010600,137.507,0,71.3929,67.8333
1010010600,137.396,0,71.3954,67.8333
1010010600,137.475,0,71.3983,67.3333
1010010600,137.445,0,71.3983,68.5833
1010014200,137.479,0,71.4042,67.4167
1010014200,137.529,0,71.4075,67.0833
1010014200,137.516,0,71.41,67.9167
1010014200,137.615,0,71.4154,68
1010014200,137.704,0,71.4229,66.5833
1010014200,137.697,0,71.4279,67.25
1010014200,137.753,0,71.4333,66.75
1010014200,137.776,0,71.4383,67.0833
1010014200,137.774,0,71.4433,66
1010014200,137.727,0,71.4512,66.9167
1010014200,137.763,0,71.4567,67
1010014200,137.843,0,71.4641,67.5
1011918600,136.7,0,71.3425,64.9167
1011918600,136.562,0,71.3516,60.75
1011918600,136.627,0,71.3621,60.5
1011918600,136.745,0,71.365,61.0833
1011918600,136.441,0,71.3675,59.3333
1011918600,136.51,0,71.3829,59.5833
1011918600,136.63,0,71.3983,59.9167
1011918600,136.541,0,71.4046,59.5
1011918600,136.465,0,71.4071,59.4167
1011918600,136.432,0,71.4121,58.8333
1011918600,136.486,0,71.4225,59.5
1011918600,136.541,0,71.4317,59.75
1011922200,136.538,0,71.4342,59.8333
1011922200,136.415,0,71.4317,59.6667
1011922200,136.448,0,71.4342,60
1011922200,136.409,0,71.4392,60.1667
1011922200,136.483,0,71.4442,60.5
1011922200,136.423,0,71.4442,60.9167
1011922200,136.291,0,71.4383,59.6667
1011922200,136.326,0,71.4408,60.0833
1011922200,136.471,0,71.4512,60.5
1011922200,136.419,0,71.4567,60
1011922200,136.375,0,71.4525,60.9167
1011922200,136.375,0,71.4446,60.5
1011925800,136.304,0,71.4375,61.25
1011925800,136.336,0,71.4429,60.9167
1011925800,136.374,0,71.4529,60.25
1011925800,136.481,0,71.4558,61.0833
1011925800,136.425,0,71.4513,61.1667
1011925800,136.438,0,71.4467,61.4167
1011925800,136.483,0,71.4496,60.9167
1011925800,136.464,0,71.45,61.25
1011925800,136.46,0,71.4463,60.9167
1011925800,136.363,0,71.4408,61.3333
1011925800,136.331,0,71.4367,61.3333
1011925800,136.302,0,71.4371,61.5
1011929400,136.241,0,71.44,61.8333
1011929400,136.181,0,71.44,62.0833
1011929400,136.206,0,71.445,60.9167
1011929400,136.3,0,71.4525,60.9167
1011929400,136.276,0,71.4525,61.1667
1011929400,136.307,0,71.45,61.6667
1011929400,136.329,0,71.4475,60.75
1011929400,136.413,0,71.4475,60.75
1011929400,136.089,0,71.445,61.9167
1011929400,136.047,0,71.4425,62.1667
1011929400,136.026,0,71.4425,62.5
1011929400,136.679,0,71.4375,61.9167
1011933000,135.839,0,71.4325,62.4167
1011933000,135.878,0,71.4325,61.8333
1011933000,135.806,0,71.4275,61.8333
1011933000,135.786,0,71.42,62.4167
1011933000,135.763,0,71.4212,62.25
1011933000,135.701,0,71.4238,61.5833
1011933000,135.72,0,71.4225,62.4167
1011933000,135.762,0,71.4262,61.8333
1011933000,136.183,0,71.4312,61.6667
1011933000,136.35,0,71.4375,61.5833
1011933000,135.859,0,71.4425,61.9167
1011933000,135.927,0,71.4425,62.5833
1011936600,135.819,0,71.4325,62.6667
1011936600,135.662,0,71.4225,61.5833
1011936600,135.704,0,71.42,61.5
1011936600,135.698,0,71.4237,62.0833
1011936600,135.803,0,71.4287,62.0833
1011936600,135.746,0,71.425,62.25
1011936600,135.708,0,71.4287,61.8333
1011936600,135.752,0,71.4288,62.1667
1011936600,135.75,0,71.4225,62.5
1011936600,135.708,0,71.42,62
1011936600,135.681,0,71.415,62
1011936600,135.736,0,71.415,62.4167
1011940200,135.666,0,71.4133,61.8333
1011940200,135.594,0,71.4079,62.6667
1011940200,135.651,0,71.4092,62.75
1011940200,135.752,0,71.4196,61.8333
1011940200,136.089,0,71.425,61.6667
1011940200,136.032,0,71.4171,62.75
1011940200,135.798,0,71.4171,62.1667
1011940200,135.821,0,71.4213,61.8333
1011940200,135.736,0,71.4134,62.4167
1011940200,135.715,0,71.4067,62.75
1011940200,135.726,0,71.4017,62.8333
1011940200,135.678,0,71.3942,62.9167
1011943800,135.59,0,71.3892,63.1667
1011943800,135.565,0,71.3792,63.3333
1011943800,135.615,0,71.3717,62.9167
1011943800,135.6,0,71.3717,62.4167
1011943800,135.543,0,71.3717,62.5
1011943800,135.616,0,71.3688,62.1667
1011943800,135.671,0,71.3621,62.5833
1011943800,135.719,0,71.3596,62.5
1011943800,135.685,0,71.3583,62.6667
1011943800,135.654,0,71.3558,63.1667
1011943800,135.695,0,71.3533,63
1011943800,0,0,71.3517,62.1667
1011947400,135.658,0,71.3529,61.6667
1011947400,135.644,0,71.3521,62.4167
1011947400,137.349,0,71.3533,63.25
1011947400,135.776,0,71.3558,62.3333
1011947400,135.83,0,71.3558,61.9167
1011947400,135.757,0,71.3509,62.4167
1011947400,135.739,0,71.3458,63.0833
1011947400,135.727,0,71.3483,62.25
1011947400,135.755,0,71.3533,62.5
1011947400,135.836,0,71.3496,63.3333
1011947400,135.786,0,71.3458,62.5
1011947400,135.776,0,71.3421,62.0833
1011951000,135.697,0,71.3383,63.6667
1011951000,135.735,0,71.3408,62.9167
1011951000,135.797,0,71.3346,62.75
1011951000,135.755,0,71.3321,63.25
1011951000,135.737,0,71.3358,62.5833
1011951000,135.778,0,71.3408,63.75
1011951000,135.83,0,71.3471,61.8333
1011951000,135.901,0,71.3546,63.75
1011951000,135.915,0,71.3608,62.9167
1011951000,135.924,0,71.3662,62.4167
1011951000,135.952,0,71.3767,63.1667
1011951000,135.972,0,71.3842,63.6667
1011954600,136.027,0,71.3892,62.6667
1011954600,136.004,0,71.3763,62.4167
1011954600,135.906,0,71.3712,63.0833
1011954600,135.99,0,71.3767,63.25
1011954600,136.087,0,71.3767,63.5
1011954600,136.164,0,71.3842,63.6667
1011954600,136.266,0,71.3917,62.5
1011954600,137.828,0,71.3892,62.9167
1011954600,136.306,0,71.3779,63.1667
1011954600,136.408,0,71.3854,62.4167
1011954600,0,0,71.4004,62
1011954600,136.62,0,71.4079,61.9167
1011958200,136.799,0,71.4117,62.4167
1011958200,136.674,0,71.4092,62.4167
1011958200,136.866,0,71.4092,62.3333
1011958200,136.839,0,71.4171,62.4167
1011958200,136.863,0,71.4225,61.0833
1011958200,137.047,0,71.435,62
1011958200,137.094,0,71.44,62.6667
1011958200,137.104,0,71.4425,61.75
1011958200,137.305,0,71.4554,62.0833
1011958200,137.322,0,71.45,61.6667
1011958200,137.163,0,71.4421,61.5833
1011958200,137.179,0,71.4417,62
1011961800,137.278,0,71.4404,61.4167
1011961800,137.223,0,71.4425,61.3333
1011961800,137.234,0,71.4429,60.9167
1011961800,137.272,0,71.4354,61.25
1011961800,137.133,0,71.4292,61.3333
1011961800,137.546,0,71.4292,61.9167
1011961800,137.338,0,71.4246,62.1667
1011961800,137.3,0,71.4179,61.6667
1011961800,137.573,0,71.4129,61
1011961800,137.31,0,71.4092,61.4167
1011961800,137.615,0,71.4117,61.5
1011961800,137.409,0,71.4063,60.75
1011965400,137.722,0,71.4012,62.25
1011965400,137.323,0,71.3988,62
1011965400,137.336,0,71.3908,61.6667
1011965400,137.335,0,71.3883,62.5833
1011965400,137.244,0,71.3858,61.3333
1011965400,137.258,0,71.3833,61.5
1011965400,137.277,0,71.3808,62
1011965400,137.359,0,71.3758,61.9167
1011965400,137.271,0,71.3592,62.1667
1011965400,137.2,0,71.3512,63.5
1011965400,137.333,0,71.355,62.4167
1011965400,137.429,0,71.35,62.25
1011969000,137.472,0,71.3438,62.25
1011969000,137.321,0,71.3412,63.0833
1011969000,137.452,0,71.3321,62.8333
1011969000,137.433,0,71.3204,62.5833
1011969000,137.495,0,71.3167,62.0833
1011969000,137.448,0,71.3104,63
1011969000,137.513,0,71.3092,63.4167
1011969000,137.598,0,71.3067,62.3333
1011969000,137.532,0,71.2992,62.1667
1011969000,137.469,0,71.2917,63
1011969000,137.573,0,71.2867,63.5833
1011969000,138.193,0,71.2854,62.9167
1011972600,137.584,0,71.28,62.8333
1011972600,137.879,0,71.2733,63.0833
1011972600,137.56,0,71.2634,62.6667
1011972600,137.396,0,71.2583,62.75
1011972600,137.378,0,71.2583,61.5833
1011972600,137.424,0,71.2571,62.5833
1011972600,137.575,0,71.2571,62.75
1011972600,137.449,0,71.2558,63.1667
1011972600,137.503,0,71.2533,62.8333
1011972600,137.464,0,71.2483,63.75
1011972600,137.501,0,71.2429,64.8333
1011972600,137.444,0,71.2358,63.5833
1011976200,137.431,0,71.2275,63.6667
1011976200,137.344,0,71.2208,63
1011976200,137.338,0,71.2163,63.5833
1011976200,137.335,0,71.2113,63.5833
1011976200,137.295,0,71.205,63.1667
1011976200,137.211,0,71.2017,63.1667
1011976200,137.211,0,71.2004,63.5833
1011976200,137.28,0,71.1992,63
1011976200,137.242,0,71.1913,63.6667
1011976200,137.168,0,71.1808,63.5
1011976200,137.209,0,71.1742,63
1011976200,137.198,0,71.1712,63.8333
1011979800,137.258,0,71.1696,63.5833
1011979800,137.231,0,71.1642,63.25
1011979800,137.103,0,71.1588,62.8333
1011979800,137.096,0,71.1533,63.3333
1011979800,137.073,0,71.1521,63.5833
1011979800,137.141,0,71.1571,63.3333
1011979800,137.1,0,71.1534,63.6667
1011979800,137.226,0,71.1458,63.6667
1011979800,137.007,0,71.1458,63.25
1011979800,137.006,0,71.1404,63.6667
1011979800,137.04,0,71.1392,63.3333
1011979800,137.038,0,71.1421,63.9167
1011983400,136.964,0,71.1379,63
1011983400,136.922,0,71.1275,63.5
1011983400,136.901,0,71.1225,63.75
1011983400,136.917,0,71.12,64.3333
1011983400,137.47,0,71.12,64.25
1011983400,136.991,0,71.12,63.75
1011983400,136.798,0,71.1138,63.5833
1011983400,136.762,0,71.1137,63.3333
1011983400,136.811,0,71.115,64.3333
1011983400,136.828,0,71.1175,63.9167
1011983400,136.747,0,71.12,63.9167
1011983400,136.69,0,71.1175,63.0833
1011987000,136.673,0,71.1125,63.75
1011987000,136.662,0,71.1137,63.8333
1011987000,136.529,0,71.1088,63.5833
1011987000,136.592,0,71.1075,63.3333
1011987000,136.593,0,71.1125,64.0833
1011987000,136.585,0,71.1137,63.75
1011987000,136.66,0,71.1162,62.6667
1011987000,136.594,0,71.12,64.1667
1011987000,136.58,0,71.13,63.0833
1011987000,136.64,0,71.125,63
1011987000,136.663,0,71.12,63.25
1011987000,136.679,0,71.1275,64
1011990600,136.806,0,71.1325,63.4167
1011990600,136.898,0,71.135,63.5
1011990600,136.737,0,71.135,62.8333
1011990600,136.719,0,71.135,63.5833
1011990600,136.684,0,71.1404,63.25
1011990600,136.724,0,71.1508,63.6667
1011990600,136.776,0,71.1583,62.9167
1011990600,136.815,0,71.1608,63.9167
1011990600,136.798,0,71.1596,63.6667
1011990600,136.847,0,71.1621,62.5833
1011990600,136.689,0,71.1633,62.25
1011990600,136.738,0,71.1683,62.9167
1011994200,136.747,0,71.1708,63.5833
1011994200,136.77,0,71.1746,62.8333
1011994200,136.813,0,71.1875,63.0833
1011994200,136.893,0,71.1917,62.8333
1011994200,136.794,0,71.1942,64.6667
1011994200,136.796,0,71.1967,63.4167
1011994200,136.842,0,71.2041,63.3333
1011994200,136.82,0,71.2142,63.8333
1011994200,136.878,0,71.2167,62.8333
1011994200,136.996,0,71.2216,63.5
1011994200,136.848,0,71.2242,62.9167
1011994200,136.764,0,71.2242,62.75
1011997800,136.694,0,71.2321,63.6667
1011997800,136.774,0,71.24,63.5
1011997800,136.774,0,71.2462,62.5833
1011997800,136.848,0,71.2537,63.0833
1011997800,136.9,0,71.26,63.25
1011997800,136.729,0,71.2575,63.4167
1011997800,136.736,0,71.2612,62.75
1011997800,136.791,0,71.2737,62.3333
1011997800,136.689,0,71.275,63.5833
1011997800,136.648,0,71.2754,62.5833
1011997800,136.719,0,71.2833,63.25
1011997800,136.745,0,71.2871,63.5833
1012001400,136.668,0,71.2896,62.75
1012001400,136.668,0,71.2933,63.8333
1012001400,136.609,0,71.2946,63.6667
1012001400,136.57,0,71.3025,63.5
1012001400,136.57,0,71.3092,62.4167
1012001400,136.488,0,71.3117,62.4167
1012001400,136.458,0,71.3183,63.5
1012001400,136.387,0,71.3279,62.5
1012001400,136.27,0,71.3346,63.4167
1012001400,136.313,0,71.3429,63.5833
1012001400,136.315,0,71.3558,63.3333
1012001400,136.451,0,71.3671,63.8333
1010277000,137.243,0,71.5866,59.8333
1010277000,137.151,0,71.5917,57.6667
1010277000,137.105,0,71.5966,58
1010277000,137.127,0,71.6017,57.8333
1010277000,137.092,0,71.6042,58.25
1010277000,137.811,0,71.6121,58.0833
1010277000,137.296,0,71.62,58.0833
1010277000,137.294,0,71.625,58.1667
1010277000,137.849,0,71.6312,58
1010277000,137.329,0,71.6425,58.6667
1010277000,137.305,0,71.6512,58.5
1010277000,137.314,0,71.6579,58.5
1010280600,137.291,0,71.6671,58.6667
1010280600,137.3,0,71.6758,59.0833
1010280600,137.287,0,71.6821,58.5833
1010280600,137.334,0,71.6833,58.8333
1010280600,137.086,0,71.6883,58.5
1010280600,137.097,0,71.6987,58.6667
1010280600,137.153,0,71.7092,58.8333
1010280600,137.163,0,71.7192,58.0833
1010280600,137.152,0,71.7254,58.75
1010280600,137.414,0,71.7304,59
1010280600,137.368,0,71.7342,58.6667
1010280600,137.167,0,71.7392,59.25
1010284200,137.52,0,71.7442,59.1667
1010284200,137.184,0,71.7496,58.5
1010284200,137.476,0,71.7575,59.1667
1010284200,137.147,0,71.7625,59.25
1010284200,137.368,0,71.7662,58.8333
1010284200,137.118,0,71.7663,58.5833
1010284200,137.08,0,71.7675,58.5
1010284200,137.41,0,71.7725,58.9167
1010284200,137.47,0,71.7787,58.9167
1010284200,137.398,0,71.7813,59
1010284200,137.038,0,71.7812,58.9167
1010284200,137.177,0,71.7837,58.6667
1010287800,137.292,0,71.7887,58.0833
1010287800,137.25,0,71.7925,58.25
1010287800,137.335,0,71.7937,58.5
1010287800,137.132,0,71.7979,58.0833
1010287800,137.132,0,71.8008,58.0833
1010287800,137.348,0,71.8008,58.4167
1010287800,137.379,0,71.8033,58.1667
1010287800,137.154,0,71.8046,58.25
1010287800,137.362,0,71.7996,58.0833
1010287800,137.383,0,71.7996,58.1667
1010287800,137.087,0,71.8021,58
1010287800,137.025,0,71.7979,57.4167
1010291400,137.343,0,71.795,57.9167
1010291400,137.214,0,71.7979,57.75
1010291400,137.216,0,71.7979,58.1667
1010291400,137.211,0,71.7954,58.9167
1010291400,137.15,0,71.7958,58
1010291400,137.494,0,71.7942,58.5833
1010291400,137.461,0,71.7925,58
1010291400,137.258,0,71.7888,58.4167
1010291400,137.194,0,71.7838,57.75
1010291400,137.449,0,71.78,58.0833
1010291400,137.148,0,71.7763,58.4167
1010291400,137.079,0,71.7725,58.4167
1010295000,137.39,0,71.7675,57.5833
1010295000,137.083,0,71.7638,58.5
1010295000,137.142,0,71.7625,58.1667
1010295000,137.286,0,71.7563,58.25
1010295000,137.279,0,71.75,58.6667
1010295000,137.055,0,71.7434,58.4167
1010295000,136.959,0,71.7317,58.5833
1010295000,136.919,0,71.7204,58.4167
1010295000,137.063,0,71.7129,58.6667
1010295000,136.853,0,71.7092,59.0833
1010295000,136.924,0,71.7054,59.0833
1010295000,137.038,0,71.6988,59.3333
1010298600,137.136,0,71.6933,58.5833
1010298600,136.753,0,71.6871,58.3333
1010298600,136.792,0,71.6796,58.3333
1010298600,136.845,0,71.6758,58.75
1010298600,137.097,0,71.6733,58.75
1010298600,136.885,0,71.6733,58.9167
1010298600,136.903,0,71.6733,58.5833
1010298600,137.096,0,71.6684,58.9167
1010298600,137.013,0,71.6633,59.0833
1010298600,137.227,0,71.6683,58.75
1010298600,137.037,0,71.6733,58.5833
1010298600,137.183,0,71.6733,59.1667
1010302200,136.982,0,71.6733,59.1667
1010302200,136.992,0,71.6721,58.4167
1010302200,137.309,0,71.6708,58.5
1010302200,137.334,0,71.6708,58.75
1010302200,137.124,0,71.6721,58.1667
1010302200,137.172,0,71.6733,58.5
1010302200,137.14,0,71.6733,58.6667
1010302200,137.1,0,71.6733,59.0833
1010302200,137.226,0,71.6733,58.75
1010302200,137.439,0,71.6771,58.9167
1010302200,137.423,0,71.6808,58.9167
1010302200,137.187,0,71.6796,58.8333
1010305800,137.193,0,71.6771,58.0833
1010305800,137.199,0,71.6771,59
1010305800,137.221,0,71.6858,58.75
1010305800,137.546,0,71.6971,58.4167
1010305800,137.292,0,71.7025,58.9167
1010305800,137.241,0,71.7042,58.8333
1010305800,137.556,0,71.7042,58.4167
1010305800,137.191,0,71.7079,58.1667
1010305800,137.206,0,71.7154,58.0833
1010305800,137.223,0,71.7217,59.0833
1010305800,137.536,0,71.7291,58.0833
1010305800,137.319,0,71.7367,58.1667
1010309400,137.301,0,71.7471,58.6667
1010309400,137.33,0,71.7538,58.8333
1010309400,137.325,0,71.7525,58.9167
1010309400,137.572,0,71.7537,58.75
1010309400,137.293,0,71.7575,59.25
1010309400,137.275,0,71.7625,58.8333
1010309400,137.282,0,71.7675,58.6667
1010309400,137.588,0,71.7725,58.4167
1010309400,137.696,0,71.775,59.0833
1010309400,137.601,0,71.7787,58.4167
1010309400,137.414,0,71.7862,58.8333
1010309400,137.496,0,71.7925,59
1010313000,137.523,0,71.7979,58
1010313000,137.57,0,71.8033,58.75
1010313000,137.638,0,71.8108,58.75
1010313000,137.725,0,71.8208,58.1667
1010313000,137.78,0,71.8258,59
1010313000,137.854,0,71.8321,58.5833
1010313000,137.959,0,71.8462,58.75
1010313000,138.019,0,71.8604,58.5833
1010313000,138.305,0,71.8667,58.8333
1010313000,138.279,0,71.8667,58.25
1010313000,138.138,0,71.8717,58.25
1010313000,138.108,0,71.8742,58.4167
1010316600,138.137,0,71.8791,58.6667
1010316600,138.062,0,71.8817,58.1667
1010316600,138.059,0,71.8792,58.1667
1010316600,138.298,0,71.8829,58.0833
1010316600,138.033,0,71.8842,58.25
1010316600,138.102,0,71.8854,58.6667
1010316600,138.371,0,71.8867,58.6667
1010316600,138.268,0,71.8921,58.1667
1010316600,138.198,0,71.8975,58.25
1010316600,138.406,0,71.8975,57.8333
1010316600,138.275,0,71.8975,58.3333
1010316600,0,0,71.8975,58.5
1010320200,138.598,0,71.895,58
1010320200,138.186,0,71.8925,58.0833
1010320200,138.322,0,71.8925,57.75
1010320200,138.648,0,71.895,58.0833
1010320200,138.648,0,71.8975,57.5833
1010320200,138.354,0,71.8975,58.0833
1010320200,138.399,0,71.8921,58.25
1010320200,138.64,0,71.8867,58.5
1010320200,138.38,0,71.8867,58.5
1010320200,138.603,0,71.8921,57.9167
1010320200,138.727,0,71.8921,57.3333
1010320200,138.421,0,71.8854,57.8333
1010323800,138.471,0,71.8804,57.9167
1010323800,138.603,0,71.8767,58.0833
1010323800,138.484,0,71.8817,58.5833
1010323800,138.463,0,71.8867,58.5
1010323800,138.388,0,71.8817,58.25
1010323800,138.583,0,71.8779,58.6667
1010323800,138.634,0,71.8779,58.6667
1010323800,138.404,0,71.8767,58.9167
1010323800,138.632,0,71.8767,58.9167
1010323800,138.463,0,71.8717,58.75
1010323800,138.319,0,71.8642,58.6667
1010323800,138.525,0,71.8642,58.1667
1010327400,138.671,0,71.8667,59.3333
1010327400,138.587,0,71.8617,58.5
1010327400,138.526,0,71.8617,57.8333
1010327400,138.444,0,71.8642,58.6667
1010327400,138.478,0,71.8604,58.8333
1010327400,138.255,0,71.8579,58.6667
1010327400,138.475,0,71.8542,58.9167
1010327400,138.207,0,71.8554,58.75
1010327400,138.444,0,71.8579,58.1667
1010327400,138.41,0,71.8542,58.25
1010327400,138.184,0,71.8492,57.5833
1010327400,138.083,0,71.8467,57.75
1010331000,138.349,0,71.8438,58.75
1010331000,138.237,0,71.8408,58.4167
1010331000,138.155,0,71.8437,58.5833
1010331000,138.146,0,71.8438,58.8333
1010331000,138.517,0,71.8433,58.4167
1010331000,138.215,0,71.8409,59.0833
1010331000,138.434,0,71.8383,58.3333
1010331000,138.109,0,71.8383,59.25
1010331000,138.192,0,71.8358,59.4167
1010331000,138.456,0,71.8358,59.5
1010331000,138.161,0,71.8333,59.6667
1010331000,138.386,0,71.8333,58.9167
1010334600,138.489,0,71.8383,57.9167
1010334600,138.342,0,71.8371,59
1010334600,138.424,0,71.8308,58.9167
1010334600,138.446,0,71.8308,59.3333
1010334600,138.532,0,71.8259,59.3333
1010334600,138.366,0,71.8171,59.1667
1010334600,138.426,0,71.8158,59.3333
1010334600,138.338,0,71.8158,59.3333
1010334600,138.255,0,71.8121,59.1667
1010334600,138.352,0,71.8121,59.4167
1010334600,138.274,0,71.8108,59.4167
1010334600,138.357,0,71.8083,59.5833
1010338200,138.409,0,71.8133,59.6667
1010338200,138.175,0,71.8158,58.9167
1010338200,138.189,0,71.8158,59.0833
1010338200,138.188,0,71.8133,59.6667
1010338200,138.443,0,71.8083,59.0833
1010338200,138.126,0,71.8058,59.8333
1010338200,138.105,0,71.8058,59.4167
1010338200,138.111,0,71.8058,59.5
1010338200,138.048,0,71.8017,59.9167
1010338200,138.221,0,71.8017,59.6667
1010338200,138.311,0,71.8058,59.6667
1010338200,138.102,0,71.8046,59.5
1010341800,138.151,0,71.8046,59.75
1010341800,138.132,0,71.8058,59.5
1010341800,138.316,0,71.8096,59.1667
1010341800,138.141,0,71.8133,59.75
1010341800,138.298,0,71.8096,60.1667
1010341800,138.138,0,71.8058,59.5
1010341800,138.417,0,71.8029,59.5
1010341800,138.208,0,71.8004,59.9167
1010341800,138.145,0,71.8033,59.5
1010341800,138.297,0,71.8033,59.5833
1010341800,138.265,0,71.8008,59.25
1010341800,0,0,71.8033,58.6667
1010345400,138.009,0,71.8004,59.25
1010345400,138.181,0,71.7925,59.3333
1010345400,137.954,0,71.7954,59.1667
1010345400,138.009,0,71.7979,59.1667
1010345400,138.044,0,71.795,59.5
1010345400,137.987,0,71.7925,59.5
1010345400,138.044,0,71.79,59.5833
1010345400,137.941,0,71.785,59.6667
1010345400,138.158,0,71.7812,58.9167
1010345400,138.198,0,71.7825,59.8333
1010345400,138.159,0,71.78,59.8333
1010345400,138.101,0,71.7738,59.5
1010349000,138.643,0,71.77,59.5833
1010349000,137.998,0,71.765,59.75
1010349000,137.799,0,71.7625,58.8333
1010349000,137.803,0,71.76,60.0833
1010349000,137.83,0,71.7562,59.8333
1010349000,137.984,0,71.7563,60.1667
1010349000,137.761,0,71.7546,59.75
1010349000,137.945,0,71.7454,59.25
1010349000,137.862,0,71.7404,59.1667
1010349000,137.905,0,71.7467,59.6667
1010349000,137.718,0,71.7467,59.5833
1010349000,137.666,0,71.7479,60.25
1010352600,137.737,0,71.7529,60
1010352600,138.017,0,71.7567,60.1667
1010352600,138.164,0,71.7579,59.75
1010352600,137.799,0,71.7604,59.5833
1010352600,137.869,0,71.7662,60
1010352600,138.034,0,71.7708,60.4167
1010352600,137.785,0,71.775,59.5833
1010352600,137.993,0,71.7804,60.0833
1010352600,138.027,0,71.7842,59.8333
1010352600,137.811,0,71.7842,59.75
1010352600,137.701,0,71.7846,59.6667
1010352600,137.683,0,71.79,60.3333
1010356200,137.874,0,71.7938,59.75
1010356200,138.046,0,71.7975,59.6667
1010356200,138.095,0,71.8046,59.4167
1010356200,137.792,0,71.8108,60.5
1010356200,137.855,0,71.8204,60.1667
1010356200,137.934,0,71.8308,59.3333
1010356200,138.136,0,71.8358,59.8333
1010356200,137.887,0,71.8437,59.75
1010356200,138.118,0,71.8542,60
1010356200,138.182,0,71.8617,59.75
1010356200,137.911,0,71.8692,59.9167
1010356200,138.162,0,71.8717,59.3333
1010359800,137.799,0,71.8791,59.4167
1010359800,137.91,0,71.8908,59.5
1010359800,137.868,0,71.8987,58.9167
1010359800,137.657,0,71.905,59.5833
1010359800,137.614,0,71.9075,59.75
1010359800,137.611,0,71.9125,59.6667
1010359800,137.545,0,71.9225,59.75
1010359800,137.854,0,71.9325,59.5
1010359800,137.568,0,71.9429,59.1667
1010359800,137.813,0,71.9533,59.5
1010359800,137.689,0,71.9596,60
1010359800,137.573,0,71.9629,59.6667
1010190600,137.419,0,71.3375,55.4167
1010190600,137.239,0,71.3375,54.1667
1010190600,137.167,0,71.3321,53.5
1010190600,137.052,0,71.3321,53.5
1010190600,137.081,0,71.3259,53.5833
1010190600,136.925,0,71.3192,53.3333
1010190600,137.073,0,71.3254,53.25
1010190600,137.119,0,71.3217,53.3333
1010190600,137.003,0,71.3192,53.8333
1010190600,137.002,0,71.3242,53.4167
1010190600,136.828,0,71.3242,53.5
1010190600,136.896,0,71.3296,54.0833
1010194200,136.947,0,71.335,53.0833
1010194200,137.301,0,71.3296,53.0833
1010194200,136.815,0,71.3204,53.4167
1010194200,136.741,0,71.3245,53.75
1010194200,136.765,0,71.3325,53.5
1010194200,136.759,0,71.3258,54
1010194200,136.761,0,71.3283,53.0833
1010194200,136.842,0,71.3363,53.5
1010194200,136.841,0,71.3375,53.75
1010194200,136.8,0,71.3363,54.0833
1010194200,136.84,0,71.3325,54.1667
1010194200,136.831,0,71.3375,53.6667
1010197800,136.883,0,71.3462,54
1010197800,136.854,0,71.3425,54.3333
1010197800,136.833,0,71.3425,54.3333
1010197800,136.819,0,71.3425,54.0833
1010197800,136.791,0,71.3325,53.9167
1010197800,136.797,0,71.3387,54.4167
1010197800,136.901,0,71.3512,53.5833
1010197800,136.881,0,71.35,53.5
1010197800,136.884,0,71.3525,54.1667
1010197800,136.918,0,71.3575,54.3333
1010197800,136.884,0,71.3513,53.8333
1010197800,136.944,0,71.3475,54.3333
1010201400,136.933,0,71.3537,54.0833
1010201400,136.915,0,71.355,54.25
1010201400,136.9,0,71.35,53.4167
1010201400,136.941,0,71.3475,54.1667
1010201400,137.015,0,71.345,54.4167
1010201400,136.84,0,71.335,54.8333
1010201400,136.756,0,71.3134,54.3333
1010201400,136.628,0,71.2979,54.6667
1010201400,136.708,0,71.2992,54.4167
1010201400,136.659,0,71.2942,54.3333
1010201400,136.652,0,71.2867,54.8333
1010201400,136.675,0,71.2788,54.6667
1010205000,136.472,0,71.2696,54
1010205000,136.516,0,71.2671,54.25
1010205000,136.519,0,71.2559,54.0833
1010205000,136.397,0,71.2409,54.1667
1010205000,136.32,0,71.2304,54.1667
1010205000,136.407,0,71.2304,54.6667
1010205000,136.526,0,71.2408,54.5
1010205000,136.517,0,71.2433,53.8333
1010205000,136.446,0,71.2305,54.4167
1010205000,136.303,0,71.2125,54.0833
1010205000,136.357,0,71.205,54
1010205000,136.236,0,71.195,54.4167
1010208600,136.184,0,71.1796,54.25
1010208600,136.187,0,71.1742,54.5
1010208600,136.198,0,71.1742,54.75
1010208600,136.21,0,71.1717,54.6667
1010208600,136.738,0,71.1704,54.5833
1010208600,136.333,0,71.1833,54.6667
1010208600,136.466,0,71.2062,53.5833
1010208600,136.591,0,71.2266,54.25
1010208600,136.725,0,71.2408,55.4167
1010208600,136.86,0,71.2508,54.5833
1010208600,136.881,0,71.2558,54.25
1010208600,136.864,0,71.2558,54.8333
1010212200,136.887,0,71.2508,55.5
1010212200,136.791,0,71.2433,55.6667
1010212200,136.842,0,71.2483,54.6667
1010212200,136.881,0,71.2484,54.8333
1010212200,136.855,0,71.2371,54.5
1010212200,136.81,0,71.2346,54.9167
1010212200,136.761,0,71.2304,54.25
1010212200,136.794,0,71.2316,55
1010212200,136.805,0,71.2408,55
1010212200,136.81,0,71.2496,55.4167
1010212200,136.89,0,71.2633,55.3333
1010212200,136.902,0,71.2634,55.1667
1010215800,136.841,0,71.2533,54.5
1010215800,136.917,0,71.2633,55.0833
1010215800,136.974,0,71.2912,55.1667
1010215800,137.136,0,71.322,55.3333
1010215800,137.364,0,71.3603,55.4167
1010215800,137.338,0,71.3705,55.4167
1010215800,137.348,0,71.3679,55.0833
1010215800,137.363,0,71.3833,55.25
1010215800,137.343,0,71.3921,54.75
1010215800,137.416,0,71.4058,54.9167
1010215800,137.433,0,71.42,55.25
1010215800,137.466,0,71.4279,54.9167
1010219400,137.408,0,71.4354,55.4167
1010219400,137.476,0,71.4392,54.75
1010219400,137.394,0,71.4417,55.1667
1010219400,137.264,0,71.4442,55.9167
1010219400,137.192,0,71.4417,55
1010219400,137.233,0,71.4417,55.0833
1010219400,137.244,0,71.4479,55.3333
1010219400,137.116,0,71.4454,55.6667
1010219400,137.033,0,71.4442,55
1010219400,136.983,0,71.4517,55.9167
1010219400,137.04,0,71.4621,55.25
1010219400,137.091,0,71.4725,55.5833
1010223000,137.06,0,71.4775,55.4167
1010223000,137.029,0,71.4875,55.5
1010223000,137.027,0,71.4975,55.4167
1010223000,137.103,0,71.5075,55.6667
1010223000,137.289,0,71.5167,55
1010223000,137.091,0,71.5196,55.1667
1010223000,137.037,0,71.5221,54.75
1010223000,137.129,0,71.5271,55
1010223000,137.171,0,71.5358,55.5
1010223000,137.218,0,71.5408,55.4167
1010223000,137.407,0,71.5408,54.75
1010223000,137.412,0,71.5433,55.4167
1010226600,137.358,0,71.5458,55.1667
1010226600,137.362,0,71.5471,55
1010226600,137.372,0,71.5496,55.5
1010226600,137.353,0,71.5508,55.4167
1010226600,137.432,0,71.5558,55.1667
1010226600,137.495,0,71.565,55.25
1010226600,137.499,0,71.5742,55.3333
1010226600,137.517,0,71.5779,55.1667
1010226600,137.613,0,71.5792,55.0833
1010226600,137.574,0,71.5829,55.3333
1010226600,137.65,0,71.5867,55.5833
1010226600,137.734,0,71.5854,54.75
1010230200,137.714,0,71.5767,54.75
1010230200,137.732,0,71.5692,54.5833
1010230200,137.835,0,71.5704,55.5833
1010230200,137.732,0,71.5779,55.6667
1010230200,137.819,0,71.5817,55.1667
1010230200,137.852,0,71.5866,54.8333
1010230200,137.821,0,71.5917,55.5
1010230200,137.8,0,71.5867,57
1010230200,137.838,0,71.5866,56.4167
1010230200,138.123,0,71.5867,57.4167
1010230200,137.618,0,71.5767,57.6667
1010230200,137.663,0,71.5754,57.6667
1010233800,137.71,0,71.5792,57.4167
1010233800,137.683,0,71.5804,57.75
1010233800,137.742,0,71.5866,57.3333
1010233800,137.843,0,71.5942,57.25
1010233800,137.774,0,71.5992,57.8333
1010233800,137.842,0,71.6017,57.5833
1010233800,137.849,0,71.6017,57.6667
1010233800,137.933,0,71.6083,57.9167
1010233800,137.939,0,71.6138,58.25
1010233800,137.929,0,71.615,58
1010233800,137.895,0,71.615,57.75
1010233800,137.769,0,71.6125,56.9167
1010237400,137.778,0,71.6125,58
1010237400,137.755,0,71.615,58.0833
1010237400,137.79,0,71.615,57.8333
1010237400,137.74,0,71.6125,57.4167
1010237400,137.696,0,71.6059,57.5833
1010237400,137.684,0,71.5979,58.25
1010237400,137.747,0,71.5992,58.0833
1010237400,137.809,0,71.6017,58.1667
1010237400,137.816,0,71.6017,58.25
1010237400,137.766,0,71.6004,58.75
1010237400,0,0,71.5979,0
1010237400,0,0,71.5852,53.5
1010241000,138.125,0,71.5842,55
1010241000,138.254,0,71.5842,53.6667
1010241000,138.385,0,71.5817,52.8333
1010241000,138.552,0,71.5817,51.8333
1010241000,138.635,0,71.5817,51.4167
1010241000,138.871,0,71.5767,51.1667
1010241000,138.935,0,71.5704,50.4167
1010241000,138.921,0,71.565,50
1010241000,138.851,0,71.5608,41.5833
1010241000,137.545,0,71.5558,20.0833
1010241000,0,0,71.5483,0
1010241000,0,0,71.5483,0
1010244600,0,0,71.5508,0
1010244600,0,0,71.5496,0
1010244600,0,0,71.5521,0
1010244600,0,0,71.5546,0
1010244600,0,0,71.5546,0
1010244600,0,0,71.5558,0
1010244600,0,0,71.5521,0
1010244600,0,0,71.5508,0
1010244600,0,0,71.5575,0
1010244600,0,0,71.5617,0
1010244600,0,0,71.555,0
1010244600,0,0,71.5467,0
1010248200,0,0,71.5429,0
1010248200,0,0,71.5383,0
1010248200,0,0,71.5358,0
1010248200,0,0,71.5284,0
1010248200,0,0,71.5208,0
1010248200,0,0,71.5196,0
1010248200,0,0,71.5196,0
1010248200,0,0,71.5179,0
1010248200,0,0,71.5125,0
1010248200,0,0,71.5075,0
1010248200,0,0,71.5,0
1010248200,0,0,71.4925,0
1010251800,0,0,71.485,0
1010251800,0,0,71.485,0
1010251800,0,0,71.49,0
1010251800,0,0,71.4875,0
1010251800,0,0,71.4875,0
1010251800,0,0,71.4925,0
1010251800,0,0,71.49,0
1010251800,0,0,71.4875,0
1010251800,0,0,71.485,0
1010251800,0,0,71.4775,0
1010251800,0,0,71.4725,0
1010251800,0,0,71.475,0
1010255400,0,0,71.4825,0
1010255400,0,0,71.4746,0
1010255400,0,0,71.4667,0
1010255400,0,0,71.4713,0
1010255400,0,0,71.4775,10.8333
1010255400,0,0,71.4757,0
1010255400,0,0,71.4717,41.75
1010255400,137.826,0,71.4646,51.4167
1010255400,137.745,0,71.4592,52
1010255400,137.554,0,71.4542,51.5833
1010255400,137.578,0,71.4542,52
1010255400,137.639,0,71.4542,52.25
1010259000,137.685,0,71.4492,52.5
1010259000,137.608,0,71.4454,52.5
1010259000,137.684,0,71.4379,53
1010259000,137.706,0,71.4362,52.1667
1010259000,137.668,0,71.4383,53.6667
1010259000,137.529,0,71.4259,53.6667
1010259000,137.574,0,71.4146,53.4167
1010259000,137.644,0,71.4196,53.6667
1010259000,137.495,0,71.4208,54.3333
1010259000,137.937,0,71.4158,54.1667
1010259000,137.557,0,71.4104,54.3333
1010259000,137.561,0,71.4063,54.1667
1010262600,137.612,0,71.4017,54.3333
1010262600,137.582,0,71.3929,54.75
1010262600,137.591,0,71.3925,55.5833
1010262600,137.542,0,71.3979,55.25
1010262600,138.133,0,71.3933,55.4167
1010262600,137.493,0,71.3879,55
1010262600,137.431,0,71.3825,55.75
1010262600,137.404,0,71.38,55.1667
1010262600,137.502,0,71.3813,55.75
1010262600,137.471,0,71.3788,55.4167
1010262600,137.574,0,71.3746,55.0833
1010262600,137.885,0,71.3717,54.6667
1010266200,137.609,0,71.3729,55.25
1010266200,137.515,0,71.3779,55.3333
1010266200,137.584,0,71.3817,56.1667
1010266200,137.598,0,71.3821,56.3333
1010266200,137.685,0,71.385,55.75
1010266200,137.679,0,71.3875,56.5
1010266200,137.608,0,71.3929,56
1010266200,137.674,0,71.4021,56
1010266200,137.657,0,71.4017,55.75
1010266200,137.598,0,71.3992,56.1667
1010266200,137.531,0,71.4046,56.6667
1010266200,137.552,0,71.4083,56.5
1010269800,137.59,0,71.4121,56.5833
1010269800,137.514,0,71.4171,57.25
1010269800,137.42,0,71.4208,57.25
1010269800,137.541,0,71.4262,57.1667
1010269800,137.418,0,71.4329,56.8333
1010269800,137.474,0,71.4392,58.1667
1010269800,137.439,0,71.4454,57.6667
1010269800,137.371,0,71.4542,56.9167
1010269800,137.366,0,71.4592,57.75
1010269800,137.264,0,71.4617,57.8333
1010269800,137.396,0,71.4671,57.5
1010269800,137.235,0,71.4737,57.3333
1010273400,137.352,0,71.4812,57.5
1010273400,137.326,0,71.49,57.1667
1010273400,137.393,0,71.5025,56.75
1010273400,137.468,0,71.51,57.6667
1010273400,137.408,0,71.5154,57.4167
1010273400,137.386,0,71.5258,58
1010273400,137.198,0,71.5333,58
1010273400,137.403,0,71.5383,58.75
1010273400,137.285,0,71.5433,57.4167
1010273400,0,0,71.5496,57.6667
1010273400,137.298,0,71.5625,57.9167
1010273400,137.343,0,71.5767,57.6667
1010622600,137.471,0,71.6929,63
1010622600,137.417,0,71.6996,60.75
1010622600,137.473,0,71.7037,59.4167
1010622600,137.473,0,71.7079,59.0833
1010622600,137.66,0,71.7117,59.0833
1010622600,137.754,0,71.7204,59.8333
1010622600,137.654,0,71.7304,58.6667
1010622600,137.445,0,71.7392,59.4167
1010622600,137.682,0,71.7442,59.4167
1010622600,137.38,0,71.7442,59.3333
1010622600,137.606,0,71.7496,60.0833
1010622600,137.748,0,71.7625,60.5
1010626200,137.549,0,71.77,60.1667
1010626200,137.838,0,71.7725,59.4167
1010626200,137.903,0,71.775,59.25
1010626200,0,0,71.775,59.25
1010626200,137.917,0,71.7738,59.5833
1010626200,137.765,0,71.7688,60.0833
1010626200,137.777,0,71.7638,60
1010626200,137.618,0,71.7613,60
1010626200,137.816,0,71.7637,59.0833
1010626200,137.879,0,71.7712,59.6667
1010626200,137.711,0,71.7854,60.75
1010626200,137.833,0,71.7929,59.75
1010629800,137.864,0,71.7912,59.9167
1010629800,137.755,0,71.7937,59.0833
1010629800,137.796,0,71.795,59.8333
1010629800,138.028,0,71.795,60.0833
1010629800,137.82,0,71.79,60.25
1010629800,138.006,0,71.785,61.0833
1010629800,137.945,0,71.785,59.75
1010629800,137.667,0,71.79,60.0833
1010629800,137.9,0,71.8004,60
1010629800,137.817,0,71.8133,60.5
1010629800,137.78,0,71.8221,59.9167
1010629800,137.797,0,71.8221,60.5833
1010633400,138.053,0,71.8233,60.25
1010633400,138.054,0,71.8308,61.0833
1010633400,138.121,0,71.8333,60.5
1010633400,138.155,0,71.8283,60.3333
1010633400,138.172,0,71.8283,60.5
1010633400,138.076,0,71.8308,60.75
1010633400,138.146,0,71.8283,61.3333
1010633400,138.113,0,71.8258,60.4167
1010633400,137.892,0,71.8258,60.5
1010633400,138.436,0,71.8208,60.5
1010633400,137.974,0,71.8158,60.25
1010633400,138.576,0,71.8158,61.0833
1010637000,137.92,0,71.8146,61
1010637000,138.088,0,71.8096,60.6667
1010637000,138.05,0,71.8108,60.5833
1010637000,138.087,0,71.8158,60.25
1010637000,138.168,0,71.8183,61.1667
1010637000,137.879,0,71.8158,61.1667
1010637000,138.063,0,71.8083,60.9167
1010637000,137.884,0,71.8021,60.0833
1010637000,138.118,0,71.7967,60.5833
1010637000,138.005,0,71.795,60.75
1010637000,137.918,0,71.79,60.4167
1010637000,137.819,0,71.78,61
1010640600,137.669,0,71.7725,60.75
1010640600,137.515,0,71.7675,60.6667
1010640600,137.492,0,71.765,60.8333
1010640600,137.569,0,71.77,60.25
1010640600,137.825,0,71.7713,60.75
1010640600,137.769,0,71.7663,60.4167
1010640600,137.512,0,71.7625,61
1010640600,137.758,0,71.76,60.6667
1010640600,137.789,0,71.7575,61.0833
1010640600,137.516,0,71.7521,61.5
1010640600,137.41,0,71.7467,60.0833
1010640600,137.62,0,71.7429,60.9167
1010644200,137.635,0,71.7404,60.8333
1010644200,137.515,0,71.7392,60.8333
1010644200,137.653,0,71.7367,60.4167
1010644200,137.422,0,71.7329,60.5
1010644200,137.42,0,71.7317,60.5
1010644200,137.484,0,71.7317,61.0833
1010644200,137.483,0,71.7279,60.1667
1010644200,137.715,0,71.7242,60.9167
1010644200,137.629,0,71.7242,61
1010644200,137.461,0,71.7242,59.75
1010644200,137.49,0,71.7229,60.9167
1010644200,137.519,0,71.7229,60.5
1010647800,137.537,0,71.7267,61
1010647800,137.592,0,71.7267,61.0833
1010647800,137.483,0,71.7242,60.25
1010647800,137.493,0,71.7242,61
1010647800,137.845,0,71.7242,60.75
1010647800,137.623,0,71.7267,61
1010647800,137.642,0,71.7317,61.3333
1010647800,137.872,0,71.7317,60.8333
1010647800,137.83,0,71.7304,60.8333
1010647800,137.83,0,71.7279,60.9167
1010647800,137.754,0,71.7242,60.75
1010647800,137.572,0,71.725,61.0833
1010651400,137.657,0,71.7262,60.5833
1010651400,137.953,0,71.7292,60.5833
1010651400,137.676,0,71.7354,61
1010651400,137.904,0,71.7417,60.8333
1010651400,137.984,0,71.7454,61.0833
1010651400,137.818,0,71.7479,61
1010651400,138.079,0,71.7521,60.9167
1010651400,137.906,0,71.755,60.6667
1010651400,138.065,0,71.7575,61.4167
1010651400,138.081,0,71.7625,61.25
1010651400,138.038,0,71.765,60.5
1010651400,138.207,0,71.7675,60.4167
1010655000,138.088,0,71.7675,60.9167
1010655000,137.836,0,71.7687,61.5833
1010655000,137.885,0,71.7738,61.1667
1010655000,138.03,0,71.7738,61
1010655000,137.881,0,71.7738,61.0833
1010655000,137.855,0,71.775,61.25
1010655000,137.867,0,71.7762,61.3333
1010655000,137.867,0,71.7812,61.1667
1010655000,137.875,0,71.78,61.1667
1010655000,138.053,0,71.7762,61.9167
1010655000,137.867,0,71.7787,61.3333
1010655000,138.056,0,71.7825,61.5
1010658600,138.053,0,71.785,61.9167
1010658600,137.933,0,71.7875,60.75
1010658600,137.981,0,71.7912,61.0833
1010658600,138.211,0,71.7937,61.4167
1010658600,138.272,0,71.795,61.1667
1010658600,138.323,0,71.79,61.8333
1010658600,138.554,0,71.785,61.8333
1010658600,138.266,0,71.7887,61.4167
1010658600,138.501,0,71.7925,61.1667
1010658600,138.396,0,71.7913,61.5
1010658600,138.447,0,71.7925,61.25
1010658600,138.711,0,71.795,60.5833
1010662200,138.728,0,71.795,60.3333
1010662200,139.168,0,71.795,61.1667
1010662200,138.803,0,71.795,60.9167
1010662200,138.8,0,71.7975,60.9167
1010662200,138.843,0,71.7975,60.75
1010662200,138.937,0,71.7992,61.4167
1010662200,138.792,0,71.8021,60.3333
1010662200,138.899,0,71.7996,60
1010662200,0,0,71.7942,60.4167
1010662200,139.073,0,71.7925,60.4167
1010662200,138.923,0,71.7938,60.5833
1010662200,138.868,0,71.7888,60.4167
1010665800,138.843,0,71.785,60.0833
1010665800,139.079,0,71.785,60.0833
1010665800,139.065,0,71.785,59.9167
1010665800,139.296,0,71.785,60.3333
1010665800,139.16,0,71.785,60.3333
1010665800,139.254,0,71.7825,60.6667
1010665800,139.334,0,71.7788,59.8333
1010665800,139.233,0,71.7787,59.8333
1010665800,139.202,0,71.7812,59.5
1010665800,139.139,0,71.7788,60
1010665800,139.142,0,71.7775,60.25
1010665800,139.264,0,71.7775,60.3333
1010669400,139.198,0,71.775,60.4167
1010669400,139.315,0,71.775,59.9167
1010669400,139.356,0,71.7775,60.5
1010669400,139.364,0,71.7763,60.9167
1010669400,139.416,0,71.7713,60.0833
1010669400,139.209,0,71.77,60.4167
1010669400,139.122,0,71.77,59.9167
1010669400,139.26,0,71.7675,60.0833
1010669400,139.189,0,71.7675,59.25
1010669400,139.326,0,71.7675,60.75
1010669400,139.222,0,71.7625,59.9167
1010669400,139.156,0,71.7575,60.5833
1010673000,139.083,0,71.7533,60.5833
1010673000,139.028,0,71.7533,60.8333
1010673000,138.937,0,71.7496,60.3333
1010673000,138.79,0,71.7442,57.6667
1010673000,139.023,0,71.7442,57.4167
1010673000,138.75,0,71.7442,58.0833
1010673000,138.836,0,71.7417,58.4167
1010673000,138.928,0,71.7367,57.5
1010673000,138.859,0,71.7292,57.75
1010673000,138.728,0,71.7242,58.9167
1010673000,138.757,0,71.7204,58.25
1010673000,138.132,0,71.7154,58.9167
1010676600,138.799,0,71.7129,58.75
1010676600,138.768,0,71.7025,59.4167
1010676600,138.838,0,71.6933,58.6667
1010676600,138.731,0,71.6908,58.8333
1010676600,138.868,0,71.6833,58.5
1010676600,138.555,0,71.6808,58.9167
1010676600,138.75,0,71.6779,58.9167
1010676600,138.504,0,71.6659,58.4167
1010676600,138.741,0,71.6592,59.25
1010676600,138.643,0,71.6525,59.1667
1010676600,138.698,0,71.6429,57.9167
1010676600,138.404,0,71.6375,58
1010680200,138.547,0,71.6325,58.5833
1010680200,138.546,0,71.6246,59.1667
1010680200,138.222,0,71.6142,58.75
1010680200,138.429,0,71.6092,58.6667
1010680200,138.457,0,71.6092,59.3333
1010680200,138.504,0,71.605,59.5833
1010680200,138.523,0,71.5996,58.75
1010680200,138.419,0,71.5996,59.4167
1010680200,138.519,0,71.6021,59.6667
1010680200,138.469,0,71.6033,59.3333
1010680200,138.422,0,71.6008,59.5833
1010680200,138.325,0,71.5983,58.8333
1010683800,0,0,71.6008,59.6667
1010683800,138.131,0,71.6033,58.9167
1010683800,138.068,0,71.6033,59.4167
1010683800,138.039,0,71.6058,59.25
1010683800,0,0,71.6058,58.6667
1010683800,137.824,0,71.6008,59.1667
1010683800,137.783,0,71.5983,58.8333
1010683800,137.754,0,71.5983,58.75
1010683800,137.673,0,71.6033,59.0833
1010683800,137.47,0,71.6237,59.5833
1010683800,137.675,0,71.6491,57.0833
1010683800,137.38,0,71.6608,59.6667
1010687400,137.502,0,71.6608,58.6667
1010687400,137.431,0,71.6592,58.3333
1010687400,137.504,0,71.6596,58.75
1010687400,137.388,0,71.66,58.9167
1010687400,137.349,0,71.665,59
1010687400,137.223,0,71.665,59.0833
1010687400,137.145,0,71.6588,58
1010687400,137.292,0,71.6587,58.9167
1010687400,137.358,0,71.6637,59.8333
1010687400,137.267,0,71.67,59.75
1010687400,137.236,0,71.6713,59.1667
1010687400,137.135,0,71.6688,59.4167
1010691000,136.999,0,71.6704,60.0833
1010691000,137.399,0,71.6825,59.75
1010691000,137.516,0,71.6991,59.5833
1010691000,137.418,0,71.7129,59
1010691000,137.37,0,71.7308,58.5
1010691000,137.507,0,71.7425,58.5833
1010691000,137.553,0,71.7371,58.0833
1010691000,137.425,0,71.7362,58.25
1010691000,137.415,0,71.75,57.9167
1010691000,137.712,0,71.7691,59
1010691000,137.817,0,71.7895,58.1667
1010691000,137.827,0,71.8174,58.9167
1010694600,137.955,0,71.8404,59.4167
1010694600,138.289,0,71.8458,56.5833
1010694600,137.803,0,71.8508,55.75
1010694600,137.918,0,71.8587,55.8333
1010694600,137.846,0,71.8604,55.9167
1010694600,137.558,0,71.8488,56
1010694600,137.331,0,71.8309,55.4167
1010694600,137.069,0,71.8171,55.4167
1010694600,136.888,0,71.8005,56.25
1010694600,136.804,0,71.78,55.5833
1010694600,136.862,0,71.7725,55.0833
1010694600,136.843,0,71.7775,55.5833
1010698200,136.876,0,71.7812,56.25
1010698200,137.09,0,71.7941,56.5
1010698200,137.406,0,71.8096,55.8333
1010698200,137.847,0,71.8042,55.4167
1010698200,137.915,0,71.7979,56.6667
1010698200,137.565,0,71.8033,56.5
1010698200,137.921,0,71.7942,56.5833
1010698200,137.968,0,71.7875,56.75
1010698200,137.616,0,71.8016,56.25
1010698200,138.224,0,71.8183,56.6667
1010698200,137.946,0,71.8333,56.1667
1010698200,138.005,0,71.8425,56.4167
1010701800,138.029,0,71.8504,56.3333
1010701800,138.137,0,71.8592,56.25
1010701800,138.237,0,71.8704,56.0833
1010701800,138.324,0,71.8829,56.25
1010701800,138.451,0,71.8921,56.4167
1010701800,138.394,0,71.895,56.1667
1010701800,138.358,0,71.8925,56.5833
1010701800,138.321,0,71.8896,56.8333
1010701800,138.224,0,71.8921,56
1010701800,138.246,0,71.9025,56.75
1010701800,138.271,0,71.9175,56.1667
1010701800,138.499,0,71.9379,56.6667
1010705400,138.536,0,71.9458,56.3333
1010705400,138.447,0,71.9458,56.8333
1010705400,138.42,0,71.9508,59.0833
1010705400,138.113,0,71.9558,59.0833
1010705400,138.39,0,71.9633,59.1667
1010705400,138.089,0,71.9696,60
1010705400,138.305,0,71.9746,60.0833
1010705400,138.146,0,71.9825,59.6667
1010705400,138.238,0,71.9879,59.1667
1010705400,138.064,0,71.9941,59.4167
1010705400,138.196,0,71.9992,59
1010705400,137.96,0,71.9992,59.6667
