,Unnamed: 0,Date,Time,Otype,Sdate,Stime,Stype,Source,Qs,Vsp,Vmean,VmeanC,Vmax,tVmax,Bmax,tBmax,VmBm,Bzmin,ABzmax,BzmtoBm,KTmax,tKTmax,KTmin,tKTmin,Bemax,tBemax,Bemin,tBemin,Rbulk,B2Sum,Magn,MagnM,MagnL,MagnC,Tmin,TminM,Dmin,tDmin,DminM,tDminM,GrDmin,Dmax,tDmax,AftoB,GammaM,GammaD,tBef,tAft,tFrom,Kpmax,Apmax,Dstmin,tDstmin,Fdata,Xmagn,Hlat,Alat,Hlon,Sdur,Axym,Txymax,Axm,Aym,Azrange,Pxym,Axdm,Aydm,Azdm,Axydm,Pxydm,D01,D02,AD02,AxytoAf,Axb,Ayb,Azb,Axyb,Pxyb,Ax0,Ay0,Az0,Axy0,Pxy0,Ax1,Ay1,Az1,Axy1,Pxy1,dx1b,dy1b,dz1b,dxy1b,dA11b,dz1b.1,Adz1b,dPxy1b,Pdxy1b,DP1b,CMEdate,CMEtime,CMEwidth,CMEangle,MCstartdate,MCstarttime,MCdur,RMC,EruptA,EruptD,EruptAD,Ind,Spol,GLE,SSN,date
1322,1322,2006-07-09,21:36:00,1,2006-07-06,8:13:00,1.0,SF+CH,4.0,1043.0,487.0,486.0,438.0,2,9.7,3,2.12,-6.4,7.2,0.742,1.919,3.0,0.262,28.0,25.82,8.0,0.38,26.0,15.23,1.31,4.5,3.8,11.82,4.5,34,34,-0.51,22,-0.38,4,55.69,0.27,25,0.464,0.84,0.75,142.0,37.0,37.0,3.33,18.0,-23.0,18.0,M,2.5e-05,-9.0,9.0,34.0,38.0,1.95,26.0,0.03,1.95,2.88,89.1,-0.45,-0.27,-0.33,0.52,211.0,-0.33,-0.36,0.36,0.31,0.61,1.39,0.46,1.52,60.8,0.66,1.0,0.04,1.2,56.6,0.61,1.39,0.43,1.52,66.3,-0.15,0.03,-0.03,0.15,0.16,-0.03,0.03,-102.4,168.7,5.3,2006-07-06,8:54:04,360.0,-999.0,,,-1.0,,33.9,56.6,90.5,93.0,,0,31.0,2006-07-09 21:36:00
1323,1323,2006-07-27,13:53:00,1,,,8.0,CHC24_233,4.0,,0.0,0.0,663.0,17,14.0,12,4.64,-8.5,9.3,0.664,3.996,11.0,0.488,44.0,5.08,19.0,1.32,6.0,37.35,2.84,1.1,1.0,3.73,1.1,11,14,-0.27,10,-0.25,9,32.88,0.44,12,0.086,-99.9,-99.99,91.0,52.0,52.0,6.0,80.0,-47.0,14.0,,-99.9,-91.0,-1.0,-999.0,,0.82,42.0,-0.15,0.81,1.53,100.5,-0.15,0.43,0.6,0.46,109.2,-0.04,-0.12,0.12,0.23,-0.2,0.17,0.47,0.26,115.7,-0.09,0.55,0.64,0.56,99.3,-0.2,0.17,0.7,0.26,139.6,0.07,-0.39,0.23,0.4,0.46,0.23,0.23,-140.5,280.2,34.8,,,0.0,-999.0,,,-1.0,,,,,0.0,1.0,0,18.0,2006-07-27 13:53:00
1324,1324,2006-08-07,0:35:00,1,,,8.0,CHC34_235,4.0,,0.0,0.0,630.0,26,18.1,9,5.7,-7.4,7.4,0.409,3.916,6.0,0.574,25.0,8.51,0.0,0.61,25.0,58.88,2.9,0.9,0.9,2.62,0.9,29,28,-0.29,8,-0.38,6,39.21,0.27,32,0.05,-99.9,0.28,170.0,92.0,92.0,5.67,67.0,-44.0,7.0,,-99.9,-91.0,-1.0,-999.0,,0.78,42.0,-0.08,0.78,1.44,95.9,-0.16,0.59,0.9,0.61,105.2,0.1,0.16,0.16,0.23,0.05,0.58,0.36,0.58,69.8,0.08,0.35,0.27,0.36,77.1,0.05,0.58,0.63,0.58,85.1,-0.16,0.01,0.27,0.16,0.31,0.27,0.27,-91.4,176.4,20.3,,,0.0,-999.0,,,-1.0,,,,,0.0,1.0,0,0.0,2006-08-07 00:35:00
1327,1327,2006-12-08,4:35:00,1,2006-12-06,18:29:00,1.0,SF+CH,4.0,-999.0,1219.0,1271.0,702.0,2,9.1,3,3.19,-4.8,4.8,0.527,2.054,2.0,0.366,28.0,30.11,11.0,0.75,28.0,12.46,1.62,3.8,1.8,-9900.0,3.8,24,10,-0.53,-1,-0.34,-1,-99.0,0.47,25,0.376,0.84,0.77,67.0,41.0,41.0,5.0,48.0,-29.0,-8.0,X,0.00065,-5.0,5.0,-64.0,18.0,1.77,37.0,1.63,0.7,1.72,23.2,-0.9,0.51,0.16,1.03,150.5,-0.66,-0.83,0.83,0.48,-0.75,0.27,0.16,0.8,150.5,-0.67,-0.29,-0.14,0.73,203.4,-0.75,0.27,-0.19,0.8,160.2,0.15,-0.24,-0.35,0.28,0.45,-0.35,0.35,-141.8,302.0,24.2,2006-12-06,20:12:05,360.0,-999.0,,,-1.0,,,,,94.0,,0,28.0,2006-12-08 04:35:00
1328,1328,2006-12-14,14:14:00,1,2006-12-13,2:14:00,1.0,SF,5.0,2184.0,1154.0,1165.0,955.0,2,17.7,11,8.45,-16.4,16.4,0.927,3.178,1.0,0.064,12.0,3.13,0.0,0.03,16.0,109.65,6.18,8.6,9.6,-1.0,-1.0,12,12,-1.56,8,-1.7,3,122.93,0.48,17,0.486,0.67,0.72,112.0,52.0,52.0,8.33,236.0,-146.0,16.0,X3.4/4B,0.00034,-6.0,6.0,23.0,43.0,4.35,4.0,1.02,4.23,2.07,76.4,0.34,0.2,-0.79,0.39,30.5,-0.53,-1.62,1.62,0.44,0.67,0.31,-0.85,0.74,24.8,1.14,0.3,-1.32,1.18,14.7,1.56,0.35,-1.6,1.6,12.6,0.89,0.04,-0.75,0.89,1.16,-0.75,0.75,10.1,2.6,9.2,2006-12-13,2:54:04,360.0,-999.0,2006-12-14,22:00:00,22.0,21.16,155.7,66.5,222.3,77.0,,92,23.0,2006-12-14 14:14:00
1329,1329,2006-12-16,17:55:00,1,2006-12-14,21:07:00,1.0,SF+SF,4.0,1139.0,928.0,948.0,779.0,5,11.9,4,4.64,-2.9,4.5,0.378,1.783,2.0,0.183,20.0,4.49,29.0,0.09,3.0,-1.0,-1.0,0.8,0.8,-1.0,0.8,9,2,-0.24,0,-0.21,2,-99.0,0.25,20,0.07,0.64,0.67,30.0,40.0,30.0,3.33,18.0,-43.0,-9.0,X,0.00015,-6.0,6.0,46.0,79.0,0.87,31.0,0.79,0.37,1.29,25.1,0.33,0.08,0.33,0.34,13.6,-0.11,-0.29,0.29,0.38,0.67,0.04,0.27,0.67,358.1,0.33,0.08,0.33,0.34,13.6,0.67,0.04,0.54,0.67,3.4,0.37,0.05,0.27,0.37,0.46,0.27,0.27,-4.3,7.7,5.1,2006-12-14,22:30:04,360.0,-999.0,,,-1.0,,,,,77.0,,0,20.0,2006-12-16 17:55:00
1330,1330,2006-12-18,10:14:00,1,,,6.0,CHS54_252+DSF,4.0,,0.0,0.0,736.0,66,11.5,9,4.23,-5.3,8.1,0.704,1.45,27.0,0.354,7.0,2.96,39.0,0.37,7.0,-1.0,-1.0,1.1,0.9,-1.0,1.1,10,-2,-0.27,8,-0.25,4,29.76,0.34,28,0.096,0.74,0.78,40.0,95.0,40.0,4.33,32.0,-34.0,52.0,,-99.9,-999.0,,-999.0,,1.14,3.0,0.52,1.01,1.02,62.8,-0.05,0.95,0.33,0.95,93.0,0.17,0.17,0.17,0.52,0.6,0.37,0.09,0.7,15.8,0.54,0.53,-0.09,0.76,44.5,0.6,0.37,-0.17,0.7,31.7,0.0,0.2,-0.26,0.2,0.33,-0.26,0.26,-58.3,90.0,26.9,,,0.0,-999.0,,,-1.0,,,,,0.0,1.0,0,0.0,2006-12-18 10:14:00
1331,1331,2007-05-07,8:26:00,1,2007-05-02,18:05:00,6.0,SF+CH32S_268,4.0,0.0,377.0,381.0,638.0,21,20.3,6,6.48,-10.8,15.8,0.778,6.033,7.0,0.668,47.0,6.7,1.0,0.35,4.0,54.7,4.9,1.7,1.1,2.57,1.7,16,16,-0.39,15,-0.27,4,58.94,0.33,6,0.087,-99.9,-99.99,90.0,138.0,90.0,5.0,48.0,-31.0,13.0,B,3.8e-07,-14.0,14.0,15.0,49.0,0.95,47.0,-0.14,0.94,1.18,98.5,-0.03,0.57,-0.37,0.57,93.0,-0.32,-0.29,0.29,0.34,-0.34,0.8,-0.29,0.87,108.2,-0.24,0.85,-0.34,0.88,105.8,-0.34,0.8,0.1,0.87,113.0,-0.09,0.04,0.39,0.1,0.4,0.39,0.39,-43.0,156.0,26.9,2007-05-02,20:30:04,97.0,274.0,,,-1.0,,,,,0.0,,0,13.0,2007-05-07 08:26:00
1332,1332,2007-09-20,10:12:00,1,,,8.0,CH64C_291,4.0,,0.0,0.0,674.0,71,10.5,5,3.54,-6.5,6.5,0.619,3.954,6.0,0.932,43.0,7.4,13.0,0.99,24.0,39.02,0.09,1.2,1.4,4.26,1.3,0,67,-0.26,1,-0.25,-1,-99.0,0.34,73,0.13,-99.9,0.54,61.2,169.6,61.2,4.0,27.0,-13.0,18.0,,-99.9,-999.0,,-999.0,,1.02,36.0,-0.39,0.94,0.85,112.5,0.06,0.48,-1.81,0.48,82.9,0.0,-0.04,0.04,0.42,0.2,0.11,-1.71,0.23,28.8,0.12,0.37,-1.84,0.39,72.0,0.06,0.48,-1.81,0.48,82.9,-0.14,0.37,-0.1,0.4,0.41,-0.1,0.1,-27.9,110.7,12.1,,,0.0,-999.0,,,-1.0,,,,,0.0,-1.0,0,0.0,2007-09-20 10:12:00
1334,1334,2007-10-25,11:35:00,1,,,8.0,CH24S_296,4.0,,0.0,0.0,698.0,14,15.7,5,5.48,-5.1,7.0,0.446,4.211,3.0,0.587,8.0,3.65,1.0,0.56,37.0,27.92,3.72,0.9,0.9,1.97,0.9,21,8,-0.14,7,-0.35,6,16.43,0.25,0,0.06,-99.9,-99.99,178.0,100.0,100.0,4.67,39.0,-52.0,9.0,,-99.9,-999.0,,-999.0,,0.78,48.0,-0.1,0.77,0.8,97.4,-0.29,0.25,-0.26,0.38,139.2,0.31,0.27,0.27,0.23,0.04,-0.01,-0.73,0.04,45.0,0.01,-0.03,-0.21,0.03,288.4,0.04,-0.01,-0.21,0.04,346.0,-0.12,-0.17,0.52,0.21,0.56,0.52,0.52,111.2,234.8,14.8,,,0.0,-999.0,,,-1.0,,,,,0.0,1.0,0,0.0,2007-10-25 11:35:00
1335,1335,2007-12-17,2:53:00,1,,,8.0,CH54S_304,4.0,,0.0,0.0,697.0,47,15.9,6,5.54,-6.0,7.9,0.497,3.34,6.0,0.357,39.0,4.81,-2.0,0.54,39.0,35.77,0.55,1.0,1.2,4.4,1.2,0,20,-0.31,5,-0.3,4,34.58,0.28,6,0.08,-99.9,0.5,144.9,65.1,65.1,4.0,27.0,-38.0,15.0,,-99.9,-999.0,,-999.0,,1.2,2.0,-0.19,1.18,0.98,99.1,-0.01,0.46,-0.79,0.46,91.2,-0.27,-0.43,0.43,0.53,0.11,0.56,-0.52,0.57,78.9,-0.13,0.41,-1.14,0.43,107.6,-0.08,0.79,-0.73,0.79,95.8,-0.19,0.23,-0.21,0.3,0.36,-0.21,0.21,-33.8,129.6,12.4,,,0.0,-999.0,,,-1.0,,,,,0.0,1.0,0,19.0,2007-12-17 02:53:00
1336,1336,2008-01-31,11:23:00,1,,,8.0,CHC24_310+CHC34_311,4.0,,0.0,0.0,461.0,12,11.4,7,2.63,-4.6,4.6,0.404,4.104,6.0,0.533,0.0,6.91,2.0,0.53,14.0,19.66,0.2,0.4,0.6,4.4,1.7,0,18,-0.16,4,-0.19,14,-99.0,0.09,14,0.05,-99.9,0.17,154.4,20.6,20.6,3.33,18.0,-30.0,14.0,,-99.9,-999.0,,-999.0,,0.6,6.0,0.02,0.6,0.84,88.1,-0.04,0.31,-1.63,0.31,97.4,-0.06,-0.09,0.09,0.02,0.2,0.43,-1.6,0.47,65.1,0.29,0.43,-1.35,0.52,56.0,-0.08,0.56,-1.15,0.57,98.1,-0.28,0.13,0.45,0.31,0.55,0.45,0.45,-57.0,155.1,15.1,,,0.0,-999.0,,,-1.0,,,,,-4.0,-1.0,0,10.0,2008-01-31 11:23:00
1338,1338,2008-04-30,15:57:00,1,2008-04-26,13:54:00,6.0,CHS24_323+SF,4.0,0.0,424.0,426.0,518.0,9,8.4,6,2.18,-6.4,6.9,0.821,2.837,4.0,0.628,2.0,5.3,11.0,0.97,4.0,3.1,0.81,0.9,1.0,2.16,1.4,43,32,-0.24,8,-0.22,18,23.38,0.2,17,0.107,-99.9,0.69,66.0,67.0,66.0,4.67,39.0,-23.0,31.0,B,3.8e-07,8.0,8.0,-9.0,44.0,0.86,39.0,0.39,0.77,0.98,63.1,0.14,0.46,-0.18,0.48,73.1,-0.13,-0.2,0.2,0.21,0.21,0.34,-0.79,0.4,40.3,0.11,0.21,-0.73,0.24,62.4,0.21,0.34,-0.83,0.4,58.3,-0.12,0.06,-0.04,0.13,0.14,-0.04,0.04,-95.1,153.4,8.7,2008-04-26,14:30:04,281.0,65.0,,,-1.0,,,,,-4.0,,0,0.0,2008-04-30 15:57:00
1339,1339,2008-05-28,2:25:00,1,,,8.0,CHC24_328+CHC24_329,4.0,,0.0,0.0,538.0,25,10.6,4,2.85,-3.9,6.1,0.575,3.416,3.0,0.838,1.0,6.85,9.0,1.19,6.0,11.85,1.17,1.1,1.1,3.9,1.1,30,25,-0.15,7,-0.16,25,-99.0,0.19,33,0.113,-99.9,0.56,102.0,41.0,41.0,3.33,18.0,-21.0,75.0,,-99.9,-999.0,,-999.0,,0.93,-1.0,-0.06,0.93,1.14,93.7,0.23,0.7,0.57,0.74,71.8,-0.24,-0.34,0.34,0.33,-0.21,0.5,0.05,0.54,93.7,0.03,0.41,-0.04,0.41,85.8,-0.21,0.5,-0.14,0.54,112.8,-0.15,-0.43,-0.19,0.46,0.49,-0.19,0.19,-138.0,250.8,25.8,,,0.0,-999.0,,,-1.0,,,,,0.0,1.0,0,0.0,2008-05-28 02:25:00
1341,1341,2008-09-30,12:34:00,1,,,8.0,CHC54_342,4.0,,0.0,0.0,715.0,59,8.4,15,3.0,-3.4,4.3,0.512,2.488,27.0,0.618,35.0,3.85,7.0,0.32,35.0,20.72,0.02,1.0,1.0,3.88,0.9,0,65,-0.15,96,-0.19,10,-99.0,0.12,61,0.12,-99.9,-99.99,50.6,258.4,50.6,4.0,27.0,-27.0,49.0,,-99.9,-999.0,,-999.0,,0.83,33.0,0.32,0.77,0.7,67.4,0.12,0.66,-1.22,0.67,79.7,-0.16,-0.02,0.02,0.29,0.09,0.29,-0.89,0.3,72.8,0.1,0.01,-0.93,0.1,5.7,0.12,0.05,-0.87,0.13,22.6,0.03,-0.24,0.02,0.24,0.24,0.02,0.02,105.5,277.1,14.8,,,0.0,-999.0,,,-1.0,,,,,-4.0,-1.0,0,0.0,2008-09-30 12:34:00
1342,1342,2008-11-15,16:25:00,1,,,8.0,CHN14_347,4.0,,0.0,0.0,525.0,22,13.1,6,3.44,-7.3,7.3,0.557,3.828,11.0,0.408,-2.0,5.85,22.0,0.55,4.0,15.84,0.23,0.6,0.7,-1.0,0.7,0,16,-0.21,47,-0.21,45,28.07,0.21,-1,0.05,-99.9,-99.99,23.4,107.6,23.4,3.67,22.0,-29.0,13.0,,-99.9,-999.0,,-999.0,,1.03,22.0,0.7,0.75,0.49,47.0,-0.18,0.58,-1.04,0.61,107.2,-0.01,-0.24,0.24,0.66,0.28,0.21,-0.94,0.35,36.9,0.28,0.34,-1.19,0.44,50.5,0.55,0.55,-1.3,0.78,45.0,0.27,0.34,-0.36,0.43,0.56,-0.36,0.36,-6.5,51.5,11.0,,,0.0,-999.0,,,-1.0,,,,,0.0,-1.0,0,13.0,2008-11-15 16:25:00
1343,1343,2008-11-24,23:51:00,1,,,8.0,CHC24_349,4.0,,0.0,0.0,658.0,48,21.9,7,7.21,-11.9,11.9,0.543,4.778,8.0,0.654,27.0,6.82,-3.0,0.6,5.0,45.97,0.63,1.1,1.2,4.76,1.5,0,48,-0.35,8,-0.35,7,58.92,0.17,67,0.05,-99.9,0.5,115.9,190.1,115.9,3.67,22.0,-12.0,29.0,,-99.9,-999.0,,-999.0,,1.08,7.0,0.67,0.85,0.58,51.8,0.48,0.71,-0.91,0.86,55.9,-0.07,0.02,0.02,0.34,0.11,0.45,-1.18,0.46,76.3,0.07,0.71,-1.27,0.71,84.4,-0.19,0.6,-1.2,0.63,107.6,-0.3,0.15,-0.02,0.34,0.34,-0.02,0.02,-45.9,153.4,14.2,,,0.0,-999.0,,,-1.0,,,,,0.0,-1.0,0,0.0,2008-11-24 23:51:00
1344,1344,2008-12-16,11:59:00,1,,,2.0,DSF+,4.0,0.0,0.0,415.0,370.0,3,9.6,19,1.78,-5.4,5.5,0.573,1.113,2.0,0.319,20.0,11.73,31.0,0.08,17.0,10.84,1.28,1.5,1.4,5.55,1.5,24,24,-0.29,20,-0.25,12,33.85,0.21,30,0.156,-99.9,-99.99,138.0,138.0,138.0,2.67,12.0,-15.0,26.0,,-99.9,-91.0,,-999.0,,1.13,24.0,0.39,1.06,1.28,69.8,0.39,0.82,-1.28,0.91,64.6,0.03,-0.1,0.1,0.37,-0.11,0.16,-1.21,0.19,124.5,-0.02,0.09,-1.15,0.09,102.5,0.34,0.19,-1.16,0.39,29.2,0.45,0.03,0.05,0.45,0.45,0.05,0.05,25.4,3.8,21.4,2008-12-12,8:54:04,184.0,297.0,2008-12-17,3:00:00,11.0,3.71,,,,77.0,,0,0.0,2008-12-16 11:59:00
1346,1346,2009-03-03,6:02:00,1,,,6.0,CHC24_361+?,4.0,,0.0,0.0,390.0,38,10.9,12,2.13,-5.5,6.4,0.587,2.087,15.0,0.279,43.0,23.44,32.0,0.35,5.0,6.88,0.22,0.6,0.4,1.46,0.7,0,7,-0.21,82,-0.2,19,30.26,0.23,25,0.04,-99.9,-99.99,103.0,115.0,103.0,2.67,12.0,-14.0,31.0,,-99.9,-999.0,,-999.0,,1.06,15.0,0.64,0.84,0.51,52.7,0.05,0.04,-0.25,0.06,38.7,0.01,-0.04,0.04,0.7,0.1,0.5,-0.32,0.51,78.7,0.26,0.12,-0.25,0.29,24.8,0.16,0.05,-0.19,0.17,17.4,0.06,-0.45,0.13,0.45,0.47,0.13,0.13,99.8,277.6,48.1,,,0.0,-999.0,,,-1.0,,,,,0.0,1.0,0,0.0,2009-03-03 06:02:00
1347,1347,2009-04-24,0:53:00,1,,,8.0,CH?,4.0,,0.0,0.0,432.0,21,7.8,17,1.68,-3.7,4.2,0.538,2.672,12.0,0.568,-3.0,6.91,46.0,0.52,15.0,2.45,0.01,0.6,0.7,2.14,0.8,0,22,-0.12,41,-0.12,42,16.86,0.17,25,0.09,-99.9,0.24,180.9,52.1,52.1,2.33,9.0,-9.0,39.0,,-99.9,-999.0,,-999.0,,0.66,-1.0,-0.21,0.63,0.57,108.4,-0.24,0.21,-0.23,0.32,138.8,-0.23,-0.3,0.3,0.2,-0.21,0.63,-0.49,0.66,108.4,-0.09,0.51,-0.49,0.52,100.0,-0.1,0.56,-0.51,0.57,100.1,0.11,-0.07,-0.02,0.13,0.13,-0.02,0.02,132.6,327.5,8.4,,,0.0,-999.0,,,-1.0,,,,,0.0,1.0,0,0.0,2009-04-24 00:53:00
1348,1348,2009-05-28,5:19:00,1,,,8.0,CHN?,4.0,,0.0,0.0,440.0,14,10.1,4,2.22,-6.0,6.0,0.594,3.983,4.0,0.591,24.0,7.26,18.0,0.5,30.0,5.37,0.03,0.8,0.9,2.85,1.1,0,32,-0.18,9,-0.18,4,-99.0,0.18,36,0.09,-99.9,-99.99,183.3,146.7,146.7,2.33,9.0,-17.0,39.0,,-99.9,-999.0,,-999.0,,0.81,15.0,-0.05,0.81,0.87,93.5,-0.03,0.04,-0.31,0.05,126.9,-0.05,-0.08,0.08,0.22,-0.19,0.18,-0.67,0.26,136.5,-0.17,0.14,-0.5,0.22,140.5,-0.26,0.04,-0.74,0.26,171.3,-0.07,-0.14,-0.07,0.16,0.17,-0.07,0.07,-72.2,243.4,12.1,,,0.0,-999.0,,,-1.0,,,,,0.0,-1.0,0,0.0,2009-05-28 05:19:00
1349,1349,2009-06-20,4:51:00,1,,,2.0,DSF,4.0,0.0,0.0,423.0,353.0,24,7.4,17,1.31,-3.4,4.7,0.635,2.386,30.0,0.266,45.0,8.04,25.0,0.68,31.0,2.39,0.78,0.5,0.5,2.22,0.5,45,65,-0.16,31,-0.14,24,18.94,0.22,46,0.068,-99.9,-99.99,87.0,88.0,87.0,2.67,12.0,-3.0,38.0,,-99.9,-91.0,,-999.0,,1.2,-7.0,-0.06,1.2,1.03,92.9,-0.07,0.66,-0.05,0.66,96.1,0.07,0.02,0.02,1.26,0.12,0.43,0.5,0.45,87.9,-0.11,0.18,0.32,0.21,121.4,0.12,0.43,0.33,0.45,74.4,0.11,0.16,-0.17,0.19,0.26,-0.17,0.17,18.9,55.5,26.5,2009-06-16,3:26:06,78.0,116.0,,,-1.0,,,,,0.0,,0,0.0,2009-06-20 04:51:00
1350,1350,2009-08-07,15:55:00,1,,,4.0,DSF+CH,4.0,0.0,0.0,542.0,517.0,16,6.3,-1,1.63,-3.3,3.3,0.524,1.403,11.0,0.178,34.0,10.83,37.0,0.83,5.0,0.39,0.81,0.8,0.7,1.9,0.8,11,11,-0.25,-1,-0.18,-1,-99.0,0.23,22,0.125,-99.9,-1.0,56.0,42.0,42.0,2.67,12.0,-21.0,42.0,,-99.9,-91.0,,-999.0,,0.89,27.0,0.87,-0.18,0.6,348.3,0.42,-0.2,1.14,0.47,334.5,0.05,0.17,0.17,0.4,0.47,-0.07,1.14,0.48,334.5,0.07,0.23,1.15,0.24,73.1,0.47,-0.07,1.09,0.48,351.5,0.05,0.13,-0.05,0.14,0.15,-0.05,0.05,-77.4,69.0,6.7,2009-08-04,11:54:03,96.0,236.0,,,-1.0,,,,,94.0,,0,0.0,2009-08-07 15:55:00
1352,1352,2009-09-03,15:52:00,1,,,8.0,CHN24_378,4.0,,0.0,0.0,492.0,29,8.1,12,1.99,-3.8,4.6,0.568,2.415,17.0,0.418,45.0,7.44,47.0,0.62,10.0,3.13,0.69,0.8,0.7,3.05,0.8,32,18,-0.24,10,-0.22,10,28.74,0.22,2,0.096,-99.9,-99.99,110.0,154.0,110.0,2.67,12.0,-9.0,55.0,,-99.9,-999.0,,-999.0,,0.77,10.0,0.26,0.72,0.7,70.1,0.26,0.72,0.48,0.77,70.1,-0.06,0.16,0.16,0.25,0.41,0.06,0.85,0.41,357.0,0.26,0.1,0.94,0.28,21.0,0.41,0.06,1.15,0.41,8.3,0.22,0.07,0.3,0.23,0.38,0.3,0.3,-9.3,17.7,7.8,,,0.0,-999.0,,,-1.0,,,,,0.0,-1.0,0,0.0,2009-09-03 15:52:00
1354,1354,2009-10-04,4:12:00,1,,,8.0,CHN14_381,4.0,,0.0,0.0,416.0,26,9.8,8,2.04,-2.4,7.8,0.796,3.37,7.0,0.537,24.0,8.25,5.0,0.99,7.0,7.58,1.37,1.2,0.8,3.6,1.2,17,17,-0.28,5,-0.21,57,37.17,0.2,1,0.128,-99.9,-99.99,99.0,164.0,99.0,2.33,9.0,-5.0,95.0,,-99.9,-999.0,,-999.0,,0.95,13.0,-0.31,0.9,0.55,109.0,0.41,0.29,0.34,0.5,35.3,-0.05,-0.11,0.11,0.32,0.37,0.63,0.14,0.73,60.8,0.05,0.64,0.29,0.64,85.5,0.37,0.63,0.42,0.73,59.6,0.13,0.2,0.28,0.24,0.37,0.28,0.28,2.6,57.0,14.1,,,0.0,-999.0,,,-1.0,,,,,0.0,-1.0,0,0.0,2009-10-04 04:12:00
1355,1355,2009-12-05,6:51:00,1,,,8.0,CHN24_386,4.0,,0.0,0.0,420.0,25,10.0,19,2.1,-5.0,5.0,0.5,2.357,14.0,0.491,37.0,80.13,1.0,0.58,23.0,17.34,1.07,1.0,0.9,3.38,1.0,45,67,-0.22,11,-0.18,11,41.23,0.24,12,0.101,-99.9,-99.99,216.0,166.0,166.0,2.33,9.0,-11.0,26.0,,-99.9,-999.0,,-999.0,,0.96,40.0,-0.32,0.9,0.85,109.6,0.15,0.2,0.08,0.25,53.1,-0.21,-0.1,0.1,0.65,-0.43,0.31,0.34,0.53,148.0,-0.09,0.14,0.24,0.17,122.7,-0.43,0.31,0.35,0.53,144.2,-0.11,0.11,0.01,0.16,0.16,0.01,0.01,9.2,135.0,9.1,,,0.0,-999.0,,,-1.0,,,,,0.0,-1.0,0,0.0,2009-12-05 06:51:00
1357,1357,2010-04-05,8:26:00,1,2010-04-03,9:04:00,1.0,SF(DSF)+CH_398,4.0,0.0,877.0,898.0,814.0,7,18.8,5,7.65,-7.4,13.1,0.697,4.18,0.0,0.099,5.0,2.67,0.0,0.05,24.0,63.18,3.9,2.6,3.1,10.16,10.0,17,18,-0.93,3,-0.66,3,92.88,0.3,24,0.138,-99.9,0.68,73.0,30.0,30.0,7.67,179.0,-76.0,22.0,B,7.4e-07,-15.0,15.0,10.0,114.0,1.64,8.0,1.56,-0.52,1.34,341.6,0.36,0.84,-1.48,0.91,66.8,-0.02,-0.66,0.66,0.46,0.32,0.21,-1.54,0.38,33.3,0.29,-0.13,-1.77,0.32,335.9,0.35,0.48,-1.69,0.59,53.9,0.03,0.27,-0.15,0.27,0.31,-0.15,0.15,-29.8,83.7,7.9,2010-04-03,10:33:58,360.0,-999.0,2010-04-05,12:00:00,26.0,18.76,18.5,94.0,111.9,94.0,,0,34.0,2010-04-05 08:26:00
1358,1358,2010-04-11,13:04:00,1,2010-04-08,2:30:00,1.5,SF+DSF?,4.0,0.0,503.0,514.0,457.0,3,12.1,20,2.76,-4.6,6.6,0.545,2.031,5.0,0.165,18.0,11.42,26.0,0.31,18.0,24.56,2.47,1.3,1.6,2.24,1.3,15,15,-0.39,-1,-0.26,1,46.42,0.32,16,0.107,-99.9,-99.99,43.0,64.0,43.0,5.67,67.0,-67.0,11.0,B,3.7e-07,24.0,24.0,-14.0,80.0,0.87,22.0,0.85,0.17,2.13,11.3,0.63,-0.18,-1.49,0.66,344.1,-0.39,-0.41,0.41,0.29,0.09,-0.52,-1.28,0.53,279.8,0.14,-0.34,-1.38,0.37,292.4,0.63,-0.18,-1.49,0.66,344.1,0.54,0.34,-0.21,0.64,0.67,-0.21,0.21,-48.1,32.2,24.1,2010-04-08,4:54:07,160.0,249.0,2010-04-12,1:00:00,14.0,7.12,,,,104.0,,0,10.0,2010-04-11 13:04:00
1359,1359,2010-05-28,2:57:00,1,2010-05-24,13:05:00,2.0,DSFm2405+DSFm2305,4.0,0.0,484.0,485.0,385.0,8,14.4,29,2.77,-13.8,13.8,0.958,2.205,36.0,0.299,18.0,6.1,1.0,0.11,33.0,54.11,0.83,1.7,2.7,7.56,7.0,28,33,-0.49,17,-0.55,26,59.6,0.25,8,0.118,-99.9,-99.99,56.0,44.0,44.0,5.33,56.0,-80.0,35.0,B,1.1e-07,13.0,13.0,31.0,165.0,1.96,20.0,1.29,1.47,1.14,48.7,1.22,1.37,-1.61,1.83,48.3,-0.07,0.03,0.03,,0.15,0.73,-1.24,0.75,78.4,-0.02,0.72,-0.98,0.72,91.6,0.17,0.62,-1.19,0.64,74.7,0.02,-0.11,0.05,0.11,0.12,0.05,0.05,154.4,280.3,3.2,2010-05-24,14:06:05,360.0,-999.0,2010-05-28,19:00:00,22.0,11.52,,,,93.0,,0,13.0,2010-05-28 02:57:00
1360,1360,2010-08-03,17:41:00,1,2010-08-01,7:55:00,1.0,SF+DSF,4.0,0.0,719.0,792.0,598.0,5,17.3,15,5.17,-10.4,13.1,0.757,2.488,2.0,0.387,13.0,2.0,6.0,0.3,12.0,38.7,3.81,2.8,3.7,-1.0,3.3,11,11,-0.85,0,-0.85,0,-99.0,0.18,12,0.162,-99.9,0.84,16.0,17.0,16.0,6.67,111.0,-74.0,7.0,C,3.2e-06,-999.0,20.0,-999.0,100.0,1.78,1.0,-0.25,1.76,2.47,98.1,0.59,0.49,0.15,0.77,39.7,-1.81,-1.99,1.99,,-0.25,1.76,0.62,1.78,33.9,0.59,0.49,0.15,0.77,39.7,-0.25,1.76,-0.01,1.78,98.1,-0.95,1.29,-0.63,1.6,1.72,-0.63,0.63,-28.3,126.4,69.7,2010-08-01,13:42:05,360.0,-999.0,,,-1.0,,,,,77.0,,0,14.0,2010-08-03 17:41:00
1361,1361,2010-08-04,10:19:00,1,,,2.0,DSF+SF,4.0,0.0,0.0,698.0,598.0,2,13.7,-1,4.1,-8.2,10.1,0.737,0.628,19.0,0.09,10.0,4.27,14.0,0.06,1.0,-1.0,-1.0,0.8,0.6,-1.0,0.8,0,0,-0.2,17,-0.4,0,-99.0,0.3,3,0.058,-99.9,0.81,17.0,23.0,17.0,6.33,94.0,-74.0,8.0,,-99.9,-999.0,-1.0,-999.0,100.0,0.99,8.0,0.53,-0.84,0.62,302.2,0.65,-0.22,0.21,0.69,341.3,0.4,0.18,0.18,,0.73,-0.11,-0.14,0.74,351.4,0.66,0.12,-0.16,0.67,10.3,0.77,0.02,-0.26,0.77,1.5,0.04,0.13,-0.12,0.14,0.18,-0.12,0.12,-71.4,72.9,12.5,2010-08-01,23:18:05,120.0,56.0,2010-08-04,10:00:00,14.0,8.54,,,,0.0,,0,32.0,2010-08-04 10:19:00
1362,1362,2010-10-30,10:13:00,1,,,2.0,DSF,4.0,0.0,0.0,394.0,387.0,2,11.7,44,2.26,-3.5,9.3,0.795,2.414,2.0,0.232,22.0,25.64,15.0,0.2,42.0,15.13,1.19,2.0,1.9,6.01,2.1,36,36,-0.38,35,-0.36,35,49.09,0.39,37,0.171,-99.9,0.5,193.0,148.0,148.0,2.33,9.0,-14.0,-10.0,,-99.9,-999.0,-1.0,-999.0,45.0,1.74,19.0,0.01,1.74,1.44,89.7,0.91,-0.64,-1.04,1.11,324.9,0.17,0.18,0.18,,-0.44,0.91,-0.5,1.01,115.8,-0.47,1.19,-0.69,1.28,111.6,-0.46,1.15,-0.57,1.24,111.8,-0.02,0.24,-0.07,0.24,0.25,-0.07,0.07,17.0,94.8,4.0,2010-10-26,1:36:05,83.0,198.0,2010-10-31,13:00:00,7.0,2.44,,,,0.0,,0,33.0,2010-10-30 10:13:00
1364,1364,2010-11-10,17:43:00,1,,,7.0,CHN23_?,4.0,,0.0,0.0,546.0,45,11.3,11,3.08,-7.8,10.7,0.947,4.592,15.0,0.594,2.0,9.2,43.0,0.59,9.0,39.4,2.21,1.0,1.4,4.25,1.0,26,29,-0.28,7,-0.28,7,49.33,0.29,42,0.088,-99.9,-99.99,58.0,74.0,58.0,4.67,39.0,-39.0,29.0,,-99.9,-999.0,,-999.0,,0.86,48.0,0.71,0.49,1.54,34.6,-0.24,0.26,0.28,0.35,132.7,-0.14,-0.04,0.04,,-0.05,0.63,0.06,0.63,72.3,0.23,0.39,0.18,0.45,59.5,-0.05,0.63,-0.09,0.63,94.5,-0.2,0.16,-0.15,0.26,0.3,-0.15,0.15,-46.8,141.3,26.8,,,0.0,-999.0,,,-1.0,,,,,0.0,1.0,0,48.0,2010-11-10 17:43:00
1367,1367,2011-02-14,15:55:00,1,,,5.0,?,4.0,,0.0,0.0,497.0,19,18.8,8,4.67,-13.2,13.2,0.702,3.781,7.0,0.349,29.0,11.71,1.0,0.21,9.0,35.99,3.22,1.2,1.3,2.44,1.2,22,22,-0.34,9,-0.36,6,41.55,0.2,16,0.064,-99.99,-1.0,110.0,82.0,82.0,5.33,56.0,-40.0,6.0,,-99.9,-999.0,,-999.0,,1.09,22.0,-0.74,0.8,0.89,132.8,0.42,0.63,-1.75,0.76,56.3,-0.06,-0.1,0.1,0.61,0.22,0.01,-1.35,0.22,2.6,0.09,0.07,-1.35,0.11,37.9,0.28,0.22,-1.45,0.36,38.2,0.06,0.21,-0.1,0.22,0.24,-0.1,0.1,-35.9,74.1,8.2,,,0.0,-999.0,2011-02-14,19:00:00,6.0,4.33,,,,0.0,1.0,0,87.0,2011-02-14 15:55:00
1368,1368,2011-02-18,1:30:00,1,2011-02-15,1:44:00,1.0,SF+SF,4.0,0.0,579.0,579.0,691.0,12,31.0,5,10.71,-5.5,20.2,0.652,4.285,12.0,0.164,47.0,2.75,17.0,0.05,19.0,72.25,14.84,5.2,4.7,13.57,14.0,7,7,-1.31,4,-1.2,4,157.74,0.42,34,0.168,0.35,-1.0,82.0,96.0,82.0,5.0,48.0,-30.0,13.0,X2.2/,0.00022,-18.0,18.0,17.0,22.0,1.55,4.0,-0.12,1.55,1.77,94.4,-0.12,1.55,-0.1,1.55,94.4,-1.05,-1.61,1.61,0.18,-0.2,0.33,-0.9,0.39,121.2,0.0,0.37,-0.83,0.37,90.0,-0.12,0.73,-0.55,0.74,99.3,0.08,0.4,0.35,0.41,0.54,0.35,0.35,20.6,78.7,32.7,2011-02-15,2:24:05,360.0,-999.0,2011-02-18,20:00:00,33.0,17.7,,,,77.0,,0,85.0,2011-02-18 01:30:00
1369,1369,2011-03-10,6:45:00,1,2011-03-07,19:43:00,1.0,SF+DSF+CH,4.0,0.0,704.0,701.0,405.0,27,11.9,3,2.41,-10.5,10.5,0.882,1.713,18.0,0.447,1.0,2.49,15.0,0.45,11.0,31.19,2.39,2.5,3.0,-9900.0,2.5,25,25,-0.5,19,-0.46,19,64.22,0.28,10,0.21,-99.9,0.47,99.0,33.0,33.0,5.33,56.0,-83.0,22.0,M,3.7e-05,24.0,24.0,59.0,75.0,3.0,7.0,-2.12,2.12,1.45,135.0,-0.37,0.31,-1.45,0.48,140.0,-0.51,-0.82,0.82,0.0,-1.54,0.63,-1.61,1.66,111.9,-1.05,0.8,-2.32,1.32,142.7,-1.54,0.63,-2.56,1.66,157.8,-1.15,-0.34,-0.95,1.2,1.53,-0.95,0.95,-38.7,196.5,24.5,2011-03-07,20:00:05,360.0,-999.0,,,-1.0,,,,,93.0,,0,83.0,2011-03-10 06:45:00
1370,1370,2011-03-29,16:30:00,1,2011-03-24,12:01:00,2.0,DSF,4.0,0.0,334.0,333.0,391.0,2,14.5,10,2.83,-7.0,14.0,0.966,1.366,38.0,0.19,19.0,6.78,5.0,0.03,15.0,44.86,3.72,3.1,2.9,8.26,8.0,21,23,-0.49,9,-0.49,9,55.41,0.3,30,0.214,-99.9,0.64,178.0,72.0,72.0,3.33,18.0,-4.0,11.0,M,1e-05,-16.0,16.0,-43.0,10.0,1.4,9.0,1.15,0.8,1.72,34.8,1.15,0.8,-3.14,1.4,34.8,-0.15,-0.39,0.39,,-0.21,0.52,-1.94,0.56,112.0,0.0,0.86,-2.23,0.86,90.0,-0.1,0.9,-2.21,0.91,96.3,0.11,0.38,-0.27,0.4,0.48,-0.27,0.27,22.5,73.9,8.0,2011-03-24,12:48:07,191.0,38.0,2011-03-29,23:00:00,28.0,13.83,,,,77.0,,0,104.0,2011-03-29 16:30:00
1371,1371,2011-04-01,16:48:00,1,,,6.0,CHN34_443+,4.0,,0.0,0.0,650.0,22,11.5,6,3.74,-6.3,6.5,0.565,2.928,19.0,0.926,43.0,3.98,1.0,0.32,4.0,46.22,1.89,1.7,2.2,5.48,2.0,32,36,-0.35,29,-0.21,30,24.66,0.16,26,0.148,-99.9,0.69,72.0,98.0,72.0,4.33,32.0,-38.0,9.0,,-99.9,-999.0,,-999.0,,1.15,-6.0,0.81,0.82,1.43,45.4,-0.1,0.37,-1.97,0.38,105.1,-0.16,-0.09,0.09,,0.51,0.33,-1.01,0.61,23.3,0.58,0.17,-0.88,0.6,16.3,0.51,0.33,-0.76,0.61,32.9,-0.14,0.05,0.25,0.15,0.29,0.25,0.25,-127.4,160.3,6.8,,,0.0,-999.0,,,-1.0,,,,,0.0,-5.0,0,67.0,2011-04-01 16:48:00
1372,1372,2011-04-06,9:33:00,1,,,2.0,DSF,4.0,,0.0,,539.0,2,15.4,3,4.15,-8.8,8.8,0.571,2.154,5.0,1.208,0.0,1.92,7.0,0.65,1.0,-1.0,-1.0,1.2,1.5,,,3,3,-0.49,2,-0.41,1,,0.56,4,0.078,,,15.0,15.0,15.0,5.0,48.0,-60.0,8.0,,,-999.0,,-999.0,,1.56,2.0,-1.38,-0.72,2.51,207.6,-0.9,0.16,-3.4,0.91,169.9,,,,,-0.78,-0.27,-0.89,0.83,79.0,-0.58,0.44,-1.85,0.73,142.8,-0.78,-0.27,-2.57,0.83,199.1,-1.16,-2.23,-1.68,2.51,3.02,-1.68,1.68,-43.4,242.5,75.7,,,,,,,,,,,,103.0,,0,,2011-04-06 09:33:00
1374,1374,2011-06-04,20:44:00,1,2011-06-02,7:22:00,1.0,SF(DSF?)+SF+,4.0,0.0,677.0,680.0,556.0,8,23.6,6,6.56,-4.5,16.5,0.699,3.195,2.0,0.246,6.0,4.61,12.0,0.15,7.0,64.73,10.39,3.5,3.4,9.99,3.5,11,8,-0.71,6,-0.85,6,92.21,0.25,14,0.148,0.75,0.71,90.0,65.0,65.0,6.33,94.0,-45.0,8.0,C,3.7e-06,-19.0,19.0,-25.0,35.0,1.78,27.0,1.45,-1.04,1.12,324.4,-0.45,0.92,-1.7,1.02,116.1,-0.54,-0.65,0.65,,-0.05,0.41,-1.58,0.41,97.0,-0.12,0.64,-1.92,0.65,100.6,-0.58,0.55,-1.77,0.8,136.5,-0.53,0.14,-0.19,0.55,0.58,-0.19,0.19,-28.7,165.2,15.8,2011-06-02,8:12:06,360.0,-999.0,2011-06-05,2:00:00,17.0,12.27,,,,0.0,,0,115.0,2011-06-04 20:44:00
1376,1376,2011-08-05,17:51:00,1,2011-08-04,3:41:00,1.0,SF+SF+SF,4.0,0.0,1089.0,1104.0,611.0,4,29.4,5,8.98,-18.7,18.7,0.636,7.386,25.0,0.122,47.0,2.69,14.0,0.15,5.0,124.34,8.78,4.3,4.8,-9900.0,4.3,29,20,-1.49,2,-1.45,2,152.61,0.6,25,0.146,0.66,0.85,20.0,60.0,20.0,7.67,179.0,-115.0,9.0,M,9.3e-05,19.0,19.0,36.0,16.0,2.29,2.0,2.15,-0.79,1.47,339.8,2.15,-0.79,0.38,2.29,339.8,-2.44,-2.75,2.75,,1.37,-0.39,-0.39,1.42,331.5,1.32,-0.59,-0.21,1.45,335.9,1.37,-0.39,0.13,1.42,344.1,-0.16,0.44,0.52,0.47,0.7,0.52,0.52,-125.9,110.0,21.8,2011-08-04,4:12:05,360.0,-999.0,2011-08-06,23:00:00,31.0,8.24,,,,104.0,,0,88.0,2011-08-05 17:51:00
1377,1377,2011-09-09,12:42:00,1,2011-09-06,1:35:00,1.0,SF+SF+CH,4.0,0.0,500.0,500.0,560.0,8,19.3,5,5.4,-14.2,14.2,0.736,6.778,1.0,0.267,17.0,999.99,12.0,0.34,17.0,-1.0,0.0,3.4,3.2,-1.0,2.7,26,26,-0.47,18,-0.44,16,38.86,0.33,28,0.176,-99.9,-99.99,27.0,33.0,27.0,5.67,67.0,-75.0,15.0,M,5.3e-05,14.0,14.0,7.0,15.0,0.93,28.0,0.8,0.47,2.16,30.4,0.08,-0.29,-2.76,0.3,285.4,-0.75,-0.45,0.45,,0.1,0.34,-2.74,0.35,73.6,0.18,0.3,-3.18,0.35,59.0,0.19,0.6,-3.19,0.63,72.4,0.09,0.26,-0.45,0.28,0.53,-0.45,0.45,1.5,70.9,3.8,2011-09-06,2:24:05,360.0,-999.0,2011-09-10,3:00:00,12.0,5.07,,,,104.0,,0,72.0,2011-09-09 12:42:00
1378,1378,2011-09-25,11:45:00,1,2011-09-22,10:29:00,1.0,SF+SF,4.0,0.0,567.0,570.0,367.0,3,10.5,3,1.93,-3.1,6.0,0.571,2.388,13.0,0.572,6.0,3.33,19.0,0.58,0.0,13.61,0.15,1.4,1.3,,1.4,15,18,-0.25,0,-0.23,2,-99.0,0.2,4,0.12,-99.9,0.17,66.0,25.0,25.0,2.0,7.0,-7.0,-3.0,X,0.00014,-999.0,8.0,-999.0,75.0,1.02,13.0,-0.49,0.89,0.91,118.8,-0.23,0.52,-1.7,0.57,113.9,-0.36,-0.5,0.5,,-0.18,0.4,-2.1,0.44,114.2,-0.17,0.39,-2.42,0.43,113.6,-0.4,0.57,-2.34,0.7,125.1,-0.22,0.17,-0.24,0.28,0.37,-0.24,0.24,-17.2,142.3,5.4,2011-09-22,10:48:06,360.0,-999.0,,,-1.0,,,,,94.0,,0,122.0,2011-09-25 11:45:00
1379,1379,2011-09-26,12:35:00,1,2011-09-24,12:33:00,1.0,SF+SF+SF,4.0,0.0,865.0,870.0,704.0,10,34.2,7,12.04,-16.4,16.4,0.48,6.636,3.0,0.208,34.0,6.96,33.0,0.08,5.0,92.12,10.96,3.9,5.1,-9900.0,4.4,17,7,-1.35,4,-1.51,4,173.75,0.2,11,0.15,0.79,0.69,25.0,38.0,25.0,6.33,94.0,-118.0,12.0,M,7.1e-05,10.0,10.0,-56.0,97.0,1.0,24.0,-0.31,-0.95,2.95,251.9,-0.04,0.5,-0.42,0.5,94.6,-0.78,-0.77,0.77,,0.22,0.01,-1.89,0.22,2.6,0.23,-0.26,-2.35,0.35,311.5,0.29,0.11,-1.81,0.31,20.8,0.07,0.1,0.08,0.12,0.15,0.08,0.08,-34.2,55.0,4.0,2011-09-24,12:48:07,360.0,-999.0,2011-09-26,20:00:00,48.0,20.81,,,,104.0,,0,112.0,2011-09-26 12:35:00
1380,1380,2011-11-12,5:59:00,1,2011-11-09,13:04:00,1.0,SF+DSF,5.0,0.0,640.0,639.0,464.0,4,8.8,4,2.04,-3.2,3.9,0.443,2.643,15.0,0.846,3.0,3.83,8.0,0.32,1.0,5.03,1.64,0.9,0.8,2.2,1.0,5,5,-0.35,0,-0.23,0,41.5,0.1,10,0.102,-99.9,0.5,26.0,20.0,20.0,2.0,7.0,-13.0,11.0,M,1.1e-05,-999.0,18.0,-999.0,68.0,1.38,5.0,-1.02,-0.93,0.97,222.4,-0.8,0.58,-1.73,0.99,144.1,-0.53,-0.54,0.54,,-0.67,0.75,-1.71,1.01,154.2,-0.8,0.58,-1.73,0.99,144.1,-0.67,0.75,-1.47,1.01,131.8,0.24,0.31,0.24,0.39,0.46,0.24,0.24,79.5,52.3,12.6,2011-11-09,13:36:05,360.0,-999.0,,,-1.0,,,,,0.0,,0,157.0,2011-11-12 05:59:00
1381,1381,2012-01-22,6:11:00,1,2012-01-19,13:44:00,1.5,SF(DSF)+DSF(18.01,4.0,0.0,645.0,647.0,459.0,21,26.5,4,6.08,-10.5,20.0,0.755,3.524,14.0,0.173,34.0,1.62,11.0,0.2,6.0,108.18,9.78,3.0,3.4,-1.0,3.0,19,19,-0.48,15,-0.47,0,-99.0,0.31,44,0.113,-99.9,0.5,25.0,57.0,25.0,5.0,48.0,-69.0,22.0,M,3.2e-05,30.0,30.0,-30.0,246.0,1.74,6.0,-0.2,1.73,2.36,96.6,-0.07,0.47,-2.51,0.48,98.5,-0.78,-1.0,1.0,,0.3,0.49,-1.13,0.57,58.5,0.4,0.54,-0.72,0.67,53.5,-0.11,0.72,-0.82,0.73,98.7,-0.41,0.23,0.31,0.47,0.56,0.31,0.31,-52.0,150.7,26.3,2012-01-19,14:36:05,360.0,-999.0,2012-01-22,23:00:00,8.0,4.29,,,,77.0,,0,109.0,2012-01-22 06:11:00
1382,1382,2012-01-24,15:03:00,1,2012-01-23,3:38:00,1.0,SF+DSF,4.0,0.0,1173.0,1175.0,673.0,2,16.4,2,5.52,-9.3,9.3,0.567,3.565,3.0,0.668,29.0,6.31,38.0,0.73,17.0,29.52,2.57,3.2,3.2,-1.0,3.2,13,7,-1.3,-1,-1.18,-1,-99.0,0.89,14,0.195,-99.9,0.5,57.0,45.0,45.0,4.33,32.0,-80.0,18.0,M,8.7e-05,18.0,18.0,25.0,56.0,1.59,0.0,-1.07,1.18,3.02,132.2,-0.38,-0.22,-2.38,0.44,210.1,-0.97,-0.62,0.62,,-0.78,0.71,-2.38,1.05,210.1,-1.07,1.18,-1.73,1.59,132.2,-0.78,0.71,-1.06,1.05,137.7,-0.4,0.93,1.32,1.01,1.66,1.32,1.32,24.4,113.3,42.6,2012-01-23,4:00:05,360.0,-999.0,,,-1.0,,,,,95.0,,0,86.0,2012-01-24 15:03:00
1383,1383,2012-01-30,16:24:00,1,2012-01-27,17:37:00,1.0,SF+SF+CH,4.0,0.0,0.0,592.0,427.0,5,10.8,2,2.31,-4.3,5.5,0.509,2.133,5.0,0.617,-2.0,999.99,25.0,0.66,0.0,11.6,0.07,2.4,2.2,-1.0,2.6,26,27,-0.62,13,-0.43,20,67.09,0.57,27,0.2,-99.9,0.81,46.0,30.0,30.0,3.67,22.0,-19.0,4.0,X,0.00017,-999.0,27.0,-999.0,79.0,2.05,9.0,0.18,2.04,1.81,85.0,0.23,1.78,-0.86,1.79,82.6,-0.26,0.05,0.05,,-0.27,0.46,-1.86,0.53,120.4,-0.51,0.43,-2.5,0.67,139.9,-0.59,0.3,-2.57,0.66,153.0,-0.32,-0.16,-0.71,0.36,0.8,-0.71,0.71,-53.5,206.6,8.6,2012-01-27,18:27:52,360.0,-999.0,,,-1.0,,,,,0.0,,0,62.0,2012-01-30 16:24:00
1385,1385,2012-03-07,4:20:00,1,2012-03-04,10:29:00,1.0,SF+SF+SF,4.0,0.0,631.0,630.0,592.0,15,17.1,2,5.06,-12.0,12.0,0.702,2.574,7.0,0.505,25.0,4.31,14.0,0.4,0.0,77.82,3.95,4.5,3.8,-9900.0,4.5,28,28,-0.42,10,-0.5,10,43.12,0.79,4,0.263,-99.9,0.2,33.0,31.0,31.0,6.0,80.0,-85.0,10.0,M2.0/1N,2e-05,19.0,19.0,-61.0,107.0,2.59,19.0,-0.02,2.59,3.32,90.4,-0.92,1.44,0.27,1.71,122.6,0.26,0.81,0.81,,-0.37,0.41,-0.36,0.55,108.4,0.07,0.49,0.05,0.49,81.9,-0.37,0.41,0.27,0.55,132.1,-0.1,-0.4,0.63,0.41,0.75,0.63,0.63,-123.9,256.0,54.0,2012-03-04,11:00:07,360.0,-999.0,,,-1.0,,,,,104.0,,0,106.0,2012-03-07 04:20:00
1386,1386,2012-03-08,11:03:00,1,2012-03-07,0:02:00,1.0,SF+SF,5.0,0.0,1187.0,1188.0,737.0,26,23.1,12,8.51,-16.1,16.1,0.697,7.215,11.0,0.078,21.0,4.69,3.0,0.06,17.0,140.18,7.0,11.7,11.2,-9900.0,11.7,21,20,-2.31,0,-1.84,0,196.74,0.62,32,0.506,0.87,0.73,31.0,74.0,31.0,8.0,207.0,-143.0,20.0,X5.4/,0.00054,21.0,21.0,-27.0,38.0,2.68,0.0,-1.13,2.43,3.34,114.9,-1.13,2.43,-0.51,2.68,114.9,-2.8,-2.64,2.64,,-0.63,0.13,-1.02,0.64,92.1,-1.13,2.43,-0.51,2.68,114.9,-0.63,0.13,-0.37,0.64,168.3,-0.55,-2.07,0.65,2.14,2.24,0.65,0.65,-86.8,255.1,66.6,2012-03-07,0:24:06,360.0,-999.0,2012-03-09,3:00:00,58.0,27.66,,,,77.0,,0,97.0,2012-03-08 11:03:00
1387,1387,2012-03-11,13:00:00,1,2012-03-09,3:22:00,1.0,SF+SF,5.0,0.0,721.0,728.0,461.0,6,8.3,5,1.91,-4.9,6.3,0.759,1.856,5.0,0.539,1.0,7.04,9.0,0.91,15.0,1.97,1.52,0.9,0.8,-9900.0,0.9,2,2,-0.31,14,-0.25,2,-99.0,0.3,12,0.108,0.67,0.59,74.0,20.0,20.0,3.33,18.0,-44.0,-13.0,M6.3/,6.3e-05,17.0,17.0,3.0,56.0,1.7,12.0,-0.03,1.7,1.39,91.0,-0.68,1.03,-0.81,1.23,123.4,-0.17,-0.3,0.3,,0.8,0.97,-0.58,1.26,77.6,0.46,0.87,-0.48,0.98,62.1,0.8,0.97,-0.15,1.26,50.5,0.63,0.2,0.43,0.66,0.79,0.43,0.43,32.9,17.6,38.5,2012-03-09,4:26:09,360.0,-999.0,,,-1.0,,,,,94.0,,0,116.0,2012-03-11 13:00:00
1388,1388,2012-03-12,9:14:00,1,2012-03-10,17:15:00,1.0,SF+SF,5.0,0.0,1039.0,1055.0,727.0,11,23.6,2,8.58,-12.1,12.1,0.513,6.3,7.0,0.211,16.0,5.32,3.0,0.07,25.0,49.58,3.28,5.7,5.8,-9900.0,5.7,18,18,-1.29,9,-1.05,9,127.66,0.86,20,0.242,0.83,0.74,20.0,76.0,20.0,6.33,94.0,-51.0,6.0,M8.4/,8.4e-05,17.0,17.0,24.0,75.0,3.27,13.0,-3.12,-0.99,4.58,197.6,0.21,-0.99,1.03,1.01,282.0,-0.27,-0.2,0.2,,0.67,-0.91,-0.54,1.13,262.1,0.41,-0.33,-0.63,0.53,321.2,0.67,-0.91,-0.59,1.13,306.4,0.73,-0.48,-0.05,0.87,0.88,-0.05,0.05,-20.3,326.7,40.7,2012-03-10,18:12:06,360.0,-999.0,2012-03-12,22:00:00,58.0,21.14,,,,104.0,,0,116.0,2012-03-12 09:14:00
1389,1389,2012-03-15,13:06:00,1,2012-03-13,17:12:00,1.0,SF(DSF)+CHC24_507,5.0,0.0,947.0,946.0,787.0,7,15.8,5,6.22,-9.7,9.7,0.614,2.841,0.0,0.104,16.0,2.63,0.0,0.28,17.0,39.43,4.74,1.3,1.8,-9900.0,1.3,10,6,-0.37,3,-0.7,4,35.69,0.44,11,0.082,0.85,0.86,76.0,20.0,20.0,6.33,94.0,-80.0,5.0,M,7.9e-05,19.0,19.0,59.0,73.0,0.92,7.0,0.85,-0.34,1.74,338.2,-0.09,-0.69,-0.44,0.7,262.6,-0.09,-0.03,0.03,,0.04,0.1,-1.52,0.11,14.5,0.45,0.71,-1.77,0.84,57.6,0.04,0.1,-1.22,0.11,68.2,-0.5,-0.04,0.3,0.5,0.58,0.3,0.3,-116.4,184.6,17.6,2012-03-13,17:36:05,360.0,-999.0,,,-1.0,,,,,94.0,,0,88.0,2012-03-15 13:06:00
1390,1390,2012-04-23,3:20:00,1,,,2.0,DSF(m04.19CE)+SF+CHN13_514,4.0,0.0,0.0,489.0,394.0,2,15.5,16,3.05,-14.7,14.7,0.948,2.475,2.0,0.388,23.0,5.05,0.0,0.21,17.0,14.83,3.14,1.7,1.7,2.87,1.3,7,23,-0.4,-1,-0.41,19,-99.0,0.34,17,0.11,-99.9,-99.99,34.0,26.0,26.0,6.67,111.0,-103.0,23.0,,-99.9,-999.0,,-999.0,,1.07,0.0,0.29,1.03,0.92,74.3,0.0,-0.43,-1.73,0.43,270.0,-0.18,0.08,0.08,,0.1,1.19,-1.23,1.19,85.2,0.29,1.03,-1.54,1.07,74.3,0.07,0.94,-1.52,0.94,85.7,-0.03,-0.25,-0.29,0.25,0.38,-0.29,0.29,-177.4,263.2,12.4,2012-04-19,15:12:09,142.0,138.0,2012-04-23,17:00:00,12.0,7.52,,,,77.0,,0,138.0,2012-04-23 03:20:00
1391,1391,2012-05-21,19:37:00,1,,,4.0,SF?(m18.05)+CHC23_517,4.0,,0.0,0.0,430.0,14,13.1,15,2.82,-7.5,7.5,0.573,8.768,9.0,0.716,6.0,8.96,1.0,0.28,12.0,19.5,2.62,0.9,0.8,,0.9,6,11,-0.59,6,-0.43,6,77.92,0.21,2,0.069,-99.9,0.44,43.0,20.0,20.0,4.0,27.0,-24.0,17.0,,-99.9,-999.0,,-999.0,,1.8,6.0,0.34,1.77,1.06,79.1,0.34,1.77,-1.76,1.8,79.1,-0.06,0.15,0.15,,0.69,1.13,-1.23,1.32,56.2,0.35,0.79,-1.16,0.86,66.1,0.69,1.13,-1.23,1.32,58.6,0.08,0.22,0.0,0.23,0.23,0.0,0.0,-11.4,70.0,5.7,,,0.0,-999.0,,,,,,,,104.0,,0,110.0,2012-05-21 19:37:00
1392,1392,2012-06-16,9:55:00,1,2012-06-13,11:29:00,1.0,SF(m06.13)+SF+DSF,4.0,0.0,590.0,601.0,413.0,9,10.6,7,-99.9,-3.4,3.4,0.321,1.564,3.0,0.504,7.0,1.74,3.0,0.75,1.0,11.86,2.49,1.4,1.1,-1.0,1.4,7,7,-0.26,5,-0.26,7,36.79,0.04,-2,0.132,-99.9,-99.99,117.0,10.0,10.0,3.0,15.0,15.0,-6.0,M,1.2e-05,-17.0,17.0,-21.0,182.0,1.64,7.0,0.19,1.63,0.52,83.4,0.5,1.19,-0.35,1.29,67.2,-0.23,-0.31,0.31,,0.35,0.88,-0.47,0.95,68.1,0.44,1.2,-0.3,1.28,69.9,0.35,0.88,-0.28,0.95,68.3,-0.06,-0.14,0.19,0.15,0.24,0.19,0.19,-178.5,246.8,6.7,2012-06-13,13:25:49,253.0,188.0,,,,,,,,94.0,,0,106.0,2012-06-16 09:55:00
1393,1393,2012-06-16,20:20:00,1,2012-06-14,12:52:00,1.0,SF(m06.14)+SF+DSF,4.0,0.0,749.0,761.0,519.0,3,40.1,7,10.41,-16.0,34.7,0.865,2.647,28.0,0.161,38.0,2.73,18.0,0.07,24.0,139.2,36.19,4.6,4.0,-1.0,4.6,8,8,-1.22,0,-1.63,1,136.26,0.81,13,0.115,0.42,0.57,10.0,49.0,10.0,6.33,94.0,-71.0,16.0,M,1.9e-05,-17.0,17.0,-6.0,184.0,1.9,0.0,0.92,1.66,2.01,61.0,0.92,1.66,-1.38,1.9,61.0,-2.0,-3.01,3.01,,0.43,1.21,-1.25,1.28,70.4,0.92,1.66,-1.38,1.9,61.0,0.55,1.4,-1.64,1.5,68.6,0.12,0.19,-0.39,0.22,0.45,-0.39,0.39,10.8,57.7,3.5,2012-06-14,14:12:07,360.0,-999.0,2012-06-16,23:00:00,13.0,21.33,,,,104.0,,0,106.0,2012-06-16 20:20:00
1394,1394,2012-07-14,18:09:00,1,2012-07-12,15:37:00,1.0,SF(m07.12),4.0,0.0,822.0,834.0,667.0,7,27.3,15,9.1,-17.7,17.7,0.648,2.996,1.0,0.129,27.0,4.91,10.0,0.02,15.0,201.23,11.3,6.4,7.6,-9900.0,6.4,23,23,-1.22,5,-1.39,4,152.48,0.55,45,0.234,1.13,0.94,123.0,64.0,64.0,7.0,132.0,-127.0,23.0,X,0.00014,13.0,13.0,15.0,113.0,2.62,18.0,2.57,0.53,2.45,11.7,-0.36,2.12,-1.13,2.15,99.6,0.03,-0.61,0.61,,-0.2,0.49,-1.06,0.53,112.2,0.13,0.41,-0.77,0.43,72.4,0.85,1.14,-0.41,1.42,53.3,1.05,0.65,0.65,1.23,1.4,0.65,0.65,21.5,31.8,62.0,2012-07-12,16:48:05,360.0,-999.0,2012-07-15,6:00:00,47.0,43.39,,,,77.0,,0,125.0,2012-07-14 18:09:00
1395,1395,2012-07-20,4:47:00,1,2012-07-17,12:03:00,1.0,SF(m07.17)+SF?,4.0,0.0,642.0,654.0,476.0,6,9.1,8,2.17,-5.5,6.7,0.736,6.803,0.0,1.011,14.0,6.44,16.0,0.57,28.0,8.77,1.06,1.8,2.2,-9900.0,1.8,26,18,-0.51,0,-0.42,18,-99.0,0.33,5,0.198,0.77,0.77,67.0,35.0,35.0,3.0,15.0,-22.0,13.0,M,1.7e-05,-23.0,23.0,61.0,421.0,2.8,1.0,-1.67,2.25,1.1,126.6,-1.9,1.72,0.87,2.56,137.8,-0.58,-0.94,0.94,,-1.67,2.25,0.65,2.8,133.4,-1.9,1.72,0.87,2.56,137.8,-1.67,2.25,0.7,2.8,126.6,0.21,0.26,0.05,0.33,0.34,0.05,0.05,75.5,51.1,6.6,2012-07-17,13:48:06,176.0,255.0,,,,,,,,94.0,,0,36.0,2012-07-20 04:47:00
1396,1396,2012-07-21,16:05:00,1,2012-07-19,4:17:00,1.0,SF(m07.19),4.0,0.0,695.0,702.0,517.0,3,13.0,2,3.36,-4.6,10.2,0.785,2.323,12.0,0.294,21.0,9.55,30.0,0.28,1.0,13.24,2.13,2.1,2.7,-9900.0,2.1,9,9,-0.5,1,-0.97,-1,50.48,0.46,18,0.162,0.6,0.69,35.0,35.0,35.0,3.0,15.0,-21.0,14.0,M7.7/,7.7e-05,-999.0,13.0,-999.0,159.0,2.06,33.0,0.24,2.05,1.27,83.3,0.52,1.31,-0.05,1.41,68.3,-0.6,-0.96,0.96,,0.52,1.31,0.07,1.41,53.8,0.98,1.45,-0.33,1.75,55.9,0.52,1.31,-0.05,1.41,68.3,-0.54,-0.14,-0.12,0.56,0.57,-0.12,0.12,-126.2,194.5,15.1,2012-07-19,5:24:05,360.0,-999.0,,,,,,,,104.0,,0,29.0,2012-07-21 16:05:00
1397,1397,2012-09-03,12:13:00,1,2012-08-31,19:45:00,2.0,DSF(m08.31)+DSF,4.0,0.0,645.0,641.0,449.0,13,19.8,2,4.45,-12.1,12.1,0.611,3.736,9.0,0.19,30.0,5.78,20.0,0.34,25.0,51.27,3.25,3.3,2.5,-9900.0,3.3,26,25,-0.65,3,-0.47,3,,0.32,17,0.167,-99.9,-99.99,59.0,34.0,34.0,5.67,67.0,-78.0,-3.0,C8.4/2F,8.4e-06,-19.0,19.0,-42.0,126.0,1.22,24.0,0.51,1.11,1.07,65.3,-0.13,0.1,-0.18,0.16,142.4,-0.47,-0.91,0.91,,0.21,-0.26,-0.22,0.33,344.1,0.54,-0.01,-0.27,0.54,358.9,0.21,-0.26,-0.2,0.33,308.9,-0.56,-0.04,0.02,0.56,0.56,0.02,0.02,124.8,184.1,35.6,2012-08-31,20:00:05,360.0,-999.0,,,,,,,,94.0,,0,171.0,2012-09-03 12:13:00
1398,1398,2012-09-30,11:31:00,1,,,2.0,DSF+SF,4.0,0.0,0.0,303.0,319.0,8,7.9,8,-99.9,-6.8,6.8,0.861,1.333,1.0,0.592,6.0,13.9,1.0,0.74,6.0,3.37,1.32,0.6,1.0,-9900.0,0.6,4,8,-0.26,3,-0.36,3,,0.18,1,0.029,-99.9,-99.99,112.0,12.0,12.0,4.33,32.0,-133.0,-9.0,,-99.9,-999.0,,-999.0,,1.56,0.0,0.41,-1.51,0.92,285.2,0.41,-1.33,-1.05,1.39,287.1,-0.01,-0.05,0.05,,0.65,-1.28,-0.92,1.44,280.3,0.41,-1.51,-1.04,1.56,285.2,0.65,-1.28,-0.71,1.44,296.9,0.38,0.2,0.21,0.43,0.48,0.21,0.21,-90.8,27.8,15.4,2012-09-24,19:36:05,99.0,351.0,,,,,,,,94.0,,0,99.0,2012-09-30 11:31:00
1399,1399,2012-09-30,23:05:00,1,2012-09-27,23:36:00,1.0,SF(m09.28)+DSF,4.0,0.0,581.0,581.0,410.0,4,21.0,4,4.3,-17.1,17.1,0.814,6.331,29.0,0.657,1.0,3.12,36.0,0.13,4.0,72.97,7.32,1.7,2.1,-9900.0,1.7,14,17,-0.34,1,-0.51,-1,,0.17,37,0.081,-99.9,0.5,12.0,40.0,12.0,6.67,111.0,-119.0,4.0,C,3.7e-06,6.0,6.0,34.0,58.0,1.78,9.0,1.38,1.12,1.1,39.1,-0.37,-0.47,-0.79,0.6,231.8,-0.17,-0.75,0.75,,0.51,-0.42,-1.43,0.66,320.5,0.29,-0.3,-0.55,0.42,314.0,-0.37,-0.47,-0.79,0.6,231.8,-0.88,-0.05,0.64,0.88,1.09,0.64,0.64,48.5,183.3,43.2,2012-09-28,0:12:05,360.0,-999.0,2012-10-01,0:00:00,24.0,14.36,,,,104.0,,0,99.0,2012-09-30 23:05:00
1401,1401,2012-10-31,15:38:00,1,,,2.0,DSF(m,4.0,0.0,0.0,434.0,373.0,14,15.8,11,2.95,-11.5,11.5,0.728,3.526,3.0,0.183,29.0,3.99,0.0,0.05,20.0,12.95,2.67,2.8,1.8,3.61,2.8,8,8,-0.83,7,-1.03,8,,0.23,30,0.177,-99.9,-99.99,99.0,37.0,37.0,4.67,39.0,-63.0,28.0,,-99.9,6.0,6.0,24.0,,1.21,9.0,0.7,0.99,0.75,54.7,0.84,0.76,-1.15,1.13,42.1,-0.5,-0.44,0.44,,0.26,-0.02,-1.24,0.26,355.6,0.32,0.19,-1.5,0.37,30.7,0.29,0.37,-1.39,0.47,51.9,0.03,0.39,-0.15,0.39,0.42,-0.15,0.15,-33.7,85.6,15.5,2012-10-27,16:48:05,360.0,-999.0,2012-11-01,0:00:00,27.0,12.01,,,,94.0,,0,50.0,2012-10-31 15:38:00
1402,1402,2012-11-12,23:11:00,1,,,2.0,DSF(m11.09cs)+CHC13_545+Ef,4.0,0.0,0.0,515.0,454.0,10,22.8,25,5.18,-17.5,17.5,0.768,4.018,2.0,0.371,25.0,2.59,5.0,0.05,13.0,172.99,4.94,3.8,4.1,6.48,4.4,14,31,-0.66,10,-0.7,10,,0.31,25,0.18,0.69,0.64,7.0,35.0,7.0,6.33,94.0,-108.0,33.0,,-99.9,-999.0,,-999.0,,2.06,10.0,1.01,1.79,1.98,60.6,0.49,1.09,-0.36,1.2,65.8,-0.41,-0.14,0.14,,-0.28,-0.04,-0.71,0.28,188.1,0.06,0.08,-0.97,0.1,53.1,0.1,-0.02,-1.07,0.1,348.7,0.38,0.02,-0.36,0.38,0.52,-0.36,0.36,-14.3,3.0,26.9,2012-11-09,15:12:08,276.0,175.0,2012-11-13,8:00:00,19.0,16.89,,,,77.0,,0,122.0,2012-11-12 23:11:00
1403,1403,2012-11-23,21:51:00,1,,,2.0,DSF(m11.20)+SF,4.0,0.0,0.0,503.0,409.0,16,15.1,20,3.09,-6.9,8.3,0.55,2.703,9.0,0.307,15.0,2.8,9.0,0.22,21.0,64.21,4.13,4.2,3.6,7.36,4.2,24,24,-0.41,5,-0.46,5,,0.11,25,0.278,0.62,0.66,88.0,30.0,30.0,4.67,39.0,-42.0,11.0,,-99.9,-999.0,,-999.0,,1.68,11.0,1.19,1.19,1.97,45.0,1.14,-0.23,0.96,1.16,348.6,-0.24,-0.42,0.42,,0.18,-0.63,-0.28,0.66,223.3,-0.39,-0.73,-0.26,0.83,241.9,0.18,-0.63,0.3,0.66,285.9,0.7,-0.14,0.58,0.71,0.92,0.58,0.58,-62.7,348.7,76.3,2012-11-20,12:00:07,360.0,-999.0,2012-11-24,13:00:00,9.0,5.66,,,,94.0,,0,78.0,2012-11-23 21:51:00
1404,1404,2013-01-19,17:32:00,1,2013-01-16,18:21:00,1.0,SF(m0116Wp),4.0,0.0,584.0,584.0,438.0,8,8.1,14,1.77,-6.9,6.9,0.852,2.592,24.0,0.41,8.0,16.07,0.0,0.31,8.0,0.0,0.41,1.0,0.8,1.51,1.0,1,1,-0.28,0,-0.25,51,,0.33,16,0.123,0.57,0.69,30.0,144.0,30.0,3.67,22.0,-34.0,8.0,C2.2/,2.2e-06,-31.0,31.0,76.0,104.0,1.19,35.0,0.41,1.12,1.84,69.9,0.36,0.55,-0.41,0.66,56.8,-0.4,-0.08,0.08,,0.3,0.46,-0.68,0.55,78.7,0.36,0.55,-0.41,0.66,56.8,0.3,0.46,-0.33,0.55,56.9,0.11,-0.49,0.35,0.5,0.61,0.35,0.35,134.2,282.7,18.7,2013-01-16,19:00:05,250.0,211.0,,,,,,,,0.0,,0,47.0,2013-01-19 17:32:00
1405,1405,2013-02-16,12:09:00,1,2013-02-12,22:50:00,2.0,DSF(m02.13W)+?,4.0,0.0,487.0,485.0,407.0,4,11.6,2,2.36,-8.4,8.4,0.724,3.034,6.0,1.183,0.0,4.54,14.0,0.65,0.0,19.42,2.36,1.8,1.8,2.42,1.8,14,14,-0.55,11,-0.29,-1,,0.33,3,0.155,-99.9,0.3,55.0,23.0,23.0,4.0,27.0,-20.0,5.0,,-99.9,-999.0,17.0,41.0,,1.34,11.0,0.66,1.17,0.97,60.6,0.66,1.17,0.96,1.34,60.6,-0.38,-0.61,0.61,,0.08,0.9,1.41,0.9,61.9,0.01,0.44,1.4,0.44,88.7,0.08,0.9,1.31,0.9,84.9,-0.08,0.6,-0.1,0.61,0.61,-0.1,0.1,-12.7,97.6,22.7,2013-02-12,23:12:40,165.0,225.0,,,,,,,,94.0,,0,40.0,2013-02-16 12:09:00
1406,1406,2013-03-15,5:26:00,1,2013-03-12,10:17:00,2.0,DSF+DSF+CHNp12_559,4.0,0.0,0.0,616.0,475.0,28,12.2,4,2.9,-5.0,5.5,0.451,3.559,1.0,0.578,44.0,1.99,-1.0,0.53,34.0,22.19,0.13,1.5,1.7,-1.0,1.6,0,41,-0.26,41,-0.24,39,23.77,0.18,21,0.14,-99.99,-1.0,154.4,48.5,48.5,3.67,22.0,-25.0,29.0,C2.0/1F,2e-06,-999.0,25.0,-999.0,128.0,1.58,17.0,0.4,1.53,1.17,75.3,0.23,0.39,-0.35,0.45,59.5,-0.12,-0.06,0.06,,0.05,0.55,-0.79,0.55,84.8,0.45,0.72,-1.0,0.85,58.0,0.31,0.81,-1.01,0.87,69.1,0.26,0.26,-0.22,0.37,0.43,-0.22,0.22,24.1,45.0,11.2,2013-03-12,10:36:05,196.0,1.0,,,,,,,,94.0,,0,111.0,2013-03-15 05:26:00
1407,1407,2013-03-17,5:59:00,1,2013-03-15,5:46:00,1.5,SF-DSF,5.0,0.0,862.0,880.0,725.0,8,17.8,4,6.45,-14.0,14.0,0.787,3.515,0.0,0.119,38.0,2.61,8.0,0.09,47.0,117.86,3.25,4.6,4.3,-1.0,4.6,46,38,-0.48,2,-0.62,2,51.51,0.33,13,0.258,0.78,-1.0,48.0,77.0,48.0,6.67,111.0,-132.0,14.0,M1.1/1F,1.1e-05,11.0,11.0,-12.0,169.0,1.72,1.0,-1.36,1.06,3.07,142.1,-0.89,0.15,-0.91,0.9,170.4,-0.83,-1.33,1.33,,-0.63,1.37,0.17,1.51,114.7,-1.08,1.13,0.49,1.56,133.7,-1.36,1.06,-0.28,1.72,142.1,-0.73,-0.31,-0.45,0.79,0.91,-0.45,0.45,-60.9,203.0,31.5,2013-03-15,7:12:05,360.0,-999.0,2013-03-17,15:00:00,49.0,27.0,,,,104.0,,0,119.0,2013-03-17 05:59:00
1408,1408,2013-04-13,22:54:00,1,2013-04-11,6:55:00,1.0,SF,5.0,0.0,649.0,648.0,516.0,7,12.9,12,3.33,-4.5,10.3,0.798,2.056,9.0,0.089,29.0,2.9,17.0,0.03,42.0,73.5,3.3,5.3,4.4,-9900.0,5.3,29,30,-0.58,8,-0.52,8,,0.31,34,0.411,-99.9,0.62,21.0,146.0,21.0,3.33,18.0,-6.0,35.0,M6.5/3B,6.5e-05,9.0,9.0,-12.0,34.0,2.98,10.0,1.41,2.62,2.05,61.7,1.01,1.67,-0.29,1.95,58.8,-0.38,-0.79,0.79,,-0.08,0.14,-0.53,0.16,119.7,-0.02,-0.22,-0.02,0.22,264.8,-0.13,0.15,0.13,0.2,130.9,-0.05,0.01,0.66,0.05,0.66,0.66,0.66,-37.8,168.7,106.6,2013-04-11,7:24:06,360.0,-999.0,2013-04-14,17:00:00,30.0,13.39,,,,77.0,,0,117.0,2013-04-13 22:54:00
1409,1409,2013-04-30,9:49:00,1,,,4.0,DSF+CHNm33_567,4.0,0.0,0.0,475.0,426.0,5,10.5,8,2.24,-4.3,8.9,0.848,1.298,18.0,0.229,4.0,0.87,0.0,0.3,10.0,21.15,2.67,2.7,2.3,3.85,2.7,13,13,-0.82,13,-0.52,13,,1.08,14,0.257,-99.9,0.61,131.0,22.0,22.0,3.0,15.0,-24.0,18.0,,-99.9,-999.0,,-999.0,,1.84,-1.0,-1.19,1.4,1.05,130.4,0.35,0.58,-1.24,0.68,58.9,-0.48,-0.92,0.92,,-1.19,1.4,-1.57,1.84,130.4,-0.91,1.17,-1.73,1.48,127.9,-0.85,1.08,-1.32,1.37,128.2,0.34,-0.32,0.25,0.47,0.53,0.25,0.25,171.5,316.7,3.7,2013-04-26,18:24:05,150.0,200.0,2013-04-30,12:00:00,19.0,8.41,,,,93.0,,0,150.0,2013-04-30 09:49:00
1410,1410,2013-05-18,1:10:00,1,2013-05-15,1:25:00,1.0,SF(m0515)+SF+SF+SF,4.0,0.0,0.0,582.0,439.0,2,11.2,1,2.46,-6.4,6.4,0.571,2.7,10.0,0.514,-2.0,999.99,18.0,0.46,-1.0,26.74,0.21,1.8,2.1,-9900.0,2.0,18,23,-0.27,39,-0.47,2,,0.27,29,0.24,0.95,0.95,48.0,46.0,46.0,5.33,56.0,-61.0,4.0,X,0.00012,-999.0,12.0,-999.0,33.0,1.42,42.0,1.23,0.71,1.21,30.0,-0.03,-0.03,-1.18,0.04,225.0,-0.37,-0.62,0.62,,0.44,-0.03,-1.45,0.44,356.1,0.13,-0.15,-1.48,0.2,310.9,0.22,-0.06,-1.51,0.23,344.7,-0.22,-0.03,-0.06,0.22,0.23,-0.06,0.06,157.0,187.8,8.7,2013-05-15,1:48:05,360.0,-999.0,,,,,,,,94.0,,1,133.0,2013-05-18 01:10:00
1411,1411,2013-05-19,23:08:00,1,2013-05-17,8:43:00,1.0,SF(m0517),5.0,0.0,666.0,665.0,422.0,2,13.1,2,2.76,-3.8,7.0,0.534,2.853,1.0,0.52,16.0,6.66,19.0,0.84,39.0,11.4,1.0,1.2,0.8,-9900.0,1.2,32,29,-0.45,-1,-0.26,25,,0.3,10,0.092,0.88,0.89,46.0,42.0,42.0,3.67,22.0,-30.0,-2.0,M3.2/2B,3.2e-05,12.0,12.0,-31.0,36.0,1.31,26.0,0.5,-1.21,0.84,292.5,0.66,0.67,0.04,0.94,45.4,-0.34,-0.25,0.25,,-0.66,-0.31,0.04,0.73,45.4,0.2,0.37,0.07,0.42,61.6,-0.66,-0.31,0.15,0.73,205.2,-1.32,-0.98,0.11,1.64,1.65,0.11,0.11,-11.4,216.6,155.4,2013-05-17,9:12:10,360.0,-999.0,,,,,,,,104.0,,0,127.0,2013-05-19 23:08:00
1412,1412,2013-05-24,18:10:00,1,2013-05-22,13:08:00,1.0,SF(m0522W),4.0,0.0,784.0,788.0,555.0,2,11.6,4,3.22,-6.1,8.7,0.75,4.742,5.0,1.777,12.0,5.83,11.0,1.71,2.0,15.68,1.92,1.2,1.2,-9900.0,1.2,3,11,-0.33,0,-0.38,0,,0.26,8,0.103,1.0,1.0,73.0,16.0,16.0,5.67,67.0,-55.0,11.0,M,5e-05,-18.0,18.0,15.0,24.0,1.31,1.0,-1.08,0.75,1.66,145.2,-0.49,0.54,-0.61,0.73,132.2,-0.24,-0.36,0.36,,-1.08,0.75,-0.44,1.31,106.4,-0.49,0.54,-0.61,0.73,132.2,-1.08,0.75,-0.37,1.31,145.2,-0.9,0.14,0.07,0.91,0.91,0.07,0.07,-25.9,171.2,39.5,2013-05-22,13:25:50,360.0,-999.0,,,,,,,,0.0,,0,108.0,2013-05-24 18:10:00
1413,1413,2013-05-25,9:48:00,1,,,1.5,DSF(m0522WC)+SF,4.0,0.0,0.0,569.0,777.0,68,12.1,13,4.7,-5.5,8.6,0.711,4.585,1.0,0.078,22.0,3.73,0.0,0.17,20.0,58.58,3.03,2.7,2.4,-9900.0,2.7,18,18,-0.49,14,-0.43,4,,0.4,35,0.223,0.92,0.95,16.0,150.0,16.0,5.0,48.0,-51.0,9.0,,,-91.0,18.0,-999.0,24.0,1.51,31.0,1.31,0.76,1.64,30.1,-0.08,0.81,-0.17,0.81,95.6,-0.22,-0.34,0.34,,0.73,-0.52,0.12,0.9,318.1,0.49,-0.43,0.25,0.65,318.7,0.73,-0.52,0.28,0.9,324.5,0.44,-0.26,0.16,0.51,0.54,0.16,0.16,-4.9,329.4,6.1,2013-05-22,8:48:05,210.0,270.0,,,,,,,,0.0,,0,118.0,2013-05-25 09:48:00
1414,1414,2013-05-31,16:18:00,1,,,2.0,DSF+CHCp25_571,4.0,,0.0,0.0,684.0,23,19.6,17,6.7,-17.5,17.5,0.893,3.197,13.0,0.384,-3.0,5.77,3.0,0.39,12.0,78.18,1.93,1.7,2.2,4.38,1.8,0,21,-0.59,9,-0.57,7,,0.31,16,0.11,-99.9,0.72,150.5,24.7,24.7,7.0,132.0,-124.0,17.0,,-99.9,-999.0,,-999.0,,1.81,8.0,0.4,1.77,1.38,77.3,0.35,0.83,-1.08,0.9,67.1,0.02,-0.12,0.12,,0.65,0.31,-1.16,0.72,25.5,-0.05,0.32,-1.48,0.32,98.9,0.55,0.3,-1.51,0.63,28.6,-0.1,-0.01,-0.35,0.1,0.36,-0.35,0.35,-157.1,185.7,9.4,,,0.0,-999.0,,,,,,,,-5.0,1.0,0,50.0,2013-05-31 16:18:00
1415,1415,2013-06-23,4:26:00,1,2013-06-21,2:30:00,4.0,SF+CHNm66_573,4.0,0.0,832.0,844.0,697.0,2,7.6,2,2.65,-5.0,5.0,0.658,2.526,31.0,0.431,23.0,3.09,1.0,0.4,39.0,7.01,1.15,5.9,5.3,-9900.0,5.9,20,19,-0.97,13,-0.84,13,,0.37,32,0.776,0.62,0.55,78.0,106.0,78.0,4.33,32.0,-49.0,42.0,M,2.9e-05,-16.0,16.0,-73.0,73.0,1.7,5.0,0.14,1.69,2.15,85.3,-0.42,1.1,-1.83,1.18,110.9,0.09,-0.38,0.38,,-0.13,0.89,-0.29,0.9,78.4,0.43,0.81,-0.09,0.92,62.0,-0.13,0.89,-0.38,0.9,98.3,-0.21,0.5,-0.09,0.54,0.55,-0.09,0.09,-14.5,112.8,21.7,2013-06-21,3:12:09,360.0,-999.0,,,,,,,,0.0,,0,118.0,2013-06-23 04:26:00
1416,1416,2013-06-27,14:38:00,1,,,2.0,DSF+CHCp25_574,4.0,0.0,0.0,468.0,453.0,2,12.5,30,2.83,-12.0,12.0,0.96,2.067,1.0,0.145,21.0,5.13,9.0,0.06,14.0,19.87,2.18,3.4,2.8,6.77,3.4,18,18,-0.75,14,-0.75,14,,0.28,27,0.272,0.55,0.68,106.0,38.0,38.0,5.67,67.0,-98.0,34.0,,-99.9,-999.0,,-999.0,,2.12,13.0,0.74,1.99,1.77,69.6,0.17,1.95,-1.93,1.96,85.0,-0.41,-0.63,0.63,,0.34,-0.12,-0.81,0.36,340.6,0.42,-0.09,-1.3,0.43,347.9,0.26,0.6,-1.19,0.65,66.6,-0.08,0.72,-0.38,0.72,0.82,-0.38,0.38,-29.8,96.3,35.5,2013-06-23,22:36:05,174.0,284.0,2013-06-28,2:00:00,34.0,16.46,,,,93.0,,0,61.0,2013-06-27 14:38:00
1418,1418,2013-07-12,17:14:00,1,,,2.0,DSF(m0709),4.0,0.0,0.0,556.0,509.0,7,16.3,22,4.15,-11.3,12.9,0.791,4.448,0.0,0.147,28.0,4.12,0.0,0.04,19.0,32.46,2.88,3.1,2.7,5.62,3.0,15,15,-0.72,12,-0.66,12,,0.3,1,0.19,1.01,0.92,68.0,131.0,68.0,4.33,32.0,-56.0,47.0,,-99.9,19.0,19.0,-14.0,,2.09,13.0,1.05,1.81,0.89,59.9,0.35,1.11,-0.6,1.16,72.5,-0.23,0.09,0.09,,0.44,-0.16,-0.71,0.47,340.0,0.58,-0.29,-0.67,0.65,333.4,0.12,-0.17,-0.74,0.21,305.2,-0.32,-0.01,-0.03,0.32,0.32,-0.03,0.03,123.4,181.8,22.2,2013-07-09,15:12:09,360.0,-999.0,2013-07-13,5:00:00,43.0,24.0,,,,77.0,,0,73.0,2013-07-12 17:14:00
1419,1419,2013-08-20,22:28:00,1,2013-08-17,18:16:00,1.0,SF+CHCp22_580,4.0,0.0,0.0,547.0,465.0,17,10.8,6,2.51,-7.1,7.1,0.657,2.06,6.0,0.544,14.0,5.41,-2.0,0.33,5.0,8.16,0.25,0.6,0.8,-1.0,0.8,0,6,-0.29,3,-0.27,1,,0.16,7,0.07,-99.9,-99.99,134.5,20.5,20.5,3.67,22.0,-26.0,8.0,M3.3/2B,3.3e-05,-999.0,7.0,-999.0,19.0,1.52,1.0,-0.49,1.44,0.85,108.8,-0.67,0.56,-0.71,0.87,140.1,-0.34,-0.43,0.43,,-0.32,0.67,-1.03,0.74,115.5,-0.2,0.87,-0.82,0.89,102.9,-0.49,1.44,-1.06,1.52,108.8,-0.17,0.77,-0.03,0.79,0.79,-0.03,0.03,6.3,102.4,19.9,2013-08-17,19:12:06,360.0,-999.0,,,,,,,,93.0,1.0,0,129.0,2013-08-20 22:28:00
1420,1420,2013-08-24,0:03:00,1,,,4.0,DSF(m0830)+CHCp22_580,4.0,0.0,0.0,473.0,521.0,2,8.8,3,2.29,-3.1,5.8,0.659,0.862,10.0,0.099,29.0,1.86,47.0,0.19,19.0,14.2,1.64,3.1,2.6,4.85,3.1,15,14,-0.53,5,-0.43,5,,0.21,18,0.352,-99.9,0.73,29.0,86.0,29.0,2.67,12.0,-23.0,46.0,,-99.9,-999.0,,-999.0,,3.45,4.0,-0.85,3.34,1.76,104.3,-0.73,3.33,0.2,3.41,102.4,-0.62,-1.01,1.01,,0.27,3.03,0.88,3.04,84.1,0.1,1.48,1.28,1.48,86.1,0.27,3.03,1.18,3.04,84.9,0.15,1.86,0.3,1.87,1.89,0.3,0.3,-0.5,85.4,15.6,2013-08-20,8:12:05,360.0,-999.0,,,,,,,,77.0,,0,78.0,2013-08-24 00:03:00
1421,1421,2013-10-02,1:55:00,1,2013-09-29,21:43:00,2.0,DSF(m0930),4.0,1370.0,796.0,804.0,629.0,4,22.2,5,6.98,-14.0,14.0,0.631,6.006,1.0,0.126,34.0,6.01,12.0,0.01,25.0,46.9,9.36,3.3,3.7,-9900.0,3.3,5,5,-1.01,3,-1.15,3,,0.38,9,0.149,-99.9,0.87,55.0,156.0,55.0,7.67,179.0,-67.0,5.0,C1.2/,1.2e-06,10.0,10.0,33.0,194.0,1.24,16.0,1.2,-0.3,3.08,346.0,1.11,-0.28,-2.91,1.14,345.8,-0.78,-1.86,1.86,,0.41,0.32,-2.19,0.52,38.0,0.46,0.65,-2.9,0.8,54.7,0.45,0.61,-2.86,0.76,53.6,0.04,0.29,-0.67,0.29,0.73,-0.67,0.67,-28.6,82.1,4.1,2013-09-29,22:12:05,360.0,-999.0,2013-10-02,23:00:00,23.0,8.66,,,,77.0,,0,60.0,2013-10-02 01:55:00
1422,1422,2013-10-08,20:23:00,1,2013-10-06,13:37:00,5.0,DSF(m1006)+CHNm30_589,4.0,0.0,759.0,774.0,639.0,8,32.5,3,10.38,-2.6,10.8,0.332,2.384,4.0,0.086,15.0,6.71,19.0,0.14,23.0,91.56,4.03,1.7,1.9,-1.0,,26,31,-0.43,1,-0.8,1,,0.39,13,0.052,-1.0,-1.0,6.0,88.0,6.0,5.67,67.0,-62.0,4.0,C1.1/,1.1e-06,-15.0,15.0,12.0,79.0,0.82,22.0,0.3,0.76,1.55,68.5,-0.38,0.06,0.04,0.38,171.0,,,,,-0.38,0.06,0.49,0.38,96.6,-0.2,0.46,0.61,0.5,113.5,-0.38,0.06,0.04,0.38,171.0,-0.28,-0.81,-0.45,0.86,0.97,-0.45,0.45,-79.9,250.9,73.6,2013-10-06,14:43:22,360.0,-999.0,,,,,,,,0.0,,0,96.0,2013-10-08 20:23:00
1423,1423,2013-12-13,13:22:00,1,2013-12-07,7:17:00,1.0,SF+CHNm11_597?+?,4.0,1165.0,277.0,277.0,392.0,21,13.4,19,2.63,-6.1,12.5,0.933,7.05,12.0,0.948,3.0,6.18,0.0,0.97,19.0,31.38,2.7,1.0,1.2,,1.3,21,21,-0.27,20,-0.25,20,,0.23,9,0.075,-99.9,-99.99,107.0,25.0,25.0,4.0,27.0,-1.0,15.0,M,1.2e-05,-16.0,16.0,49.0,32.0,1.55,3.0,0.48,1.47,0.64,71.9,0.34,0.97,0.09,1.03,70.7,-0.22,-0.34,0.34,,0.49,1.26,-0.11,1.35,82.4,0.06,0.76,-0.05,0.76,85.5,0.18,1.08,-0.28,1.09,80.5,0.05,0.11,-0.17,0.12,0.21,-0.17,0.17,15.0,65.6,8.1,2013-12-07,7:36:05,360.0,-999.0,,,,,,,,93.0,,0,144.0,2013-12-13 13:22:00
1424,1424,2014-01-07,15:12:00,1,2014-01-04,19:05:00,1.0,SF(m20140104)+SF(farWp),5.0,0.0,610.0,625.0,440.0,39,8.1,43,1.78,-5.5,5.5,0.679,3.117,42.0,0.607,28.0,9.2,18.0,0.33,41.0,3.86,1.07,4.3,1.5,-9900.0,,16,16,-0.22,4,-0.18,8,,0.2,11,0.531,-1.0,-1.0,124.0,53.0,53.0,3.33,18.0,-26.0,35.0,M4.0/,4e-05,-999.0,15.0,-999.0,78.0,1.5,5.0,-1.5,0.03,1.27,178.9,-1.29,0.07,0.64,1.29,176.9,-0.12,-0.32,0.32,,-0.93,0.16,0.39,0.94,142.6,-0.63,0.4,0.41,0.75,147.6,-0.93,0.16,0.61,0.94,170.2,-0.42,-0.23,0.22,0.48,0.53,0.22,0.22,-38.5,208.7,23.4,2014-01-04,21:22:38,360.0,-999.0,,,,,,,,0.0,,0,140.0,2014-01-07 15:12:00
1425,1425,2014-01-09,20:08:00,1,2014-01-07,18:04:00,1.0,SF(m20140107)+SF(farWp),5.0,0.0,830.0,828.0,436.0,4,11.2,4,2.44,-2.6,5.6,0.5,7.561,0.0,0.562,12.0,3.41,0.0,0.52,27.0,16.47,1.92,3.3,2.3,-9900.0,,42,42,-0.65,-1,-0.57,-1,,0.34,24,0.295,-1.0,-1.0,53.0,47.0,47.0,2.67,12.0,-24.0,-12.0,X1.2/2N,0.00012,-999.0,15.0,-999.0,54.0,2.36,3.0,-1.72,1.61,2.22,136.9,-0.36,0.41,0.21,0.55,131.3,-0.58,-0.76,0.76,,-1.99,0.95,0.21,2.21,131.3,-1.66,0.86,0.11,1.87,152.6,-1.99,0.95,-0.63,2.21,154.5,-1.63,0.54,-0.84,1.72,1.91,-0.84,0.84,-7.2,161.7,43.4,2014-01-07,18:24:05,360.0,-999.0,,,,,,,,93.0,,0,120.0,2014-01-09 20:08:00
1427,1427,2014-02-13,9:44:00,1,,,2.0,DSF+,4.0,0.0,0.0,459.0,381.0,2,8.7,2,1.66,-1.9,7.5,0.862,3.155,41.0,0.401,10.0,3.98,28.0,0.44,10.0,6.41,1.44,0.6,0.7,1.2,,13,14,-0.21,4,-0.16,4,,0.22,23,0.069,-1.0,-1.0,38.0,52.0,38.0,1.67,6.0,-1.0,40.0,,-99.9,-999.0,,-999.0,,1.02,38.0,0.26,0.99,1.05,75.3,0.44,0.29,0.85,0.53,33.4,0.3,0.22,0.22,,-0.04,0.74,0.63,0.74,88.0,0.41,0.66,0.77,0.78,58.2,-0.04,0.74,0.77,0.74,93.1,-0.06,0.18,0.14,0.19,0.24,0.14,0.14,-15.3,108.4,4.2,2014-02-09,16:00:06,360.0,-999.0,,,,,,,,0.0,,0,147.0,2014-02-13 09:44:00
1428,1428,2014-02-15,13:16:00,1,2014-02-12,15:41:00,1.0,SF(m20140211)+SF+SF+?,4.0,890.0,597.0,605.0,450.0,2,16.2,17,3.64,-8.3,15.2,0.938,2.846,27.0,0.284,20.0,4.94,6.0,0.14,20.0,75.46,4.8,4.0,3.6,9.26,,24,24,-0.58,1,-0.57,1,,0.3,26,0.247,-1.0,-1.0,52.0,67.0,52.0,5.0,48.0,-27.0,31.0,M2.1/,2.1e-05,-10.0,10.0,4.0,34.0,1.96,1.0,1.3,1.47,0.97,48.5,1.3,1.47,-0.88,1.96,48.5,-1.16,-1.77,1.77,,0.88,0.81,-0.47,1.2,42.6,1.32,0.91,-0.46,1.6,34.6,1.3,1.47,-0.88,1.96,48.5,0.42,0.66,-0.41,0.78,0.88,-0.41,0.41,-9.0,57.5,6.1,2014-02-12,16:36:05,360.0,-999.0,2014-02-16,5:00:00,11.0,7.22,,,,77.0,,0,113.0,2014-02-15 13:16:00
1429,1429,2014-02-20,3:18:00,1,2014-02-17,2:51:00,1.0,SF+DSF+,4.0,0.0,574.0,587.0,691.0,3,14.4,3,4.98,-11.4,11.4,0.792,2.483,3.0,0.514,20.0,1.42,13.0,0.25,8.0,44.54,3.33,4.5,2.8,-1.0,,13,13,-0.62,3,-0.46,4,,0.48,7,0.312,-1.0,-1.0,22.0,23.0,22.0,6.0,80.0,-86.0,8.0,C6.6/1F,6.6e-06,-14.0,14.0,5.0,30.0,3.44,4.0,0.32,3.43,1.53,84.7,0.76,2.92,1.13,3.02,75.4,0.19,0.27,0.27,,0.35,2.41,0.48,2.44,73.2,0.16,1.91,1.16,1.92,85.2,0.35,2.41,1.3,2.44,81.7,-0.13,0.82,0.82,0.83,1.17,0.82,0.82,-17.3,99.0,14.3,2014-02-17,5:12:05,121.0,270.0,,,,,,,,104.0,,0,133.0,2014-02-20 03:18:00
1430,1430,2014-02-27,16:50:00,1,2014-02-25,0:39:00,1.0,SF(m02.25)+CHC&2?_605,5.0,0.0,647.0,649.0,483.0,4,16.6,3,4.01,-12.7,12.7,0.765,2.106,1.0,0.377,46.0,2.57,28.0,0.4,6.0,63.2,3.85,5.1,4.9,-9900.0,,25,23,-0.56,14,-0.51,1,,0.57,3,0.307,-1.0,-1.0,63.0,92.0,63.0,5.33,56.0,-99.0,6.0,X4.9/2B,0.00049,-999.0,12.0,-999.0,24.0,2.35,15.0,-1.04,2.11,1.69,116.2,-0.75,2.0,-0.67,2.14,110.6,-0.36,-0.3,0.3,,0.54,0.44,0.03,0.7,74.8,0.07,0.68,-0.64,0.68,84.1,0.54,0.44,-0.97,0.7,39.2,0.32,-0.37,-1.0,0.49,1.11,-1.0,1.0,88.3,310.9,63.6,2014-02-25,1:25:50,360.0,-999.0,,,,,,,,0.0,,0,220.0,2014-02-27 16:50:00
1431,1431,2014-03-25,20:03:00,1,2014-03-23,3:05:00,1.0,SF(m0323)+CHC&23_608,4.0,0.0,640.0,639.0,516.0,2,8.6,17,2.22,-5.1,7.8,0.907,3.728,33.0,0.466,47.0,7.47,0.0,0.38,47.0,13.8,1.11,2.3,1.5,4.14,,45,45,-0.32,11,-0.35,11,,0.21,37,0.267,-1.0,-1.0,98.0,88.0,88.0,3.67,22.0,-22.0,45.0,C5.0/SF,5e-06,-12.0,12.0,-40.0,85.0,1.14,14.0,-1.0,0.54,1.52,151.6,-0.53,0.52,0.63,0.74,135.5,-0.19,0.03,0.03,,-0.18,0.18,0.24,0.25,0.0,0.13,0.05,0.11,0.14,21.0,-0.18,0.18,-0.07,0.25,135.0,-0.24,0.18,-0.31,0.3,0.43,-0.31,0.31,-8.1,143.1,115.0,2014-03-23,3:36:05,360.0,-999.0,,,,,,,,0.0,,0,136.0,2014-03-25 20:03:00
1433,1433,2014-04-20,10:57:00,1,2014-04-18,12:31:00,1.0,SF(m0418)+SF?+CHC&1?_612,4.0,0.0,895.0,904.0,678.0,3,15.2,2,5.15,-5.0,13.5,0.888,4.031,3.0,0.066,22.0,7.36,4.0,0.28,27.0,32.54,3.1,2.9,1.5,-1.0,,10,8,-0.51,1,-0.44,1,,0.25,26,0.191,-1.0,-1.0,16.0,62.0,16.0,5.0,48.0,-24.0,27.0,M7.3/,7.3e-05,-20.0,20.0,34.0,49.0,2.13,29.0,2.13,-0.06,1.81,358.4,0.42,-0.24,0.04,0.48,330.3,-0.82,-0.9,0.9,,0.42,-0.24,0.32,0.48,321.7,0.65,-0.31,0.36,0.72,334.5,0.42,-0.24,0.04,0.48,330.3,-0.1,0.17,-0.28,0.2,0.34,-0.28,0.28,-150.2,120.5,22.6,2014-04-18,13:25:51,360.0,-999.0,,,,,,,,77.0,,0,173.0,2014-04-20 10:57:00
1434,1434,2014-04-29,20:26:00,1,,,4.0,DSF+DSF+CHS&1?_613,4.0,,0.0,0.0,309.0,19,9.9,17,1.53,-9.6,9.6,0.97,0.793,0.0,0.323,15.0,1.41,0.0,0.61,2.0,8.45,1.94,1.0,1.5,2.59,,7,10,-0.29,2,-0.27,2,,0.21,16,0.101,-1.0,-1.0,163.0,20.0,20.0,4.0,27.0,-64.0,12.0,,-99.9,-999.0,,-999.0,,1.08,18.0,-0.31,1.03,1.01,106.8,-0.14,0.14,-1.61,0.2,135.0,-0.23,-0.54,0.54,,0.08,-0.06,-0.97,0.1,323.1,0.2,0.28,-1.25,0.34,54.5,0.01,0.08,-1.69,0.08,82.9,-0.07,0.14,-0.72,0.16,0.74,-0.72,0.72,-33.7,116.6,7.6,,,0.0,-999.0,2014-04-29,20:00:00,25.0,7.25,,,,93.0,,0,77.0,2014-04-29 20:26:00
1436,1436,2014-05-29,9:30:00,1,,,7.0,CHN&2?_619+DSF,4.0,,0.0,0.0,360.0,2,7.5,2,1.35,-6.2,6.2,0.827,2.714,9.0,0.589,0.0,3.99,3.0,1.08,0.0,1.33,0.91,0.8,0.7,,,15,15,-0.21,7,-0.2,7,,0.25,0,0.107,-1.0,-1.0,46.0,24.0,24.0,2.67,12.0,-17.0,2.0,,-99.9,-999.0,,-999.0,,1.11,21.0,0.04,1.11,0.71,87.9,-0.05,0.48,-0.12,0.48,95.9,0.2,0.28,0.28,,0.02,0.46,0.21,0.46,88.2,0.15,0.73,0.19,0.75,78.4,0.02,0.46,0.26,0.46,87.5,0.0,-0.18,0.05,0.18,0.19,0.05,0.05,177.5,270.0,11.3,,,0.0,-999.0,,,,,,,,0.0,,0,48.0,2014-05-29 09:30:00
1437,1437,2014-06-07,16:52:00,1,,,2.0,DSF(m0604)+CH?+,4.0,0.0,0.0,541.0,616.0,31,26.0,15,8.01,-8.7,17.4,0.669,2.099,11.0,0.156,33.0,3.33,11.0,0.2,33.0,75.64,6.05,4.7,3.9,-1.0,,17,18,-0.63,1,-0.55,1,,0.28,19,0.181,-1.0,-1.0,42.0,66.0,42.0,6.33,94.0,-38.0,30.0,,-99.9,-999.0,,-999.0,,2.93,2.0,-0.53,2.88,1.43,100.4,-0.19,2.14,0.13,2.15,95.1,-1.25,-1.66,1.66,,-0.19,2.14,0.41,2.15,123.5,-0.11,0.92,0.4,0.93,96.8,-0.19,2.14,0.13,2.15,95.1,0.18,1.58,-0.28,1.59,1.61,-0.28,0.28,11.6,83.5,38.7,2014-06-04,12:48:05,360.0,-999.0,2014-06-08,18:00:00,44.0,11.05,,,,77.0,,0,133.0,2014-06-07 16:52:00
1438,1438,2014-06-23,23:08:00,1,2014-06-19,18:36:00,2.0,DSF(m0619),5.0,0.0,413.0,403.0,361.0,4,7.8,4,1.41,-6.9,6.9,0.885,1.726,20.0,0.487,4.0,8.79,38.0,0.94,2.0,-1.0,-1.0,0.4,0.4,3.47,,0,0,-0.19,6,-0.16,6,,0.27,7,0.051,-1.0,-1.0,28.0,46.0,28.0,3.0,15.0,-9.0,32.0,C4.0/SF,4e-06,-999.0,9.0,-999.0,70.0,0.98,10.0,0.45,0.87,0.82,62.7,-0.2,0.46,0.44,0.5,113.5,0.07,0.03,0.03,,0.08,-0.09,0.33,0.12,183.8,-0.03,-0.12,0.24,0.12,256.0,0.08,-0.09,0.12,0.12,311.6,0.23,-0.08,-0.21,0.24,0.32,-0.21,0.21,-29.2,340.8,62.5,2014-06-19,17:00:05,262.0,51.0,,,,,,,,104.0,,0,77.0,2014-06-23 23:08:00
1439,1439,2014-07-03,0:42:00,1,,,2.0,DSF?+CHCp2?_625,4.0,,0.0,0.0,347.0,5,7.2,11,1.25,-5.5,5.5,0.764,2.086,26.0,0.489,3.0,11.67,0.0,0.68,9.0,0.78,0.88,0.6,0.4,1.18,0.6,-2,6,-0.23,6,-0.23,6,,0.16,10,0.083,-99.9,0.71,61.0,33.0,33.0,2.0,7.0,-21.0,11.0,,-99.9,-999.0,,-999.0,,0.99,44.0,0.24,0.96,1.07,76.0,-0.81,-0.1,0.09,0.82,187.0,0.01,-0.05,0.05,,-0.31,0.18,0.33,0.36,175.2,-0.29,0.24,0.25,0.38,140.4,-0.31,0.18,0.52,0.36,149.9,0.05,0.15,0.19,0.16,0.25,0.19,0.19,78.3,71.6,20.9,,,0.0,-999.0,,,,,,,,94.0,,0,167.0,2014-07-03 00:42:00
1441,1441,2014-08-19,6:57:00,1,,,2.0,DSF(m0816)+?,4.0,0.0,0.0,483.0,419.0,11,20.7,31,4.34,-8.8,18.4,0.889,3.384,4.0,0.255,44.0,2.23,2.0,0.03,33.0,44.57,4.41,1.1,1.4,2.73,1.3,16,17,-0.35,9,-0.3,17,,0.53,19,0.053,-99.9,0.3,55.0,97.0,55.0,5.33,56.0,-32.0,47.0,,-99.9,-10.0,10.0,5.0,,1.15,9.0,0.3,1.11,1.43,74.9,0.29,1.07,-0.84,1.11,74.8,0.23,0.24,0.24,,0.11,0.6,-0.45,0.61,79.6,0.21,0.63,-0.45,0.66,71.6,0.38,0.56,-0.48,0.68,55.8,0.27,-0.04,-0.03,0.27,0.27,-0.03,0.03,64.3,351.6,19.2,2014-08-15,17:48:07,360.0,-999.0,2014-08-19,16:00:00,37.0,24.33,,,,77.0,,0,93.0,2014-08-19 06:57:00
1442,1442,2014-09-06,15:24:00,1,,,2.0,DSF(m0902)+DSF?+,4.0,0.0,0.0,434.0,412.0,10,11.2,2,2.31,-5.8,7.2,0.643,1.964,0.0,0.469,16.0,1.42,2.0,0.1,34.0,22.88,2.47,3.4,1.7,-9900.0,,15,13,-0.34,8,-0.32,9,,0.28,24,0.304,-1.0,-1.0,11.0,39.0,11.0,3.33,18.0,-12.0,10.0,,-99.9,-999.0,,-999.0,,1.44,16.0,0.7,-1.26,1.13,299.1,0.86,-0.02,-0.17,0.86,358.7,-0.18,-0.29,0.29,,-0.81,0.4,0.41,0.9,116.7,-0.78,1.01,0.39,1.28,127.7,-0.81,0.4,0.17,0.9,153.7,-0.02,-1.17,-0.24,1.17,1.19,-0.24,0.24,-115.3,269.0,36.3,2014-09-02,16:36:05,227.0,4.0,,,,,,,,103.0,,0,142.0,2014-09-06 15:24:00
1443,1443,2014-09-11,23:45:00,1,2014-09-08,23:12:00,1.0,SF(m0909)+SF,5.0,0.0,573.0,575.0,467.0,6,14.0,4,3.27,-8.1,8.1,0.579,1.958,3.0,0.856,11.0,2.51,8.0,0.46,11.0,30.22,3.31,8.1,2.1,-9900.0,8.1,9,9,-0.4,0,-0.36,2,,0.17,13,0.579,0.82,0.72,36.0,16.0,16.0,5.33,56.0,-16.0,2.0,M4.5/,4.5e-05,15.0,15.0,-26.0,-99.0,1.58,8.0,1.0,1.22,0.95,50.7,0.23,0.99,1.04,1.02,76.9,-0.29,-0.37,0.37,,0.49,1.27,0.85,1.36,84.1,0.23,0.99,1.04,1.02,76.9,0.49,1.27,1.11,1.36,68.9,0.41,0.49,0.26,0.64,0.69,0.26,0.26,18.8,50.1,13.7,2014-09-09,0:06:26,360.0,-999.0,,,,,,,,104.0,,0,160.0,2014-09-11 23:45:00
1444,1444,2014-09-12,15:53:00,1,2014-09-10,17:21:00,1.0,SF(m0910)+SF,5.0,0.0,893.0,897.0,730.0,14,31.7,9,11.57,-9.5,17.9,0.565,4.1,5.0,0.106,17.0,2.35,5.0,0.02,11.0,131.35,17.17,8.5,5.9,-9900.0,8.5,9,9,-1.33,3,-1.17,3,,0.56,44,0.268,0.72,0.73,16.0,106.0,16.0,6.33,94.0,-75.0,7.0,X1.6/2B,0.00016,14.0,14.0,-2.0,59.0,2.09,17.0,2.09,-0.09,3.07,357.5,0.01,1.41,-0.6,1.41,89.6,-1.03,-1.96,1.96,,0.68,0.35,-0.63,0.76,27.2,1.07,0.96,-0.26,1.44,41.9,0.93,0.49,-0.65,1.05,27.8,0.25,0.14,-0.02,0.29,0.29,-0.02,0.02,-1.5,29.2,7.8,2014-09-10,18:00:05,360.0,-999.0,2014-09-12,22:00:00,28.0,43.55,,,,77.0,,0,126.0,2014-09-12 15:53:00
1447,1447,2014-11-01,7:05:00,1,,,5.0,DSFm1029+CHNm2?_641,4.0,,0.0,0.0,522.0,4,14.9,2,3.89,-2.3,8.1,0.544,2.584,6.0,0.444,46.0,999.99,0.0,0.42,9.0,37.12,2.4,3.9,1.6,-1.0,3.9,22,22,-0.29,13,-0.22,13,,0.32,7,0.262,0.8,0.69,36.0,63.0,36.0,3.33,18.0,-9.0,-2.0,,-99.9,-999.0,,-999.0,,1.25,5.0,0.19,1.24,1.21,81.3,0.77,0.72,0.18,1.05,43.1,-0.49,-0.41,0.41,,-0.02,1.08,-0.3,1.08,70.0,0.03,0.88,-0.15,0.88,88.0,-0.02,1.08,-0.22,1.08,91.1,-0.18,0.64,0.08,0.66,0.67,0.08,0.08,-14.6,105.7,28.6,,,0.0,-999.0,,,,,,,,0.0,,0,90.0,2014-11-01 07:05:00
1448,1448,2014-11-10,2:20:00,1,2014-11-07,16:53:00,1.0,SF+CHPSm?,4.0,0.0,723.0,733.0,509.0,6,19.4,2,4.94,-7.4,9.9,0.51,2.98,3.0,0.653,29.0,999.99,0.0,0.52,21.0,58.8,5.61,3.6,3.6,6.48,6.9,13,13,-0.56,7,-0.56,11,,0.34,8,0.186,0.65,0.67,21.0,40.0,21.0,4.33,32.0,-57.0,14.0,X1.6/,0.00016,-999.0,17.0,-999.0,41.0,1.96,2.0,-0.3,1.94,2.64,98.8,-1.02,0.55,-1.0,1.16,151.7,-0.57,-0.85,0.85,,-0.31,1.85,0.16,1.88,101.5,-0.14,1.69,0.04,1.7,94.7,-0.31,1.85,-0.34,1.88,99.5,-0.18,1.21,-0.5,1.22,1.32,-0.5,0.5,1.1,98.5,24.1,2014-11-07,18:08:34,293.0,33.0,,,,,,,,77.0,,0,69.0,2014-11-10 02:20:00
1449,1449,2014-12-21,19:11:00,1,2014-12-17,4:25:00,1.0,SF(m1217)+SF+,4.0,855.0,375.0,374.0,429.0,2,16.7,19,3.58,-15.5,15.5,0.928,0.912,2.0,0.348,14.0,1.41,3.0,0.16,17.0,48.39,5.91,7.8,6.0,-9900.0,10.7,13,12,-1.43,2,-1.6,2,,0.23,14,0.467,-1.0,-1.0,15.0,20.0,15.0,5.33,56.0,-51.0,9.0,M,8.7e-05,-11.0,11.0,-33.0,26.0,1.17,10.0,0.25,1.14,2.76,77.6,-0.41,0.4,0.39,0.57,135.7,-2.06,-3.63,3.63,,-0.83,-0.11,0.72,0.84,187.5,-0.8,-0.26,1.31,0.84,198.0,-0.89,-0.38,1.21,0.97,203.1,-0.06,-0.27,0.49,0.28,0.56,0.49,0.49,-54.4,257.5,15.1,2014-12-17,5:00:05,360.0,-999.0,2014-12-22,4:00:00,13.0,10.0,,,,77.0,,0,137.0,2014-12-21 19:11:00
1450,1450,2014-12-22,15:10:00,1,2014-12-18,21:41:00,1.0,SF(m1218)+SF+SF+,4.0,1513.0,464.0,478.0,477.0,2,26.3,3,6.27,3.5,24.0,0.913,6.223,8.0,0.26,0.0,3.34,8.0,0.08,0.0,-1.0,-1.0,2.2,2.0,-1.0,11.3,12,0,-0.51,6,-0.45,6,,0.93,2,0.084,-1.0,-1.0,20.0,20.0,20.0,4.0,27.0,-21.0,-2.0,M6.9/2N,6.9e-05,-11.0,11.0,-15.0,44.0,2.11,7.0,1.83,1.06,1.01,30.1,1.62,0.89,0.13,1.85,28.8,0.36,1.38,1.38,,0.48,0.1,-0.07,0.49,250.0,0.38,0.02,-0.28,0.38,3.0,0.48,0.1,-0.84,0.49,11.8,0.64,0.54,-0.77,0.84,1.14,-0.77,0.77,-28.4,40.2,97.7,2014-12-19,1:04:42,360.0,-999.0,,,,,,,,0.0,,0,118.0,2014-12-22 15:10:00
1451,1451,2014-12-23,11:14:00,1,2014-12-20,0:11:00,1.0,SF(m1220)+SF+CHNm2?_646?+CHSPm,4.0,0.0,500.0,503.0,508.0,2,28.7,2,-99.9,-10.0,17.6,0.613,9.307,4.0,4.06,7.0,1.66,4.0,0.53,0.0,50.9,5.27,2.4,2.7,-9900.0,10.8,7,8,-0.61,1,-0.54,1,,0.22,-1,-1.0,-1.0,-1.0,20.0,11.0,11.0,4.0,27.0,-25.0,10.0,X1.8/3B,0.00018,-999.0,21.0,-999.0,44.0,1.2,7.0,1.2,0.06,1.23,2.9,1.09,-0.04,0.05,1.09,357.9,-1.0,-1.33,1.33,,1.09,-0.04,-0.16,1.09,19.0,0.68,-0.11,-0.4,0.69,350.8,1.09,-0.04,0.05,1.09,357.9,0.77,-0.15,0.21,0.78,0.81,0.21,0.21,8.9,349.0,34.6,2014-12-20,1:25:57,257.0,216.0,,,,,,,,93.0,,0,115.0,2014-12-23 11:14:00
1452,1452,2015-01-07,6:14:00,1,,,2.0,DSF(SF)?+CHSPm?,4.0,0.0,0.0,416.0,485.0,21,21.6,5,5.24,-17.1,17.1,0.792,1.909,16.0,0.232,10.0,3.18,22.0,0.15,5.0,55.74,9.76,1.5,1.2,,,0,9,-0.5,0,-0.47,0,,0.78,2,0.069,-1.0,-1.0,26.0,25.0,25.0,6.33,94.0,-99.0,4.0,,-99.9,-999.0,,-999.0,,2.67,6.0,1.54,2.18,1.73,54.8,0.43,0.57,-0.46,0.71,53.0,-0.28,0.5,0.5,,0.17,0.8,0.09,0.82,78.0,0.43,0.57,-0.46,0.71,53.0,0.67,0.31,-0.08,0.74,24.8,0.5,-0.49,-0.17,0.7,0.72,-0.17,0.17,69.3,315.6,54.5,2015-01-03,3:12:08,153.0,118.0,2015-01-07,7:00:00,13.0,12.03,,,,0.0,,0,103.0,2015-01-07 06:14:00
1454,1454,2015-03-17,4:45:00,1,2015-03-15,1:15:00,1.0,SF(m0315)+CHSm3?_659,4.0,0.0,807.0,808.0,609.0,8,31.5,11,9.59,-24.1,24.1,0.765,6.109,4.0,0.305,20.0,2.44,4.0,0.08,20.0,178.64,7.71,3.2,5.6,,,9,17,-0.8,0,-0.81,9,,0.5,3,0.102,-1.0,-1.0,52.0,32.0,32.0,7.67,179.0,-223.0,19.0,C,9.1e-06,-22.0,22.0,25.0,125.0,1.9,29.0,0.26,1.88,1.59,82.1,0.53,0.94,-1.8,1.08,60.6,,,,,0.26,0.34,-0.95,0.43,52.6,0.42,0.72,-1.6,0.83,59.7,0.53,0.94,-1.8,1.08,60.6,0.27,0.6,-0.85,0.66,1.07,-0.85,0.85,-5.2,65.8,7.6,2015-03-15,1:48:05,360.0,-999.0,2015-03-17,13:00:00,16.0,22.04,,,,94.0,,0,38.0,2015-03-17 04:45:00
1455,1455,2015-04-09,2:13:00,1,2015-04-04,22:16:00,2.0,DSF(m0405CE)+CH662,4.0,0.0,0.0,0.0,385.0,18,13.3,18,2.56,-4.4,4.4,0.331,2.347,6.0,0.484,11.0,2.38,-2.0,0.53,11.0,27.62,0.53,1.9,1.9,,,19,19,-0.41,11,-0.29,11,,0.2,10,0.14,-1.0,-1.0,163.0,22.0,22.0,3.0,15.0,-7.0,7.0,C,3.8e-06,-999.0,30.0,-999.0,209.0,1.98,13.0,0.22,1.97,0.8,83.6,0.22,1.97,-0.89,1.98,83.6,,,,,0.09,0.48,-0.98,0.49,79.4,-0.03,0.15,-0.9,0.15,101.3,-0.07,0.69,-1.06,0.69,95.8,-0.16,0.21,-0.08,0.26,0.28,-0.08,0.08,-31.5,127.3,10.5,2015-04-04,23:36:05,233.0,114.0,,,,,,,,94.0,,0,47.0,2015-04-09 02:13:00
1456,1456,2015-04-14,6:16:00,1,,,7.0,CH663+DSF?,4.0,,0.0,0.0,727.0,72,15.6,25,5.67,-8.6,11.0,0.705,3.461,29.0,0.314,16.0,12.49,0.0,0.5,46.0,77.41,0.48,0.7,1.0,,,25,64,-0.25,17,-0.23,63,,0.29,10,0.051,-1.0,-1.0,102.0,148.0,102.0,5.33,56.0,-59.0,49.0,,-99.9,-999.0,,-999.0,,0.86,36.0,0.77,0.39,1.0,26.9,-0.27,0.42,-0.44,0.5,122.7,,,,,0.11,0.5,-0.04,0.51,70.0,0.06,0.23,-0.17,0.24,75.4,0.11,0.5,-0.09,0.51,77.6,-0.01,0.17,-0.05,0.17,0.18,-0.05,0.05,-15.8,93.4,8.3,,,0.0,-999.0,,,,,,,,0.0,,0,105.0,2015-04-14 06:16:00
1457,1457,2015-05-06,1:42:00,1,,,2.0,DSF+CH666,4.0,0.0,0.0,533.0,479.0,6,17.5,7,4.19,-11.8,11.8,0.674,1.651,1.0,0.175,20.0,9.48,43.0,0.12,29.0,117.2,1.79,1.9,2.6,,,0,30,-0.51,3,-0.46,2,,0.32,13,0.15,-1.0,-1.0,139.7,77.3,77.3,5.33,56.0,-28.0,18.0,,-99.9,-999.0,44.0,-999.0,,1.88,1.0,0.89,1.66,1.5,61.8,0.61,1.48,-0.82,1.6,67.6,,,,,0.02,0.97,-0.45,0.97,88.8,0.39,1.32,-0.51,1.38,73.5,0.89,1.66,-0.39,1.88,61.8,0.87,0.69,0.06,1.11,1.11,0.06,0.06,23.4,38.4,28.8,2015-05-02,20:24:05,360.0,-999.0,2015-05-06,12:00:00,33.0,18.54,,,,0.0,,0,124.0,2015-05-06 01:42:00
1458,1458,2015-06-21,16:44:00,1,2015-06-18,16:30:00,1.0,SF(m0618)+DSF,4.0,0.0,575.0,577.0,350.0,7,11.5,9,-99.9,-0.5,5.4,0.47,2.009,9.0,0.916,1.0,13.51,0.0,0.79,8.0,13.84,2.48,1.5,0.9,,,10,10,-0.28,9,-0.26,4,,0.16,8,0.13,-1.0,-1.0,119.0,13.0,13.0,3.67,22.0,-3.0,-10.0,M3.0/1N,3e-05,-999.0,15.0,-999.0,115.0,1.08,10.0,0.4,1.0,0.74,68.2,-0.02,0.53,0.42,0.53,92.2,,,,,-0.14,0.78,0.59,0.79,91.4,-0.31,0.94,0.25,0.99,108.3,-0.14,0.78,0.22,0.79,100.2,-0.12,-0.05,-0.37,0.13,0.39,-0.37,0.37,-102.4,202.6,21.4,2015-06-18,17:24:24,360.0,-999.0,,,,,,,,95.0,,0,61.0,2015-06-21 16:44:00
1459,1459,2015-06-22,5:44:00,1,,,2.0,DSF(m0619C_fil)+SF+SF,4.0,0.0,0.0,580.0,436.0,12,14.5,2,-99.9,-8.6,8.6,0.593,4.674,4.0,2.193,10.0,3.1,5.0,1.55,9.0,26.47,3.96,1.1,1.3,,,9,10,-0.36,1,-0.24,1,,0.31,10,0.076,-1.0,-1.0,13.0,13.0,13.0,5.33,56.0,-51.0,10.0,,-99.9,-999.0,,-999.0,,1.17,0.0,0.41,1.1,0.61,69.6,0.72,0.88,0.76,1.14,50.7,,,,,0.72,0.88,0.75,1.14,72.2,0.41,1.1,0.92,1.17,69.6,0.72,0.88,0.76,1.14,50.7,0.39,-0.15,0.01,0.42,0.42,0.01,0.01,71.7,339.0,17.8,2015-06-19,6:42:50,360.0,-999.0,,,,,,,,0.0,,0,56.0,2015-06-22 05:44:00
1460,1460,2015-06-22,18:33:00,1,2015-06-21,2:06:00,1.0,SF(m0621CH)+SF+CHC2?_673?,4.0,0.0,1027.0,1040.0,742.0,10,37.7,3,13.99,-26.3,26.3,0.698,6.197,2.0,0.197,29.0,4.44,18.0,0.01,15.0,171.25,18.9,8.4,9.1,,,13,11,-1.88,5,-1.93,1,,0.57,16,0.223,-1.0,-1.0,13.0,43.0,13.0,8.33,236.0,-204.0,9.0,M2.6/,2.6e-05,12.0,12.0,-13.0,56.0,3.29,2.0,-1.45,2.95,2.12,116.2,-0.83,2.86,-0.35,2.98,106.2,,,,,0.27,-0.69,0.4,0.74,345.2,0.53,-0.5,0.18,0.73,316.7,0.27,-0.69,0.56,0.74,291.4,-0.64,-0.45,0.16,0.78,0.8,0.16,0.16,76.3,215.1,48.0,2015-06-21,2:36:05,360.0,-999.0,2015-06-23,1:00:00,36.0,29.92,,,,77.0,,0,56.0,2015-06-22 18:33:00
1461,1461,2015-07-10,15:54:00,1,,,6.0,CH676+DSF?,4.0,0.0,,,637.0,21,20.2,13,6.43,-7.6,7.6,0.376,4.637,9.0,0.538,37.0,5.33,7.0,0.64,25.0,71.12,3.08,1.5,1.7,,1.5,34,34,-0.35,11,-0.45,11,,0.28,14,0.074,-1.0,-1.0,89.0,58.0,58.0,4.67,39.0,-28.0,23.0,,,-91.0,,-999.0,,0.87,1.0,0.32,0.81,0.92,68.4,0.0,0.43,0.97,0.43,90.0,,,,,0.32,0.81,0.85,0.87,72.0,0.07,0.68,0.68,0.68,84.1,0.32,0.81,0.55,0.87,68.4,0.2,0.44,-0.3,0.48,0.57,-0.3,0.3,2.9,65.6,33.2,,,,,,,,,,,,0.0,,0,103.0,2015-07-10 15:54:00
1462,1462,2015-07-13,1:38:00,1,,,2.0,DSF,4.0,0.0,0.0,583.0,644.0,3,9.9,6,3.19,-6.9,7.5,0.758,1.405,40.0,0.216,20.0,0.87,1.0,0.28,13.0,31.18,2.06,2.7,3.0,,2.7,19,20,-0.44,15,-0.42,3,,0.28,33,0.27,-1.0,-1.0,58.0,44.0,44.0,5.67,67.0,-61.0,13.0,,-99.9,-999.0,,-999.0,,1.88,13.0,-0.37,-1.84,2.57,258.6,-0.56,-1.05,0.57,1.19,241.9,,,,,0.82,0.49,0.86,0.96,10.6,0.61,0.4,1.67,0.73,33.3,0.82,0.49,1.86,0.96,30.9,0.23,0.38,1.0,0.44,1.09,1.0,1.0,-28.0,58.8,12.9,2015-07-10,2:24:04,138.0,181.0,,,,,,,,93.0,,0,53.0,2015-07-13 01:38:00
1463,1463,2015-07-30,15:37:00,1,,,8.0,CH679,4.0,,0.0,0.0,613.0,67,14.7,8,4.51,-7.7,7.7,0.524,2.911,10.0,0.519,34.0,4.0,0.0,0.42,34.0,77.64,2.72,1.0,1.3,,1.0,42,53,-0.5,31,-0.21,4,,0.2,25,0.068,-1.0,-1.0,96.0,153.0,96.0,4.33,32.0,-30.0,31.0,,-99.9,-999.0,,-999.0,,0.87,23.0,-0.23,0.84,0.76,105.3,-0.03,0.57,0.17,0.57,93.0,,,,,0.22,0.44,0.38,0.49,75.6,0.16,0.39,0.31,0.42,67.7,0.22,0.44,-0.04,0.49,63.4,0.13,0.09,-0.42,0.16,0.45,-0.42,0.42,28.7,34.7,52.2,,,0.0,-999.0,,,,,,,,0.0,,0,76.0,2015-07-30 15:37:00
1464,1464,2015-08-15,8:28:00,1,2015-08-12,14:26:00,2.0,DSF(m0812WH)+DSF+CHCp22_682,4.0,0.0,629.0,633.0,536.0,30,21.7,2,5.82,-9.6,9.6,0.442,3.636,7.0,0.177,18.0,4.24,28.0,0.18,19.0,80.58,5.65,1.5,2.0,,1.5,7,11,-0.55,-1,-0.51,5,,0.46,3,0.069,-1.0,-1.0,42.0,36.0,36.0,6.0,80.0,-84.0,22.0,B,7e-07,-27.0,27.0,27.0,141.0,2.1,0.0,0.8,1.94,1.07,67.6,0.61,1.01,0.34,1.18,58.9,,,,,0.31,2.0,0.34,2.02,58.9,0.8,1.94,0.7,2.1,67.6,0.31,2.0,0.69,2.02,81.2,-0.3,0.99,0.35,1.03,1.09,0.35,0.35,-25.7,106.9,21.5,2015-08-12,14:48:05,204.0,221.0,2015-08-16,0:00:00,8.0,5.55,,,,0.0,,0,39.0,2015-08-15 08:28:00
1465,1465,2015-08-28,12:49:00,1,,,6.0,CH685+DSF,4.0,,0.0,0.0,477.0,35,16.3,7,3.89,-12.8,12.8,0.785,3.169,7.0,0.615,45.0,2.47,19.0,0.28,2.0,-1.0,-1.0,1.2,1.0,,1.2,-1,-2,-0.29,7,-0.26,25,,0.44,4,0.074,-1.0,-1.0,12.0,108.0,12.0,5.67,67.0,-88.0,-4.0,,-99.9,-999.0,,-999.0,,2.02,5.0,0.34,1.99,2.31,80.3,-0.47,1.87,-0.19,1.93,104.1,,,,,-0.05,0.76,-1.15,0.76,124.4,-0.46,0.69,-1.41,0.83,123.7,-0.05,0.76,-1.38,0.76,93.8,0.45,0.03,-0.23,0.45,0.51,-0.23,0.23,89.9,3.8,18.7,,,0.0,-999.0,,,,,,,,0.0,,0,44.0,2015-08-28 12:49:00
1466,1466,2015-09-20,6:03:00,1,2015-09-18,4:22:00,1.0,SF(m0918SC),4.0,0.0,836.0,839.0,621.0,25,15.8,2,4.91,-3.2,6.1,0.386,5.074,10.0,0.217,36.0,3.41,10.0,0.32,26.0,22.05,3.79,0.8,1.4,,0.8,6,9,-0.23,-1,-0.5,0,,0.33,7,0.051,-1.0,-1.0,66.0,41.0,41.0,7.0,132.0,-75.0,8.0,C2.6/SF,2.6e-06,-21.0,21.0,10.0,178.0,1.15,16.0,-0.04,1.15,2.23,92.0,-0.01,0.39,0.72,0.39,91.5,,,,,-0.33,0.6,0.72,0.68,91.5,-0.73,0.75,0.25,1.05,134.2,-0.33,0.6,0.18,0.68,118.8,-0.32,0.21,-0.54,0.38,0.66,-0.54,0.54,-27.9,146.7,50.7,2015-09-18,5:00:06,198.0,193.0,,,,,,,,94.0,,0,65.0,2015-09-20 06:03:00
1467,1467,2015-10-24,18:54:00,1,2015-10-22,2:13:00,1.5,SF(DSF)(m1022),4.0,1100.0,642.0,652.0,499.0,5,11.3,21,2.82,-2.8,11.0,0.973,3.667,1.0,0.163,32.0,5.72,2.0,0.18,27.0,40.2,1.68,0.6,1.1,,0.6,47,47,-0.27,20,-0.23,20,,0.16,17,0.053,-1.0,-1.0,45.0,87.0,45.0,3.67,22.0,-7.0,47.0,C,4.4e-06,-11.0,11.0,27.0,87.0,1.75,19.0,1.55,0.82,1.24,27.9,1.53,0.72,0.62,1.69,25.2,,,,,-0.71,0.77,-0.21,1.05,116.0,-0.61,0.76,0.16,0.97,128.8,-0.71,0.77,0.23,1.05,132.7,-0.34,0.01,0.44,0.34,0.56,0.44,0.44,-45.6,178.3,31.1,2015-10-22,3:12:07,360.0,-999.0,,,,,,,,0.0,,0,78.0,2015-10-24 18:54:00
1468,1468,2015-11-03,1:34:00,1,,,6.0,DSF(1029)+CH967,4.0,,0.0,0.0,713.0,19,21.6,10,7.7,-3.8,6.2,0.287,9.863,7.0,0.739,20.0,8.76,1.0,0.85,20.0,67.18,1.42,1.0,1.3,,2.7,21,23,-0.39,8,-0.45,7,,0.31,6,0.06,-1.0,-1.0,136.0,26.0,26.0,5.0,48.0,-55.0,12.0,,-99.9,-999.0,-1.0,-999.0,,1.12,-2.0,-0.99,-0.52,1.01,207.7,-0.03,0.97,-0.89,0.97,91.8,,,,,-0.08,-0.31,-0.5,0.32,255.5,0.05,0.04,-0.37,0.06,38.7,-0.05,0.02,-0.63,0.05,158.2,0.03,0.33,-0.13,0.33,0.36,-0.13,0.13,73.4,84.8,33.6,,,0.0,-999.0,,,,,,,,0.0,,0,82.0,2015-11-03 01:34:00
1470,1470,2015-11-06,18:18:00,1,2015-11-04,13:31:00,1.0,SF(m1104C),4.0,0.0,787.0,799.0,677.0,10,19.4,26,6.57,-10.3,10.3,0.531,4.247,2.0,0.121,39.0,1.02,47.0,0.02,26.0,81.18,6.39,3.2,3.1,,3.2,13,13,-0.63,-1,-0.51,1,,0.58,24,0.165,-1.0,-1.0,62.0,67.0,62.0,6.0,80.0,-96.0,12.0,M3.7/2B,3.7e-05,9.0,9.0,4.0,42.0,2.23,27.0,2.21,0.27,1.45,7.0,0.18,0.84,-0.82,0.86,77.9,,,,,0.18,0.84,-0.82,0.86,77.9,-0.31,1.4,-0.81,1.43,102.5,0.46,1.42,-0.66,1.49,72.1,0.28,0.58,0.16,0.64,0.66,0.16,0.16,7.8,64.2,20.4,2015-11-04,14:48:04,360.0,-999.0,2015-11-07,6:00:00,34.0,26.91,,,,0.0,,0,78.0,2015-11-06 18:18:00
1471,1471,2015-12-14,13:21:00,1,2015-12-11,16:48:00,1.0,SF,4.0,0.0,606.0,621.0,544.0,23,13.8,5,3.75,-12.2,12.2,0.884,2.425,6.0,0.287,2.0,3.34,1.0,0.54,19.0,30.51,0.81,1.4,1.7,,1.6,11,11,-0.48,5,-0.61,5,,0.17,2,0.12,-1.0,-1.0,110.0,30.0,30.0,5.33,56.0,-47.0,7.0,C,5.6e-06,-6.0,6.0,-16.0,40.0,0.98,-1.0,0.81,0.55,1.18,34.2,0.48,0.2,-2.42,0.52,22.6,,,,,0.81,0.55,-1.93,0.98,34.2,0.75,0.22,-2.11,0.78,16.3,0.52,0.35,-2.11,0.63,33.9,-0.29,-0.2,-0.18,0.35,0.4,-0.18,0.18,179.4,214.6,10.4,2015-12-11,18:24:04,65.0,184.0,,,,,,,,0.0,,0,86.0,2015-12-14 13:21:00
1472,1472,2015-12-19,16:16:00,1,2015-12-16,8:34:00,1.0,SF(m1216),4.0,0.0,521.0,523.0,497.0,5,17.4,11,4.32,-15.2,15.2,0.874,2.761,0.0,0.404,14.0,10.65,2.0,0.44,9.0,42.86,4.56,3.5,3.1,,3.5,10,16,-0.78,10,-0.78,10,,0.4,-2,0.201,-1.0,-1.0,61.0,23.0,23.0,6.0,80.0,-71.0,16.0,C6.6/1F,6.6e-06,-13.0,13.0,4.0,49.0,1.24,9.0,0.04,1.24,0.98,88.2,0.42,0.84,-0.71,0.94,63.4,,,,,0.35,-0.03,-1.15,0.35,355.1,0.23,0.11,-0.94,0.25,25.6,0.07,0.69,-0.95,0.69,84.2,-0.28,0.72,0.2,0.77,0.8,0.2,0.2,-27.0,111.3,39.2,2015-12-16,9:36:04,360.0,-999.0,2015-12-20,3:00:00,41.0,27.96,,,,94.0,,0,49.0,2015-12-19 16:16:00
1473,1473,2015-12-31,0:50:00,1,2015-12-28,11:20:00,1.0,SF(m1228)+CH,4.0,0.0,676.0,679.0,485.0,7,16.9,21,4.1,-16.1,16.1,0.953,2.763,6.0,0.192,27.0,1.83,5.0,0.02,24.0,75.38,4.8,4.8,5.2,,4.8,19,22,-1.12,18,-1.09,18,,1.33,23,0.284,-1.0,-1.0,85.0,44.0,44.0,6.0,80.0,-110.0,23.0,M,1.8e-05,-23.0,23.0,11.0,85.0,2.57,12.0,-0.62,2.49,2.49,104.0,-0.83,-0.42,0.7,0.93,206.8,,,,,0.02,1.09,-0.11,1.09,88.9,0.63,0.9,-0.09,1.1,55.0,0.82,1.93,-0.49,2.1,67.0,0.8,0.84,-0.38,1.16,1.22,-0.38,0.38,20.6,46.4,22.9,2015-12-28,12:12:05,360.0,-999.0,2015-12-31,17:00:00,42.0,20.76,,,,94.0,,0,22.0,2015-12-31 00:50:00
1474,1474,2016-01-18,21:57:00,1,,,2.0,DSF(m0115),5.0,0.0,0.0,435.0,383.0,17,16.9,33,3.24,-12.0,12.0,0.71,2.928,9.0,0.226,20.0,3.44,6.0,0.31,15.0,56.47,3.58,2.3,2.0,,2.3,27,27,-0.38,14,-0.57,17,,0.4,5,0.136,-1.0,-1.0,65.0,51.0,51.0,4.67,39.0,-93.0,42.0,,-99.9,-999.0,,-999.0,,1.48,15.0,0.65,1.33,1.81,64.0,0.65,1.33,-1.77,1.48,64.0,,,,,0.01,0.55,-0.9,0.55,89.0,-0.07,0.46,-0.65,0.47,98.7,-0.01,0.3,-0.7,0.3,91.9,-0.02,-0.25,0.2,0.25,0.32,0.2,0.2,-173.5,265.4,8.3,2016-01-14,23:24:05,360.0,-999.0,2016-01-19,10:00:00,38.0,20.69,,,,0.0,,0,54.0,2016-01-18 21:57:00
1475,1475,2016-03-14,17:14:00,1,,,7.0,CH_721+DSF,4.0,,0.0,0.0,567.0,7,19.7,3,5.58,-4.4,8.5,0.431,5.257,3.0,0.794,20.0,3.41,5.0,0.65,20.0,54.48,2.45,1.0,1.1,,1.0,33,37,-0.27,0,-0.25,-1,,0.19,40,0.051,-1.0,-1.0,84.0,48.0,48.0,5.33,56.0,-50.0,13.0,,-99.9,-999.0,,-999.0,,0.86,5.0,0.75,0.42,1.02,29.2,0.37,0.2,0.13,0.42,28.4,,,,,0.36,0.36,0.32,0.51,357.1,0.37,0.2,0.13,0.42,28.4,0.36,0.36,0.06,0.51,45.0,0.16,0.37,-0.26,0.4,0.48,-0.26,0.26,-21.6,66.6,63.1,,,0.0,-999.0,,,,,,,,0.0,,0,70.0,2016-03-14 17:14:00
1476,1476,2016-04-02,14:31:00,1,,,7.0,CH_726+DSF,4.0,,0.0,0.0,508.0,9,14.6,2,3.71,-6.4,6.4,0.438,4.295,3.0,0.911,-1.0,4.74,-2.0,0.68,0.0,18.04,0.8,0.6,1.0,,0.8,23,7,-0.22,3,-0.37,3,,0.17,27,0.07,-1.0,-1.0,133.5,30.5,30.5,5.0,48.0,-56.0,10.0,,-99.9,-999.0,,-999.0,,0.79,9.0,0.43,0.66,0.71,56.9,0.26,0.37,-2.26,0.45,54.9,,,,,0.41,-0.43,-1.84,0.59,313.6,0.51,-0.33,-2.16,0.61,327.1,0.5,-0.21,-2.33,0.54,337.2,0.09,0.22,-0.49,0.24,0.15,-0.49,0.49,-90.5,67.8,7.8,,,0.0,-999.0,,,,,,,,0.0,,0,12.0,2016-04-02 14:31:00
1477,1477,2016-07-19,23:51:00,1,2016-07-17,5:36:00,1.0,SF+DSF(m0717),4.0,0.0,627.0,674.0,576.0,9,27.3,3,7.86,-8.9,11.5,0.421,5.798,2.0,0.119,14.0,1.64,0.0,0.05,21.0,138.52,6.15,2.9,2.8,,2.9,31,31,-0.66,2,-0.64,2,,0.2,34,0.106,-1.0,-1.0,123.0,63.0,63.0,5.0,48.0,-23.0,6.0,C1.4/SF,1.4e-06,7.0,7.0,-15.0,350.0,2.03,6.0,-0.27,2.01,2.63,97.7,0.39,0.88,-2.09,0.96,66.1,,,,,-0.19,0.56,-1.47,0.59,108.7,0.4,0.69,-0.94,0.8,59.9,0.46,0.67,-1.66,0.81,55.5,0.65,0.11,-0.19,0.66,0.69,-0.19,0.19,45.9,9.6,21.3,2016-07-17,10:48:05,360.0,-999.0,2016-07-20,7:00:00,56.0,30.21,,,,0.0,,0,59.0,2016-07-19 23:51:00
1478,1478,2016-10-12,22:12:00,1,,,2.0,DSF?(m1009C?),4.0,0.0,0.0,448.0,440.0,5,24.1,25,5.3,-19.3,19.3,0.801,1.811,40.0,0.223,33.0,11.78,5.0,0.02,16.0,46.98,5.1,1.4,1.8,,1.4,4,21,-0.51,3,-0.48,3,,0.48,8,0.058,-1.0,-1.0,58.0,43.0,43.0,6.33,94.0,-104.0,24.0,,-99.9,-999.0,-1.0,-999.0,,3.01,2.0,1.25,2.74,1.55,65.5,0.92,2.63,-1.45,2.79,70.7,,,,,0.47,1.81,-1.02,1.87,75.4,0.73,2.13,-1.31,2.25,71.1,0.96,2.13,-1.45,2.34,65.7,0.49,0.32,-0.43,0.59,0.73,-0.43,0.43,32.6,33.1,9.0,2016-10-09,2:24:05,360.0,-999.0,2016-10-13,6:00:00,34.0,27.57,,,,93.0,,0,41.0,2016-10-12 22:12:00
1479,1479,2016-11-09,6:43:00,1,,,2.0,DSF?+CH_770,4.0,0.0,0.0,420.0,371.0,26,11.8,21,2.19,-5.9,9.4,0.797,2.11,6.0,0.468,21.0,18.29,8.0,0.34,19.0,9.99,1.54,0.9,0.8,,0.9,17,17,-0.29,17,-0.28,17,,0.33,2,0.076,-1.0,-1.0,132.0,33.0,33.0,3.33,18.0,-20.0,29.0,,-99.9,-999.0,,-999.0,,1.5,0.0,0.84,1.24,1.21,55.9,0.9,0.26,-1.92,0.94,16.1,,,,,0.76,1.03,-1.61,1.28,53.6,0.84,1.24,-1.42,1.5,55.9,0.25,1.2,-1.76,1.23,78.2,-0.51,0.17,-0.15,0.54,0.56,-0.15,0.15,-83.3,161.6,15.1,2016-11-05,4:36:05,222.0,326.0,2016-11-10,0:00:00,16.0,7.01,,,,93.0,,0,14.0,2016-11-09 06:43:00
1480,1480,2017-01-26,8:15:00,1,,,6.0,CH_787+?,4.0,,0.0,0.0,636.0,23,14.1,17,4.48,-7.8,7.8,0.553,3.93,14.0,0.847,1.0,5.96,30.0,0.91,16.0,53.1,3.35,0.9,0.8,,0.9,15,19,-0.37,11,-0.3,11,,0.2,27,0.064,-1.0,-1.0,33.0,40.0,33.0,4.33,32.0,-28.0,22.0,,-99.9,-999.0,,-999.0,,0.84,31.0,0.61,0.58,0.62,43.6,0.32,0.05,0.88,0.32,8.9,,,,,0.26,0.29,0.75,0.39,49.9,0.29,0.46,0.84,0.54,57.8,0.26,0.29,0.75,0.39,48.1,-0.06,-0.09,0.0,0.11,0.11,0.0,0.0,171.8,236.3,6.1,,,0.0,-999.0,,,,,,,,103.0,,0,,2017-01-26 08:15:00
1481,1481,2017-03-27,3:45:00,1,,,8.0,CH_798,4.0,,0.0,,708.0,30,15.3,6,5.42,-7.0,7.0,0.458,3.296,6.0,0.611,-1.0,4.7,-1.0,0.63,11.0,29.68,1.47,1.1,1.0,,0.9,0,7,-0.27,8,-0.23,3,,0.25,11,0.07,,,34.7,190.3,34.7,6.33,94.0,-74.0,12.0,,,-999.0,,-999.0,,1.05,32.0,0.34,0.99,0.74,71.0,-0.25,0.8,-1.81,0.84,107.4,,,,,-0.1,0.82,-1.57,0.83,97.0,0.29,0.69,-1.49,0.75,67.2,-0.31,0.58,-1.51,0.66,118.1,-0.21,-0.24,0.06,0.32,0.32,0.06,0.06,-110.7,228.8,10.0,,,,,,,,,,,,103.0,,0,,2017-03-27 03:45:00
1482,1482,2017-05-27,15:34:00,1,,,2.0,DSF+AR,4.0,0.0,0.0,386.0,401.0,9,22.8,9,4.57,-21.4,21.4,0.939,4.292,47.0,0.267,10.0,27.07,4.0,0.09,10.0,59.17,7.32,1.5,2.9,,1.5,17,15,-0.42,7,-0.86,7,,0.62,45,0.066,,,205.0,57.0,57.0,7.0,132.0,-125.0,15.0,,,-999.0,,-999.0,,1.25,48.0,0.75,1.0,1.58,53.1,0.26,-0.71,-1.01,0.76,290.1,,,,,0.14,0.21,-1.0,0.25,56.3,0.2,0.43,-1.27,0.47,65.1,0.37,0.52,-1.34,0.64,54.6,0.23,0.31,-0.34,0.39,0.51,-0.34,0.34,1.1,53.4,11.3,2017-05-23,5:00:06,243.0,215.0,2017-05-27,22:00:00,40.0,25.35,,,,,,0,,2017-05-27 15:34:00
1484,1484,2017-07-16,5:59:00,1,2017-07-14,1:07:00,1.0,SF+CH813+CH814,5.0,0.0,786.0,791.0,625.0,18,23.7,7,7.41,-20.4,20.4,0.861,7.908,43.0,0.14,29.0,4.52,-2.0,0.03,36.0,100.89,3.92,5.5,5.8,,6.1,0,16,-1.43,7,-1.42,6,,0.51,34,0.24,,,137.0,47.0,47.0,6.0,80.0,-72.0,11.0,M2.4/,2.4e-05,-6.0,6.0,29.0,137.0,2.17,38.0,-1.04,1.91,2.73,118.6,0.4,-0.55,-1.26,0.68,306.0,,,,,0.2,-0.77,-1.63,0.8,284.6,0.75,-0.84,-0.92,1.13,311.8,0.41,-0.94,-1.0,1.03,293.6,0.21,-0.17,0.63,0.27,0.69,0.63,0.63,-27.4,321.0,20.4,2017-07-14,1:25:41,360.0,-999.0,2017-07-16,18:00:00,24.0,18.25,,,,93.0,,0,,2017-07-16 05:59:00
1485,1485,2017-08-31,5:38:00,1,2017-08-28,15:33:00,5.0,SF+CH822_C56,4.0,0.0,669.0,692.0,638.0,31,20.8,3,6.64,-6.7,6.7,0.322,6.546,2.0,0.783,-2.0,4.12,2.0,0.62,22.0,24.48,1.97,1.0,1.0,,0.9,0,5,-0.3,1,-0.3,0,,0.31,28,0.05,,,35.6,162.1,35.6,5.33,56.0,-50.0,7.0,B9.4/,9.4e-07,7.0,7.0,30.0,25.0,1.23,17.0,1.22,-0.19,1.04,351.1,-0.27,0.59,-0.4,0.65,114.6,,,,,-0.2,0.42,-0.79,0.47,115.5,0.36,0.53,-0.43,0.64,55.8,-0.27,0.59,-0.4,0.65,114.6,-0.07,0.17,0.39,0.18,0.43,0.39,0.39,2.2,112.4,27.9,2017-08-28,17:36:05,117.0,246.0,,,,,,,,,,0,,2017-08-31 05:38:00
1486,1486,2017-09-06,23:43:00,1,2017-09-04,20:28:00,1.0,SF+SF,5.0,0.0,811.0,805.0,581.0,5,14.4,3,4.18,-6.2,8.8,0.611,8.781,11.0,1.601,20.0,6.79,3.0,0.58,20.0,9.9,3.01,2.1,1.8,,2.1,3,3,-0.88,1,-0.88,1,,0.38,7,0.146,,,162.0,23.0,23.0,3.67,22.0,-23.0,8.0,M5.5/,5.5e-05,-10.0,10.0,16.0,9.0,1.43,10.0,-0.34,1.39,1.09,103.7,0.67,1.19,-0.48,1.37,60.6,,,,,0.67,1.19,-0.34,1.37,296.6,0.67,-0.08,-0.29,0.67,353.2,0.67,1.19,-0.48,1.37,60.6,0.47,1.59,-0.14,1.66,1.66,-0.14,0.14,-12.9,73.5,102.7,2017-09-04,20:36:05,360.0,-999.0,,,,,,,,94.0,,0,,2017-09-06 23:43:00
1487,1487,2017-09-07,23:00:00,1,2017-09-06,11:53:00,1.0,SF+SF+CH823,5.0,0.0,0.0,1190.0,817.0,10,27.3,2,11.15,-23.6,23.6,0.864,11.988,2.0,0.02,12.0,999.99,27.0,0.05,12.0,102.03,2.87,6.9,7.7,,7.8,0,13,-0.9,4,-0.79,2,,1.22,19,0.28,,,23.3,67.0,23.3,8.33,236.0,-124.0,3.0,X9.3/,0.00093,-999.0,9.0,-999.0,17.0,3.29,10.0,1.45,2.95,3.02,63.8,1.93,1.62,-1.62,2.52,40.0,,,,,0.42,0.04,-2.25,0.42,5.4,0.49,-0.14,-2.59,0.51,344.1,0.01,0.27,-3.28,0.27,87.9,-0.41,0.23,-1.03,0.47,1.13,-1.03,1.03,-62.8,150.7,11.0,2017-09-06,12:24:05,360.0,-999.0,2017-09-08,12:00:00,6.0,6.68,,,,104.0,,0,,2017-09-07 23:00:00
1488,1488,2017-09-12,20:02:00,1,2017-09-10,15:35:00,1.0,SF,5.0,0.0,0.0,791.0,621.0,2,13.7,2,4.25,-6.2,6.2,0.453,3.327,2.0,0.713,27.0,13.25,21.0,1.34,-1.0,20.58,0.6,0.9,1.0,,1.4,0,7,-0.47,2,-0.46,0,,0.21,4,0.07,,,50.0,31.0,31.0,5.33,56.0,-35.0,5.0,X8.2/,0.00082,-999.0,9.0,-999.0,56.0,0.99,13.0,0.08,0.99,1.98,85.4,0.13,0.19,-1.38,0.23,55.6,,,,,0.01,0.84,-0.79,0.84,89.3,0.06,0.84,-0.79,0.84,85.9,0.05,0.67,-1.24,0.67,85.7,0.04,-0.17,-0.45,0.17,0.48,-0.45,0.45,162.5,283.2,18.4,2017-09-10,16:00:05,360.0,-999.0,,,,,,,,0.0,,0,,2017-09-12 20:02:00
1489,1489,2017-09-14,11:16:00,1,,,7.0,CH824_N67+SF+?,4.0,,0.0,,715.0,54,19.9,5,7.11,-4.8,4.8,0.241,3.496,5.0,0.735,47.0,7.58,2.0,0.33,3.0,24.89,3.85,1.6,1.9,,1.6,11,12,-0.65,4,-0.8,4,,0.29,2,0.08,,,8.0,73.0,8.0,5.67,67.0,-53.0,8.0,,,-999.0,,-999.0,,1.05,9.0,0.95,0.44,1.42,24.9,0.39,0.13,1.19,0.41,18.4,,,,,-0.26,0.11,0.53,0.28,108.2,-0.46,0.51,0.59,0.69,132.0,-0.26,0.11,0.68,0.28,157.1,-0.05,-0.53,0.15,0.53,0.55,0.15,0.15,-107.5,264.6,39.7,,,,,,,,,,,,,,0,,2017-09-14 11:16:00
1490,1490,2017-10-21,6:10:00,1,,,5.0,CH830_C22+farE,4.0,0.0,0.0,574.0,481.0,17,10.0,9,2.4,-4.7,4.7,0.47,2.13,7.0,0.302,40.0,14.13,0.0,0.69,7.0,8.43,0.9,1.2,1.1,,1.2,33,33,-0.27,0,-0.26,0,,0.26,25,0.09,,,50.0,39.0,39.0,3.0,15.0,-14.0,18.0,,,-999.0,,-999.0,,1.16,30.0,0.06,1.16,1.44,87.0,-0.58,0.3,-0.04,0.65,152.7,,,,,-0.58,0.3,0.43,0.65,171.1,-0.55,0.12,0.21,0.56,167.7,-0.58,0.3,-0.04,0.65,152.7,-0.26,0.25,-0.47,0.36,0.59,-0.47,0.47,16.5,136.1,58.6,2017-10-18,5:48:05,360.0,-999.0,,,,,,,,,,0,,2017-10-21 06:10:00
1492,1492,2017-11-27,14:42:00,1,,,8.0,CH838_C34_1,4.0,,0.0,,480.0,2,9.1,-1,2.18,-6.4,7.0,0.769,4.4,1.0,0.546,29.0,4.05,32.0,0.76,19.0,13.39,1.17,0.9,1.0,,0.9,47,49,-0.21,31,-0.32,49,,0.2,43,0.099,,,62.0,54.0,54.0,3.33,18.0,-19.0,11.0,,,-999.0,,-999.0,,1.09,47.0,0.12,1.08,0.86,83.7,0.29,0.81,-0.26,0.86,70.3,,,,,0.61,0.42,0.19,0.74,16.5,0.65,0.48,0.26,0.81,36.4,0.61,0.42,0.03,0.74,34.5,-0.2,0.18,-0.16,0.27,0.31,-0.16,0.16,-103.5,138.0,20.6,,,,,,,,,,,,,,0,,2017-11-27 14:42:00
1493,1493,2017-12-04,16:13:00,1,,,8.0,CH839_C34,4.0,,0.0,,622.0,37,12.2,2,3.79,-11.0,11.0,0.902,3.527,7.0,0.61,-3.0,6.85,-3.0,0.75,41.0,45.13,0.26,1.5,1.5,,1.7,0,41,-0.3,8,-0.3,6,,0.33,2,0.12,,,115.2,154.8,115.2,5.0,48.0,-45.0,6.0,,,-999.0,,-999.0,,1.05,43.0,0.37,0.98,1.23,69.3,0.18,0.31,-1.46,0.36,59.9,,,,,0.06,0.01,-1.16,0.06,9.5,-0.12,0.3,-1.21,0.32,111.8,0.23,0.09,-1.33,0.25,21.4,0.17,0.08,-0.17,0.19,0.25,-0.17,0.17,-3.8,25.2,7.6,,,,,,,,,,,,,,0,,2017-12-04 16:13:00
1494,1494,2018-01-08,6:48:00,1,,,7.0,CH845+DSF,4.0,,0.0,,542.0,23,17.6,8,4.77,-7.1,8.8,0.5,5.155,7.0,0.554,29.0,4.17,35.0,0.69,10.0,47.71,1.05,0.8,1.2,,1.2,0,18,-0.43,1,-0.43,0,,0.2,8,0.07,,,85.8,38.2,38.2,3.67,22.0,-17.0,25.0,,,-999.0,,-999.0,,0.87,15.0,0.84,0.23,0.87,15.3,0.42,0.75,-0.68,0.86,60.8,,,,,0.48,0.1,-1.09,0.49,11.8,0.69,0.07,-0.8,0.69,5.8,0.42,0.75,-0.68,0.86,60.8,-0.06,0.65,0.41,0.65,0.77,0.41,0.41,-34.5,95.3,39.0,,,,,,,,,,,,,,0,,2018-01-08 06:48:00
1495,1495,2018-02-15,8:35:00,1,2018-02-12,0:15:00,1.5,SF(DSF)+CH851+CH852?,4.0,0.0,517.0,525.0,525.0,55,14.3,24,3.75,-5.9,13.3,0.93,1.782,19.0,0.358,27.0,11.33,10.0,0.21,29.0,50.95,2.18,1.7,1.6,,1.7,36,45,-0.36,25,-0.35,25,,0.19,7,0.119,,,124.0,65.0,65.0,4.67,39.0,-27.0,47.0,C1.5/,1.5e-06,-10.0,10.0,14.0,186.0,1.62,34.0,0.14,1.61,1.0,85.0,0.42,0.17,-0.45,0.45,22.0,,,,,0.4,0.34,0.23,0.52,65.5,0.25,0.76,-0.32,0.8,71.8,0.4,0.34,0.2,0.52,40.4,-0.01,-0.56,-0.03,0.56,0.56,-0.03,0.03,131.4,269.0,25.2,2018-02-12,1:25:18,360.0,-999.0,2018-02-16,7:00:00,13.0,6.59,,,,,,0,,2018-02-15 08:35:00
1496,1496,2018-03-09,18:06:00,1,,,2.0,DSF?+CH855?+CH856?,4.0,0.0,0.0,464.0,453.0,6,15.5,23,3.51,-10.3,11.4,0.735,3.198,32.0,0.147,22.0,20.59,47.0,0.11,6.0,39.95,4.4,0.8,0.9,,0.8,0,13,-0.27,30,-0.28,6,,0.24,5,0.052,,,76.0,118.0,76.0,4.33,32.0,-39.0,10.0,,,-999.0,,-999.0,,1.63,0.0,1.49,0.65,0.85,23.6,0.24,0.71,-0.91,0.75,71.3,,,,,1.05,0.73,-0.71,1.28,34.8,1.49,0.65,-0.65,1.63,23.6,1.09,0.63,-0.66,1.26,30.0,0.04,-0.1,0.05,0.11,0.12,0.05,0.05,98.2,291.8,4.4,2018-03-06,1:25:41,136.0,234.0,2018-03-09,22:00:00,26.0,16.21,,,,,,0,,2018-03-09 18:06:00
