887932800,1648.74,2730.24,1647.99,0.157953,757,388,866.23
887933100,1648.95,2739.86,1647.85,0.164482,717,382,866.25
887933400,1647.56,2582.6,1646.61,0.155536,700,375,866.27
887933700,1646.42,2496.99,1646.54,0.163395,706,373,866.295
887934000,1647.02,2687.17,1646.33,0.159583,693,373,866.32
887934300,1647.35,2580.2,1645.48,0.17253,697,375,866.34
887934600,1646.5,2553.74,1645.56,0.151487,701,370,866.36
887934900,1648.15,2675.43,1647.08,0.166024,698,378,866.385
887935200,1646.69,2363.23,1646.14,0.179549,695,377,866.41
887935500,1647.19,2470.08,1647.13,0.173315,696,372,866.43
887935800,1648.25,2446.67,1648.17,0.162813,706,370,866.45
887936100,1646.87,2474.72,1647.63,0.158487,706,383,866.475
887936400,1647.14,2319.36,1647.81,0.149829,709,382,866.48
887936700,1646.59,2384.07,1647.36,0.170779,713,377,866.46
887937000,1646.92,2365.69,1647.03,0.159674,718,374,866.445
887937300,1646.44,2391.17,1646.28,0.157985,715,381,866.43
887937600,1652.29,2738.3,1652.82,0.19368,713,259,866.41
887937900,1648.2,2395.83,1648.3,0.166655,709,376,866.395
887938200,1653.96,2579.37,1653.64,0.193039,722,261,866.38
887938500,1648.31,2364.66,1648.63,0.163315,712,377,866.36
887938800,1653.15,2624.35,1652.96,0.200746,713,264,866.34
887939100,1648.63,2359.02,1648.34,0.167595,725,376,866.325
887939400,1648.61,2314.96,1649.56,0.148104,724,382,866.31
887939700,1649.03,2337.72,1649.74,0.165231,719,378,866.295
887940000,1649.01,2367.31,1649.47,0.148201,725,385,866.295
887940300,1650.39,2580.92,1650.74,0.185312,721,298,866.31
887940600,1650.75,2280.14,1651.21,0.167027,721,384,866.33
887940900,1651.87,2296.88,1651.97,0.158009,722,379,866.35
887941200,1650.51,2384.28,1650.73,0.163888,718,374,866.365
887941500,1651.49,2452.43,1651.54,0.153728,733,382,866.38
887941800,1650.93,2465.91,1650.84,0.156525,735,382,866.4
887942100,1652.86,2367.91,1652.72,0.171752,721,380,866.42
887942400,1653.83,2447.91,1653.64,0.159867,725,383,866.435
887942700,1653.36,2396.79,1653.81,0.159495,725,379,866.45
887943000,1653.4,2417.96,1653.32,0.164387,726,382,866.47
887943300,1653.1,2499.2,1653.42,0.155551,728,374,866.49
887943600,1653.69,2490.44,1653.65,0.174028,728,378,866.49
887943900,1655.47,2518.46,1654.93,0.168565,724,378,866.47
887944200,1655.58,2410.43,1655.29,0.175895,734,381,866.455
887944500,1656.27,2408.94,1655.12,0.165502,731,383,866.44
887944800,1655.81,2510.56,1655.14,0.174543,733,373,866.425
887945100,1656.65,2594.2,1655.86,0.171872,725,377,866.41
887945400,1656.6,2672.3,1656.13,0.17511,730,383,866.39
887945700,1660.01,3086.69,1661.2,0.199931,734,222,866.375
887946000,1655.48,2696.41,1655.54,0.176803,732,384,866.36
887946300,1659.92,2948.91,1659.97,0.188779,728,222,866.345
887946600,1656.99,2651.7,1656.84,0.173189,728,379,866.33
887946900,1658.18,2719.29,1658.52,0.167076,722,383,866.315
887947200,1657.12,2702.99,1657.29,0.159878,736,378,866.31
887947500,1657.25,2737.72,1657.19,0.161382,727,373,866.305
887947800,1658.16,2864.74,1658.34,0.189364,737,239,866.3
887948100,1656.78,2688.31,1655.78,0.182982,732,381,866.235
887948400,1658.23,2698.86,1657.65,0.17545,729,377,866.17
887948700,1657.93,2662.35,1657.49,0.163316,720,372,866.17
887949000,1658.58,2712.28,1658,0.167122,734,381,866.1
887949300,1657.57,2667.5,1656.85,0.149709,728,381,865.96
887949600,1658.68,2611.86,1658.51,0.169127,730,386,865.925
887949900,1658.84,2669.35,1658.77,0.156161,730,384,865.92
887950200,1658.14,2615.57,1657.84,0.156346,738,384,865.735
887950500,1658.37,2688.55,1657.45,0.160845,736,384,865.585
887950800,1657.91,2696.85,1657.94,0.15328,736,382,865.505
887951100,1657.28,2785.99,1657.53,0.161645,732,380,865.355
887951400,1655.76,2693.17,1655.65,0.148936,734,385,865.24
887951700,1658.62,2855.23,1658.11,0.195684,735,235,865.17
887952000,1661.7,2939.81,1660.2,0.229142,727,174,865.135
887952300,1656.12,2583.78,1655.56,0.163118,739,384,865.065
887952600,1655.83,2588.7,1655.18,0.160658,737,384,865.03
887952900,1656.85,2662.44,1657.44,0.166356,737,382,865.03
887953200,1656.84,2536.36,1655.97,0.153428,728,376,865
887953500,1657.64,2613.42,1657.04,0.166102,729,382,864.93
887953800,1657.05,2497.05,1656.7,0.164732,739,384,864.86
887954100,1656.06,2569.51,1655.26,0.164857,738,384,864.79
887954400,1654.66,2602.87,1653.93,0.159473,730,378,864.72
887954700,1657.42,2924.75,1657.11,0.195423,739,234,864.72
887955000,1655.47,2588.49,1655.36,0.161573,736,376,864.72
887955300,1655.24,2580.74,1655.7,0.146916,741,381,864.72
887955600,1655.46,2507.89,1655.97,0.164158,737,363,864.72
887955900,1662.61,2773.81,1662.43,0.183397,742,256,864.72
887956200,1655.6,2460.25,1655.75,0.157258,739,382,864.72
887956500,1655.05,2352.67,1654.87,0.158533,739,382,864.72
887956800,1661.06,2739.12,1661.08,0.19675,745,263,864.72
887957100,1653.92,2541.37,1654.32,0.155901,736,380,864.72
887957400,1660.15,2621.38,1660.19,0.201248,742,263,864.72
887957700,1652.58,2515.04,1652.8,0.162565,735,381,864.72
887958000,1652.67,2635.37,1652.59,0.172826,735,386,864.71
887958300,1652.89,2456.7,1652.11,0.155784,748,382,864.695
887958600,1652.77,2542.6,1651.58,0.171402,743,382,864.685
887958900,1651.88,2517.62,1651.25,0.176352,741,382,864.675
887959200,1651.83,2375.64,1651.26,0.140436,741,385,864.665
887959500,1652.45,2548.59,1652.18,0.153428,735,380,864.655
887959800,1653.03,2455.95,1652.05,0.158599,741,388,864.645
887960100,1651.66,2487.02,1651.35,0.171918,733,384,864.635
887960400,1650.61,2354.07,1650.28,0.155954,731,386,864.625
887960700,1651.27,2379.8,1651.17,0.165083,735,388,864.615
887961000,1650.21,2295.42,1650.18,0.161806,735,380,864.605
887961300,1649.95,2542.52,1649.53,0.158021,731,384,864.595
887961600,1651.01,2505.82,1650.47,0.159785,735,386,864.595
887961900,1650,2412.39,1650.04,0.160081,737,390,864.61
887962200,1651.14,2375.64,1650.35,0.15982,744,393,864.63
887962500,1652.27,2460.13,1651.63,0.153337,746,393,864.65
887962800,1651.57,2371.37,1651.08,0.162979,735,389,864.67
887963100,1650.74,2353.44,1651.07,0.157711,729,383,864.69
887963400,1651.43,2405.95,1651.07,0.169792,739,387,864.705
887963700,1650.86,2337.14,1650.67,0.158917,734,387,864.72
887964000,1651.04,2372.63,1650.88,0.160467,734,385,864.74
887964300,1650.48,2415.95,1649.59,0.168301,740,387,864.76
887964600,1650.69,2472.12,1650.32,0.150714,741,386,864.78
887964900,1651.02,2472.11,1650.91,0.173925,734,389,864.8
887965200,1650.25,2488.12,1649.55,0.178195,722,378,864.825
887965500,1648.73,2452.59,1649.01,0.174204,732,380,864.855
887965800,1650.72,2463.45,1650.32,0.15891,726,380,864.89
887966100,1650.29,2455.32,1650.26,0.143432,731,383,864.925
887966400,1650.65,2528.19,1650.76,0.149748,722,379,864.96
887966700,1650.87,2491.2,1650.82,0.152449,735,383,864.995
887967000,1651.67,2530.34,1650.84,0.145523,742,388,865.025
887967300,1651.95,2488.02,1651.48,0.152632,741,391,865.06
887967600,1652.61,2488.11,1652.44,0.168046,741,393,865.095
887967900,1653.36,2533.17,1653.45,0.174404,739,389,865.13
887968200,1653.02,2499.92,1652.73,0.152142,747,391,865.165
887968500,1651.86,2426.3,1652.23,0.158435,745,393,865.2
887968800,1651.84,2414.43,1652.47,0.155925,743,393,865.235
887969100,1653.63,2420.45,1653.84,0.174681,739,386,865.265
887969400,1654.04,2480.05,1653.81,0.148163,739,391,865.3
887969700,1653.83,2493.43,1653.85,0.165786,740,389,865.335
887970000,1654.03,2439.63,1654.34,0.175091,739,389,865.37
887970300,1653.36,2489.74,1653.68,0.150398,746,387,865.405
887970600,1655.48,2662.27,1654.88,0.167228,748,365,865.435
887970900,1655.11,2415.19,1655.48,0.179,740,391,865.47
887971200,1654.84,2504.27,1654.74,0.152149,742,390,865.505
887971500,1656.16,2623.68,1656.79,0.153957,736,385,865.54
887971800,1656.27,2592.09,1657.46,0.159742,734,388,865.575
887972100,1655.64,2460.56,1656.59,0.171024,734,387,865.61
887972400,1656.88,2550.89,1657.28,0.153292,740,389,865.64
887972700,1658.61,2518.16,1658.61,0.164363,740,386,865.66
887973000,1658.13,2545.54,1658.89,0.152401,735,385,865.68
887973300,1658.28,2612.81,1658.95,0.163295,745,386,865.705
887973600,1659.84,2508.4,1659.74,0.159169,732,385,865.73
887973900,1658.7,2599.07,1658.61,0.184812,729,386,865.75
887974200,1661.56,2950.38,1662.06,0.186704,737,231,865.77
887974500,1659.89,2717.37,1660.28,0.178044,739,382,865.795
887974800,1660.54,2690.96,1659.83,0.136419,734,386,865.82
887975100,1668.84,3138.84,1668.97,0.250057,746,169,865.84
887975400,1669.66,3143.67,1668.36,0.262932,741,163,865.86
887975700,1668.47,2890.9,1667.94,0.251827,734,168,865.885
887976000,1677.96,3401.22,1673.03,0.329953,724,87,865.87
887976300,1668.79,2969.22,1667.76,0.195252,720,290,865.83
887976600,1670.55,2889.32,1669.61,0.181246,539,293,865.85
887976900,1671.24,2911.71,1671.19,0.192612,545,296,865.84
887977200,1670.33,2949.15,1670.01,0.191876,540,291,865.815
887977500,1673.44,2941.64,1673.73,0.175855,547,286,865.78
887977800,1668.28,3052.57,1668.85,0.173042,628,343,865.725
887978100,1669.4,3102.82,1670.01,0.170272,670,337,865.72
887978400,1665.96,3220.25,1666.54,0.188149,674,341,865.68
887978700,1665.85,2964.62,1666.54,0.171534,730,342,865.625
887979000,1665.15,2819.23,1665.78,0.156996,712,358,865.595
887979300,1666.07,3014.82,1667,0.156972,712,375,865.575
887979600,1667.74,2854.18,1668.25,0.17605,706,379,865.555
887979900,1668.34,2873.01,1668.39,0.159901,721,369,865.53
887980200,1668.48,2937.64,1668.84,0.155673,720,369,865.51
887980500,1670.05,2878.96,1670.17,0.171509,714,374,865.485
887980800,1671.74,2917.57,1672.06,0.168074,712,370,865.46
887981100,1671.16,2883.04,1671.78,0.174328,718,379,865.44
887981400,1671.48,2899.2,1672.34,0.17296,716,378,865.415
887981700,1670.76,2997.95,1670.8,0.161623,714,379,865.39
887982000,1671.83,2869.45,1672.85,0.184811,705,374,865.37
887982300,1672.77,2793.67,1672.61,0.170523,720,378,865.345
887982600,1671.48,2805.24,1671.66,0.161396,712,373,865.32
887982900,1670.35,2718.09,1670.38,0.179451,707,377,865.3
887983200,1671.32,2672.51,1671.28,0.181127,706,385,865.265
887983500,1671.91,2809.62,1671.27,0.1743,710,372,865.215
887983800,1670.34,2757.23,1671.32,0.16551,711,382,865.17
887984100,1672.21,2710.59,1671.54,0.167455,709,377,865.125
887984400,1670.54,2833.9,1670.17,0.169868,705,384,865.08
887984700,1667.58,2873.41,1667.73,0.172645,721,357,865.035
887985000,1670.16,2713.09,1670.39,0.168923,719,377,864.985
887985300,1669.5,2850.9,1670.15,0.180235,718,380,864.94
887985600,1668.95,2875.22,1668.48,0.160583,719,381,864.895
887985900,1669.3,2872.38,1669.96,0.17112,728,383,864.85
887986200,1669.39,2756.63,1670.11,0.159382,719,391,864.805
887986500,1669.43,2713.49,1670.53,0.165625,728,385,864.76
887986800,1669.96,2671.31,1670.3,0.1793,715,377,864.715
887987100,1669.07,2649.53,1668.85,0.150727,728,379,864.665
887987400,1668.27,2642.91,1668.86,0.162379,734,386,864.62
887987700,1669.85,2711.13,1670.41,0.147548,720,385,864.575
887988000,1667.9,2770.64,1669.32,0.167636,721,379,864.53
887988300,1668.39,2744.56,1667.94,0.165887,718,376,864.485
887988600,1666.3,2673.09,1667.44,0.179624,719,381,864.435
887988900,1665.47,2807.66,1666.08,0.161549,730,386,864.39
887989200,1665.8,2604.53,1666.01,0.173122,721,382,864.345
887989500,1664.93,2824.64,1665.23,0.17725,724,379,864.3
887989800,1664.59,2752.68,1665.14,0.167789,724,392,864.255
887990100,1664.89,2704.1,1664.97,0.169805,717,390,864.21
887990400,1664.11,2554.94,1663.94,0.162053,718,380,864.17
887990700,1665.66,2750.56,1665.37,0.156085,726,390,864.13
887991000,1664.62,2621.9,1664.99,0.16495,728,388,864.09
887991300,1664.01,2612.5,1664.15,0.153947,719,380,864.05
887991600,1662.25,2579.13,1662.65,0.169524,719,380,864.01
887991900,1663.73,2604.8,1664.58,0.18311,730,384,863.97
887992200,1664.77,2677,1664.93,0.146805,734,387,863.93
887992500,1664.82,2689.72,1664.87,0.169414,729,384,863.89
887992800,1664.17,2666.26,1664.29,0.163821,724,379,863.85
887993100,1664.22,2569.77,1664.25,0.156942,716,386,863.81
887993400,1664.22,2595.47,1663.25,0.150872,738,391,863.77
887993700,1664.17,2698.57,1663.3,0.155716,733,397,863.735
887994000,1666.94,2902.84,1665.13,0.169118,735,295,863.72
887994300,1662.98,2538.19,1662.99,0.156928,723,386,863.65
887994600,1663.01,2617.53,1662.6,0.152992,733,395,863.55
887994900,1662.39,2517.15,1662.62,0.153915,728,380,863.45
887995200,1661.78,2462.71,1660.86,0.174515,734,389,863.38
887995500,1661.61,2600.6,1660.68,0.174067,737,387,863.345
887995800,1662.09,2672.31,1660.93,0.160342,729,388,863.31
887996100,1660.99,2534.66,1660.7,0.146611,741,391,863.275
887996400,1660.76,2538.16,1660.49,0.162869,743,393,863.21
887996700,1660.25,2551.97,1659.7,0.155141,734,391,863.145
887997000,1659.2,2479.37,1658.78,0.176221,735,389,863.075
887997300,1656.71,2462.21,1656.5,0.160638,737,390,862.97
887997600,1657.26,2538.16,1657.77,0.148161,742,389,862.9
887997900,1657.74,2561.22,1657.64,0.156484,740,391,862.87
887998200,1656.72,2531.05,1657.12,0.165785,734,389,862.84
887998500,1656.51,2523.94,1656.19,0.153393,741,388,862.805
887998800,1656.66,2663.66,1656.33,0.181004,743,316,862.7
887999100,1654.27,2463.09,1654.38,0.164763,736,387,862.595
887999400,1655.07,2466.53,1654.35,0.150689,737,394,862.53
887999700,1654.81,2445.27,1655.61,0.17311,734,393,862.5
888000000,1654.55,2384.31,1654.81,0.163626,737,390,862.465
888000300,1654.82,2414.05,1655.1,0.160717,738,380,862.425
888000600,1654.31,2379.79,1654.69,0.160358,746,392,862.385
888000900,1654.2,2306.86,1653.82,0.16391,735,392,862.355
888001200,1652.75,2282.87,1652.34,0.14707,732,390,862.35
888001500,1652.89,2306,1652.17,0.145354,737,392,862.335
888001800,1650.49,2316.82,1649.72,0.164819,731,397,862.325
888002100,1650.34,2359.07,1649.68,0.159485,733,389,862.315
888002400,1649.18,2443.67,1649.3,0.165479,723,393,862.305
888002700,1648.77,2286.07,1649.05,0.154136,725,389,862.295
888003000,1647.95,2237.71,1648.86,0.162928,729,383,862.28
888003300,1647.31,2275.23,1647.55,0.153602,733,388,862.265
888003600,1656.16,3015,1656.35,0.273502,726,118,862.255
888003900,1646.58,2325.14,1646.29,0.156567,716,390,862.245
888004200,1646.29,2246.57,1645.96,0.159734,731,388,862.235
888004500,1644.71,2181.89,1644.75,0.158278,732,395,862.225
888004800,1644.68,2243,1643.6,0.157801,725,389,862.23
888005100,1644.67,2175.43,1643.79,0.172644,716,390,862.25
888005400,1642.91,2091.42,1642.69,0.155153,723,397,862.275
888005700,1642.6,2210.71,1642.56,0.153338,726,393,862.3
888006000,1640.65,2170.01,1641.3,0.16709,719,391,862.32
888006300,1639.1,2220.22,1639.25,0.166301,721,386,862.345
888006600,1638.84,2237.74,1638.75,0.183341,731,395,862.37
888006900,1637.94,2378.74,1638.24,0.168512,726,394,862.39
888007200,1639.88,2593.68,1639.03,0.184272,720,382,862.415
888007500,1636.93,2399.01,1637.23,0.168865,717,382,862.44
888007800,1636.53,2415.59,1635.56,0.169972,705,376,862.46
888008100,1635.73,2367.85,1635.16,0.157397,704,376,862.485
888008400,1637.12,2638.05,1635.43,0.262407,703,373,862.535
888008700,1637.11,2678.9,1636.42,0.183846,700,372,862.675
888009000,1638.71,2726.67,1637.22,0.252172,710,365,862.825
888009300,1638.46,2805.71,1637.58,0.184344,707,378,862.91
888009600,1637.34,2690.99,1637.05,0.183656,706,379,863.154
888009900,1639.92,2686.54,1639.71,0.189175,717,380,863.36
888010200,1639.77,2916.09,1639.79,0.181492,716,376,863.405
888010500,1637.87,2769.02,1637.41,0.160119,717,374,863.49
888010800,1636.37,2851.34,1636.51,0.152779,728,377,863.5
888011100,1639.9,2803.58,1639.79,0.162412,726,381,863.57
888011400,1640.64,2976.8,1640.92,0.175535,712,385,863.705
888011700,1641.18,2944.44,1641.97,0.161557,725,384,863.76
888012000,1641.34,2809.04,1642.2,0.149959,712,385,863.73
888012300,1641.12,2902.96,1640.85,0.163095,745,396,863.55
888012600,1641.51,2861.24,1641.64,0.163108,728,388,863.35
888012900,1642.4,2835.36,1642.34,0.167883,728,381,863.28
888013200,1642.21,2780.51,1642.65,0.174663,727,385,863.25
888013500,1650.26,3172.39,1650.59,0.200798,729,274,863.15
888013800,1650.73,3190.21,1651.43,0.197209,639,273,862.98
888014100,1650.91,3233.04,1651.73,0.196482,701,269,862.91
888014400,1643.72,2683.67,1643.54,0.168401,716,385,862.84
888014700,1646,2845.96,1646.08,0.191676,731,357,862.775
888015000,1644.42,2946.06,1645.26,0.160742,732,397,862.775
888015300,1645.43,2785.28,1646.35,0.146651,734,394,862.74
888015600,1646.78,2681.73,1647.35,0.154283,749,400,862.755
888015900,1648.91,2583.11,1648.86,0.161643,742,392,862.785
888016200,1646.99,2602.01,1647.33,0.157772,728,390,862.82
888016500,1647.73,2622.56,1648.38,0.155386,729,389,862.855
888016800,1649.24,2567.84,1649.71,0.150498,727,395,862.89
888017100,1650.59,2611.74,1650.91,0.152468,733,394,862.925
888017400,1650.68,2569.95,1650.64,0.166082,732,388,862.955
888017700,1650.91,2659.7,1650.76,0.148436,745,395,862.99
888018000,1651.94,2733.75,1651.8,0.155822,745,397,863.025
888018300,1652.84,2728.26,1653.01,0.169661,744,393,863.06
888018600,1652.77,2737,1652.52,0.164525,747,400,863.095
888018900,1650.73,2691.17,1651.23,0.152334,749,395,863.13
888192000,1641.7,3217.08,1640.35,0.176352,760,382,862.549
888192300,1643.64,2927.82,1641.3,0.179186,705,371,863.089
888192600,1643.81,2745.91,1643.84,0.170201,700,366,863.535
888192900,1646.24,2666.11,1646.07,0.169391,685,373,863.6
888193200,1645.63,2603.03,1645.78,0.172601,677,365,863.495
888193500,1643.13,2464.48,1643.55,0.176843,690,368,863.226
888193800,1641.24,2414.74,1641.32,0.17385,703,372,862.821
888194100,1640.08,2398.55,1640.68,0.165078,699,369,862.62
888194400,1640.94,2408.23,1640.79,0.159403,707,368,862.53
888194700,1640.43,2426.9,1640.3,0.155469,702,375,862.44
888195000,1639.09,2425.37,1638.95,0.177276,716,378,862.375
888195300,1646.76,2597.75,1647.98,0.209695,695,251,862.445
888195600,1640.42,2358.24,1640.88,0.167443,691,369,862.62
888195900,1642.35,2566.58,1642.01,0.159737,702,381,862.765
888196200,1641.6,2438.67,1640.95,0.166147,703,381,862.865
888196500,1641.34,2487.18,1641.38,0.16191,707,378,862.885
888196800,1643.25,2389.9,1642.98,0.156252,697,374,862.915
888197100,1644.49,2442.65,1643.79,0.162036,719,382,862.985
888197400,1643.2,2440.58,1642.96,0.138913,709,380,863.05
888197700,1643.95,2501.62,1643.86,0.159625,716,382,863.045
888198000,1644.2,2502.57,1642.96,0.167219,724,382,863.075
888198300,1643.56,2472.35,1643.44,0.149068,725,389,863.21
888198600,1643.11,2463.48,1643.63,0.166912,724,385,863.28
888198900,1643.99,2512.57,1644.25,0.171762,718,385,863.245
888199200,1651.27,2787.41,1651.23,0.204483,723,265,863.28
888199500,1643.29,2587.92,1643.97,0.161754,718,381,863.385
888199800,1644.59,2461.65,1644.11,0.151122,714,382,863.42
888200100,1643.51,2456.17,1643.42,0.158385,721,388,863.415
888200400,1642.24,2564.54,1642.61,0.154381,719,383,863.405
888200700,1642.61,2457.37,1642.78,0.167178,731,391,863.4
888201000,1643.44,2371.37,1643.43,0.15653,721,383,863.395
888201300,1643.41,2400.72,1644.06,0.147734,726,384,863.385
888201600,1644.28,2460.54,1644.75,0.162742,722,387,863.38
888201900,1644.12,2476.99,1644.37,0.156326,727,392,863.445
888202200,1643.74,2526.4,1644.51,0.157834,712,384,863.475
888202500,1645.06,2443.71,1645.65,0.165636,732,383,863.51
888202800,1645.49,2413.3,1645.67,0.158597,732,386,863.575
888203100,1645.42,2390.22,1644.93,0.159275,727,384,863.565
888203400,1645.34,2359.15,1645.34,0.157534,735,387,863.56
888203700,1645.13,2409.46,1645.48,0.160301,734,387,863.555
888204000,1645.82,2412.64,1645.73,0.150123,731,383,863.55
888204300,1646.55,2437.72,1646.39,0.162065,731,382,863.545
888204600,1646.36,2449.42,1645.8,0.168366,735,385,863.535
888204900,1646.71,2456.93,1646.56,0.163565,726,385,863.53
888205200,1647,2372.06,1647.14,0.169195,735,387,863.525
888205500,1646.52,2408.04,1646.1,0.163359,732,384,863.52
888205800,1646.17,2449.75,1646.47,0.174043,728,384,863.515
888206100,1646.61,2477.53,1647.09,0.159846,731,387,863.51
888206400,1647.29,2394.25,1647.57,0.174529,721,382,863.515
888206700,1648.29,2434.62,1647.67,0.156769,730,389,863.53
888207000,1647.84,2387.9,1647.41,0.159352,725,387,863.55
888207300,1647.9,2414.13,1647.94,0.159636,733,387,863.565
888207600,1648.58,2471.98,1648.1,0.156137,723,387,863.58
888207900,1647.8,2394.96,1647.52,0.159967,727,386,863.6
888208200,1647.79,2393.8,1647.57,0.162726,736,386,863.615
888208500,1648.08,2361.4,1648.28,0.157933,734,385,863.63
888208800,1648.6,2469.94,1648.89,0.162473,741,388,863.65
888209100,1648.44,2475.84,1648.42,0.152945,739,388,863.665
888209400,1647.16,2413.88,1648.12,0.150533,736,385,863.68
888209700,1647.74,2337.23,1648.16,0.150575,736,385,863.7
888210000,1649.27,2355.66,1649.55,0.162076,730,377,863.695
888210300,1648.5,2330.64,1649.51,0.158748,748,389,863.67
888210600,1648.68,2321.08,1649.64,0.155397,732,386,863.645
888210900,1649.05,2446.63,1649.66,0.163323,737,388,863.62
888211200,1649.33,2500.41,1650.31,0.165116,731,390,863.595
888211500,1648.27,2386.82,1649.42,0.147439,737,394,863.57
888211800,1649.24,2266.39,1649.73,0.157038,746,385,863.55
888212100,1648.9,2467.13,1649.47,0.159003,750,392,863.525
888212400,1648.27,2286.5,1648.73,0.1468,743,390,863.5
888212700,1648.81,2297.95,1649.39,0.162873,746,389,863.475
888213000,1649.1,2402.5,1649.06,0.171096,743,395,863.45
888213300,1648.27,2364.08,1648.23,0.158793,732,387,863.43
888213600,1649.06,2399.32,1649.31,0.155291,742,388,863.56
888213900,1650.31,2372.67,1650.77,0.145987,748,395,863.665
888214200,1649.27,2438.05,1649.18,0.14031,750,391,863.595
888214500,1648.59,2449.52,1648.79,0.157999,735,391,863.724
888214800,1651.77,2458.22,1652.57,0.172054,734,380,864.164
888215100,1655.49,2537.57,1655.8,0.154322,736,387,864.54
888215400,1654.6,2480.94,1655.28,0.16223,745,384,864.605
888215700,1651.87,2510.82,1652.27,0.158393,739,386,864.266
888216000,1649.29,2444.54,1649.81,0.171438,735,388,863.93
888216300,1648.92,2479.67,1649.16,0.173468,732,385,863.85
888216600,1648.95,2575.09,1649.12,0.155064,742,383,863.9
888216900,1648.98,2468.31,1649.04,0.161911,747,381,863.935
888217200,1649.53,2424.09,1649.61,0.162031,745,387,863.78
888217500,1648.3,2422.89,1648.58,0.140563,737,392,863.685
888217800,1647.03,2361.66,1647.64,0.158327,738,385,863.685
888218100,1648.63,2330.33,1648.13,0.154419,743,388,863.685
888218400,1647.88,2399.1,1647.74,0.160324,740,381,863.745
888218700,1648.41,2345.04,1648.26,0.169389,739,386,863.745
888219000,1647.04,2455.84,1646.87,0.179372,742,387,863.64
888219300,1646.25,2343.58,1645.61,0.1732,747,386,863.565
888219600,1646.19,2254.4,1646.45,0.159214,750,391,863.425
888219900,1644.32,2361.47,1644.92,0.16532,747,387,863.215
888220200,1643.67,2317.7,1643.47,0.1543,738,392,863.08
888220500,1643.47,2335.75,1643.29,0.149241,744,394,863.05
888220800,1643.43,2356.6,1643.4,0.155781,731,389,862.985
888221100,1644.19,2234.91,1644.31,0.164045,732,391,863.055
888221400,1644.91,2374.58,1644.92,0.14281,731,387,863.155
888221700,1644.68,2423.01,1645.37,0.163845,729,385,863.055
888222000,1644.85,2373.94,1645.21,0.15601,738,388,862.965
888222300,1643.9,2315.08,1643.84,0.15342,736,387,862.905
888222600,1643.27,2388.77,1643.49,0.162456,739,387,862.9
888222900,1643.86,2375.91,1644.28,0.16647,736,384,863
888223200,1645.57,2407,1645.48,0.15417,730,385,863.075
888223500,1646.65,2269.92,1646.57,0.149724,741,391,863.115
888223800,1647.02,2326.74,1646.87,0.150898,737,382,863.175
888224100,1646.97,2384.06,1646.89,0.154442,742,388,863.17
888224400,1646.6,2222.64,1646.89,0.153123,741,384,863.15
888224700,1647.54,2303.64,1647.26,0.161372,733,387,863.17
888225000,1647.07,2464.19,1646.79,0.154393,737,384,863.195
888225300,1647.71,2428.77,1647.03,0.143231,735,380,863.22
888225600,1647.83,2460.37,1646.66,0.164702,722,379,863.24
888225900,1648.01,2379.82,1647.04,0.175171,734,381,863.265
888226200,1648.6,2488.15,1648.03,0.158674,741,386,863.29
888226500,1648.31,2534.86,1647.63,0.170361,747,377,863.31
888226800,1648.22,2518.86,1648.09,0.1681,735,371,863.33
888227100,1647.72,2659.15,1647.71,0.152159,748,382,863.355
888227400,1648.21,2545.01,1647.54,0.166886,745,378,863.38
888227700,1649.74,2609.93,1648.33,0.170362,738,370,863.405
888228000,1649.05,2529.67,1647.99,0.174294,746,381,863.425
888228300,1649.13,2668.82,1648.18,0.16141,739,380,863.44
888228600,1649.77,2686.8,1649.62,0.161801,743,384,863.455
888228900,1650.61,2774.35,1650.28,0.18089,737,302,863.47
888229200,1656.15,2902.45,1655.69,0.228087,744,164,863.485
888229500,1650.74,2629.81,1650.2,0.154765,741,389,863.5
888229800,1649.48,2441.76,1649.03,0.153375,742,386,863.52
888230100,1649.74,2498.49,1649.44,0.159281,739,387,863.535
888230400,1651.73,2668.28,1650.97,0.159508,744,383,863.55
888230700,1650.09,2601.68,1649.43,0.161275,739,384,863.565
888231000,1649.12,2612.41,1649.04,0.154158,741,381,863.58
888231300,1651.85,2810.1,1650.86,0.152673,733,391,863.6
888231600,1652.35,2815.93,1652.43,0.16805,744,390,863.61
888231900,1653.22,2763.08,1652.85,0.165732,736,384,863.61
888232200,1654.38,2784.96,1653.22,0.145661,738,386,863.61
888232500,1653.98,2776.92,1652.85,0.153976,735,384,863.615
888232800,1654.17,2652.07,1653.79,0.170336,739,382,863.62
888233100,1655.7,2674.58,1654.99,0.150621,742,389,863.62
888233400,1654.64,2549.99,1654.22,0.162039,734,379,863.62
888233700,1656.46,2701.33,1655.81,0.167003,725,377,863.625
888234000,1656.55,2583.06,1655.82,0.174202,743,382,863.63
888234300,1656.63,2718.9,1656.36,0.172211,742,382,863.63
888234600,1658.14,2754.68,1657.91,0.167171,740,375,863.63
888234900,1657.75,2621.82,1657.86,0.175331,733,386,863.635
888235200,1667.53,3095.06,1668.46,0.240936,736,164,863.61
888235500,1659.2,2662.09,1660.24,0.172558,720,379,863.605
888235800,1660.01,2722.7,1659.93,0.175317,730,382,863.595
888236100,1659.26,2654.61,1659.69,0.183671,733,381,863.56
888236400,1660.49,2629.06,1661.1,0.165379,727,373,863.525
888236700,1661.79,2648.65,1661.43,0.173012,731,379,863.49
888237000,1660.88,2723.64,1660.96,0.162585,725,377,863.49
888237300,1660.93,2628.29,1660.61,0.151544,726,380,863.485
888237600,1661.48,2606.31,1661.81,0.168968,733,382,863.515
888237900,1662.03,2642.46,1662.3,0.168177,726,384,863.55
888238200,1661.97,2639.36,1661.99,0.17108,726,383,863.58
888238500,1662.44,2682.22,1662.55,0.172088,731,383,863.565
888238800,1663.49,2773.43,1663.62,0.169818,738,384,863.51
888239100,1662.75,2764.81,1663.61,0.17636,728,386,863.495
888239400,1663.32,2736.99,1663.18,0.14928,723,388,863.485
888239700,1663.89,2723.76,1663.57,0.148657,727,381,863.475
888240000,1662.56,2666.39,1663.08,0.154338,733,386,863.465
888240300,1663.08,2811.3,1662.95,0.181129,719,387,863.455
888240600,1669.82,3132.76,1669.11,0.23024,741,165,863.44
888240900,1662.76,2799.21,1661.89,0.177042,721,381,863.425
888241200,1663.65,2845.99,1663.33,0.192302,725,383,863.415
888241500,1665.7,2776.69,1665.18,0.163307,728,379,863.405
888241800,1664.65,2793.27,1665.54,0.144875,734,387,863.395
888242100,1664.43,2893.17,1664.52,0.15467,728,385,863.385
888242400,1663.32,2913.9,1663.69,0.164238,715,381,863.37
888242700,1663.27,2828.43,1663.29,0.169529,721,383,863.35
888243000,1662.83,2879.95,1663.24,0.17547,727,382,863.335
888243300,1663,2764.02,1662.98,0.167635,734,392,863.32
888243600,1661.72,2786.71,1662.4,0.170659,736,385,863.3
888243900,1661.31,2808.87,1660.51,0.158805,737,388,863.285
888244200,1660.91,2793.67,1660.57,0.167625,739,386,863.27
888244500,1661.36,2838.38,1661.6,0.157416,740,386,863.25
888244800,1661.89,2875.45,1661.91,0.170481,743,378,863.235
888245100,1661.38,2872,1661.01,0.155099,737,381,863.22
888245400,1661.85,2892.66,1661.51,0.166633,727,388,863.2
888245700,1662.8,2891.87,1662.4,0.173123,727,383,863.185
888246000,1660.41,2694.5,1660.55,0.165305,738,388,863.155
888246300,1660.24,2646.54,1660.24,0.161158,729,390,863.11
888246600,1660.14,2715.45,1660.32,0.181821,727,387,863.07
888246900,1659.16,2764.09,1658.65,0.174254,740,390,863.03
888247200,1659.03,2615.16,1658.66,0.166318,734,384,862.99
888247500,1659.55,2591.45,1659.62,0.164084,739,389,862.95
888247800,1659.54,2638.08,1660.55,0.167431,733,384,862.91
888248100,1660.15,2576.09,1660.41,0.171753,734,392,862.87
888248400,1659.47,2583.16,1659.74,0.160724,736,395,862.83
888248700,1659.59,2603.13,1658.89,0.15964,736,394,862.79
888249000,1657.76,2594.7,1657.17,0.159163,740,388,862.75
888249300,1657.66,2667.2,1657.47,0.152909,737,391,862.71
888249600,1656.97,2612.84,1656.78,0.156964,737,389,862.65
888249900,1656.93,2537.38,1655.46,0.149666,737,388,862.565
888250200,1657.21,2576.24,1655.86,0.166695,734,365,862.515
888250500,1656.55,2597.04,1655.58,0.171932,739,389,862.5
888250800,1656.15,2385.83,1655.98,0.161823,736,383,862.475
888251100,1655.66,2441,1655.55,0.185551,732,387,862.425
888251400,1656.19,2560.39,1654.93,0.174297,743,390,862.39
888251700,1654.13,2404.34,1653.32,0.158315,734,392,862.355
888252000,1655.54,2609.59,1654.51,0.171483,734,384,862.355
888252300,1656.34,2437.27,1655.93,0.152191,737,389,862.32
888252600,1655,2410.23,1655.42,0.155433,729,387,862.215
888252900,1656.11,2421.79,1656.65,0.148727,741,396,862.18
888253200,1655.47,2439.41,1656.17,0.158241,739,399,862.18
888253500,1655,2425.54,1656.23,0.172995,749,395,862.15
888253800,1655.91,2516.12,1656.33,0.146019,738,390,862.05
888254100,1654.81,2441.53,1655.34,0.172095,735,386,861.98
888254400,1655.27,2516.68,1655.32,0.150501,738,393,861.945
888254700,1654.86,2495.95,1654.53,0.171321,743,401,861.91
888255000,1652.83,2507.6,1653.51,0.160991,744,399,861.845
888255300,1653.66,2549.37,1653.77,0.14528,749,394,861.745
888255600,1652.83,2553.18,1652.66,0.162759,741,397,861.74
888255900,1653.04,2578.96,1653.07,0.155437,752,400,861.735
888256200,1652.8,2505.26,1652.9,0.148011,752,402,861.7
888256500,1652.69,2645.14,1652.69,0.140029,747,404,861.63
888256800,1651.8,2501.56,1652.12,0.156677,748,402,861.545
888257100,1650.99,2502.29,1650.47,0.150824,743,398,861.52
888257400,1650.07,2494.04,1649.76,0.144424,753,400,861.5
888257700,1649.64,2484.75,1649.73,0.165477,744,405,861.475
888258000,1650.41,2421.98,1650.22,0.161352,752,401,861.45
888258300,1649.56,2450.36,1649.55,0.15249,753,400,861.43
888258600,1649.14,2507.83,1649.32,0.147689,758,405,861.41
888258900,1648.37,2495.09,1648.14,0.151851,753,399,861.39
888259200,1648.72,2522.02,1648.04,0.145558,751,400,861.365
888259500,1646.93,2532.19,1646.66,0.157357,747,400,861.34
888259800,1648.32,2460.53,1647.95,0.161281,757,400,861.32
888260100,1647.67,2505.65,1648.23,0.142044,744,399,861.3
888260400,1648.66,2507.89,1648.86,0.161203,748,399,861.27
888260700,1647.78,2533.08,1648.03,0.167457,746,401,861.225
888261000,1647.8,2523.59,1648.45,0.164919,746,394,861.185
888261300,1646.16,2442.1,1646.23,0.137919,754,399,861.15
888261600,1645.71,2462.75,1645.61,0.136839,755,404,861.105
888261900,1645.12,2598.67,1644.82,0.151263,762,400,861.065
888262200,1645.28,2587.08,1645.28,0.161102,759,404,861.03
888262500,1645.91,2712.78,1645.4,0.160375,756,399,860.985
888262800,1644.82,2593.21,1645.22,0.15659,765,403,860.945
888263100,1644.32,2577.74,1644.71,0.158947,757,403,860.91
888263400,1643.26,2582.11,1643.85,0.144544,753,398,860.865
888263700,1642.75,2521.86,1642.53,0.155509,750,399,860.825
888264000,1641.43,2479.5,1641.63,0.162,748,394,860.8
888264300,1641.26,2532.76,1641.76,0.161758,747,399,860.785
888264600,1641.16,2540.97,1642.13,0.171493,760,401,860.775
888264900,1652.12,2734.59,1651.9,0.243219,761,163,860.765
888265200,1641.22,2484.94,1641.48,0.161174,743,393,860.75
888265500,1640.09,2415.73,1639.81,0.183422,748,399,860.735
888265800,1639.6,2442.16,1639.56,0.158198,755,403,860.725
888266100,1638.82,2527.18,1639.24,0.154268,741,390,860.71
888266400,1639.47,2395.72,1639.24,0.16202,754,401,860.695
888266700,1638.83,2465.34,1639.18,0.176648,755,398,860.685
888267000,1638.49,2388.34,1638.25,0.157292,752,401,860.675
888267300,1638.39,2422.96,1638.34,0.149998,747,396,860.665
888267600,1639.08,2567.47,1639.49,0.151613,741,398,860.59
888267900,1637.97,2448.23,1638.36,0.170268,751,399,860.455
888268200,1635.62,2387.6,1635.49,0.158431,739,392,860.455
888268500,1638.64,2391.84,1637.72,0.171712,741,401,860.555
888268800,1637.7,2447.67,1637.55,0.164629,743,392,860.625
888269100,1638.49,2507.91,1638.22,0.152417,745,395,860.74
888269400,1637.55,2424.65,1637.71,0.163192,746,392,860.84
888269700,1637.03,2408.06,1637.54,0.155678,743,402,860.83
888270000,1637.91,2329.97,1637.83,0.147903,739,389,860.835
888270300,1636.63,2407.21,1637.12,0.15482,742,396,860.84
888270600,1635.71,2468.68,1635.75,0.160064,738,393,860.775
888270900,1638.06,2516.55,1637.94,0.178628,748,320,860.805
888271200,1635.34,2370.04,1635.67,0.152651,742,393,860.87
888271500,1635.83,2353.14,1635.69,0.149207,742,393,860.87
888271800,1634.54,2409.4,1635.12,0.154999,743,391,860.87
888272100,1635.45,2392.95,1635.78,0.161218,724,393,860.87
888272400,1634.94,2433.98,1634.84,0.162654,738,397,860.87
888272700,1633.56,2424.8,1632.65,0.157637,744,393,860.87
888273000,1632.87,2342.83,1632.51,0.160643,744,399,860.87
888273300,1633.46,2395.74,1633.15,0.154815,744,398,860.87
888273600,1632.26,2324.65,1631.72,0.156078,743,392,860.87
888273900,1631.92,2392.46,1631.21,0.153412,741,390,860.87
888274200,1632.24,2446.49,1631.68,0.160896,746,399,860.87
888274500,1630.21,2325.02,1630.46,0.165812,743,389,860.87
888274800,1631.49,2333.72,1630.81,0.164329,736,392,860.89
888275100,1631.26,2353.81,1631.17,0.133859,736,402,860.93
888275400,1631.38,2401.77,1631.24,0.172293,744,390,860.97
888275700,1630.82,2324.15,1630.68,0.15813,720,387,861.01
888276000,1630.87,2461.22,1630.03,0.163575,724,385,861.05
888276300,1631.79,2511.34,1631.35,0.172969,737,393,861.09
888276600,1631.3,2546.1,1631.43,0.154921,739,388,861.13
888276900,1630.73,2369.61,1630.87,0.169273,738,394,861.17
888277200,1630.01,2537.48,1630.02,0.159707,735,392,861.21
888277500,1631.27,2476.99,1631.11,0.173144,741,395,861.25
888277800,1630.24,2488.66,1630.46,0.145979,751,395,861.29
888278100,1631.35,2593.23,1631.08,0.164612,746,396,861.335
888019200,1654.4,2962.44,1654.86,0.140868,759,374,863.285
888019500,1655.04,2766.61,1655.62,0.168163,727,389,863.49
888019800,1655.25,2690.76,1656.15,0.14891,734,390,863.56
888020100,1655.01,2664.22,1655.59,0.142809,738,383,863.56
888020400,1654.9,2721.28,1655.54,0.170806,741,386,863.56
888020700,1655.5,2749.75,1655.65,0.168871,739,385,863.56
888021000,1656.09,2870.07,1655.13,0.161561,730,381,863.595
888021300,1652.98,2826.62,1653.55,0.163273,734,387,863.635
888021600,1651.91,2745.61,1652.64,0.146094,731,389,863.77
888021900,1653.73,2790.67,1653.44,0.168361,734,381,863.97
888022200,1652.5,2927.99,1652.37,0.172571,732,387,864.14
888022500,1651.89,2783.52,1652.24,0.150987,732,390,864.32
888022800,1652.97,2882.39,1653.35,0.162793,740,392,864.495
888023100,1654.58,2795.67,1654.16,0.167346,730,383,864.665
888023400,1652.04,2770.9,1651.82,0.154811,724,387,864.75
888023700,1652.96,2688.82,1652.45,0.160905,733,387,864.73
888024000,1652.32,2710.15,1652.51,0.166913,729,386,864.74
888024300,1652.65,2872.95,1651.68,0.164204,726,380,864.785
888024600,1653.9,2656.95,1653.07,0.155114,730,385,864.865
888024900,1653.15,2736.07,1653.08,0.166049,737,389,864.94
888025200,1653.02,2598.14,1652.52,0.172411,735,392,864.905
888025500,1651.09,2534.84,1650.63,0.151374,745,385,864.905
888025800,1651.46,2452.86,1650.67,0.14935,738,389,864.905
888026100,1651.57,2559.82,1651.5,0.15697,738,394,864.835
888026400,1651.02,2516.78,1650.75,0.17086,735,394,864.8
888026700,1651.72,2446.48,1651.29,0.150473,730,396,864.835
888027000,1651.86,2427.18,1651.69,0.166802,744,389,864.8
888027300,1651.34,2421.34,1651.62,0.150991,730,387,864.665
888027600,1650.64,2370.57,1650.89,0.15675,724,390,864.53
888027900,1650.74,2364.52,1650.77,0.175284,734,392,864.36
888028200,1648.33,2458.35,1648.72,0.164419,732,392,864.225
888028500,1647.47,2450.02,1647.62,0.157288,733,388,864.12
888028800,1647.74,2533.21,1647.45,0.163107,728,388,864.05
888029100,1648,2554.88,1647.25,0.153084,731,389,864.05
888029400,1648.69,2525.18,1648.36,0.152903,734,393,864.085
888029700,1649.01,2467.75,1648.64,0.162996,739,391,864.155
888030000,1649.57,2475.88,1649.02,0.168316,732,390,864.19
888030300,1649.33,2562.12,1648.62,0.163176,738,388,864.195
888030600,1650.57,2631.57,1649.02,0.170226,736,388,864.2
888030900,1651.52,2491.89,1651.15,0.156441,731,383,864.205
888031200,1650.31,2456.66,1649.7,0.148249,739,391,864.21
888031500,1651.67,2493.81,1650.92,0.149371,738,391,864.215
888031800,1651.27,2634.06,1650.76,0.164266,739,388,864.225
888032100,1649.58,2607.53,1649.15,0.16075,745,387,864.23
888032400,1649.73,2477.66,1649.14,0.168189,735,392,864.235
888032700,1651.53,2589.09,1649.7,0.148965,737,390,864.24
888033000,1650.81,2573.42,1650.13,0.166924,744,391,864.245
888033300,1651.07,2598.27,1650.57,0.160518,737,389,864.255
888033600,1650.31,2595.86,1649.7,0.165248,747,391,864.245
888033900,1649.67,2615.92,1649.05,0.146374,736,390,864.22
888034200,1651.34,2619.75,1651.04,0.156006,744,389,864.2
888034500,1650.5,2580.05,1650.04,0.152593,738,390,864.18
888034800,1653.49,2707.86,1653.12,0.183775,737,280,864.155
888035100,1651.09,2594.95,1650.28,0.163873,745,387,864.13
888035400,1651.69,2615.48,1651.97,0.164578,748,391,864.11
888035700,1652.8,2601.58,1653.04,0.154853,746,390,864.09
888036000,1651.66,2546.77,1651.93,0.148529,737,387,864.065
888036300,1651.28,2530.79,1651.73,0.167895,740,384,864.04
888036600,1651.57,2608.05,1651.68,0.164082,742,390,864.02
888036900,1653.35,2675.34,1652.87,0.150504,743,389,864
888037200,1651.81,2702.56,1652.2,0.154514,739,392,863.92
888037500,1653.24,2710.37,1652.44,0.15735,742,388,863.885
888037800,1653.36,2579.86,1653.37,0.155617,756,390,863.85
888038100,1660.13,2917.95,1659.7,0.182504,742,266,863.745
888038400,1659.26,2934.62,1659.34,0.191567,741,272,863.71
888038700,1652.32,2611.15,1652.16,0.154072,744,396,863.68
888039000,1653.12,2594.98,1653.35,0.145452,739,393,863.65
888039300,1652.94,2601.73,1653.28,0.147163,740,388,863.615
888039600,1652.88,2631.2,1653.63,0.161469,738,393,863.475
888039900,1653.66,2693.99,1653.7,0.152692,747,388,863.305
888040200,1652.55,2658.14,1652.75,0.150336,731,389,863.24
888040500,1653.23,2713.88,1653.76,0.16987,736,390,863.24
888040800,1652.68,2683.82,1653.41,0.166207,740,389,863.255
888041100,1655.84,2935.43,1655.23,0.194872,744,293,863.285
888041400,1653.83,2658.91,1653.29,0.159047,731,387,863.32
888041700,1654.11,2653.7,1653.34,0.174331,741,390,863.355
888042000,1653.99,2596.27,1653.08,0.160274,735,384,863.39
888042300,1654.4,2608.18,1653.22,0.168781,748,392,863.425
888042600,1659.93,3014.77,1658.33,0.237114,745,187,863.455
888042900,1653.6,2688.47,1652.97,0.156473,753,389,863.49
888043200,1654.01,2665.93,1654.06,0.155213,750,386,863.525
888043500,1655.94,2668.94,1655.79,0.166854,745,389,863.56
888043800,1655.2,2597.16,1655.47,0.162239,740,384,863.595
888044100,1659.22,2961.82,1658.48,0.194323,745,309,863.63
888044400,1656.22,2660.47,1656.31,0.158037,743,390,863.62
888044700,1663.2,2943.86,1663.86,0.201165,708,271,863.56
888045000,1655.06,2661.93,1655.43,0.156378,749,388,863.505
888045300,1655.48,2583.54,1655.53,0.15588,752,392,863.45
888045600,1653.88,2709.38,1653.65,0.161684,745,391,863.39
888045900,1653.83,2669.22,1653.56,0.157175,739,390,863.335
888046200,1654.21,2633.34,1654.11,0.156988,742,384,863.28
888046500,1654.15,2575.95,1654.06,0.163893,748,392,863.22
888046800,1654.32,2467.81,1654.32,0.17086,745,389,863.165
888047100,1654.99,2501.41,1654.9,0.162117,745,386,863.11
888047400,1653.61,2554.39,1653.58,0.160787,748,385,863.05
888047700,1653.3,2468.77,1653.03,0.168466,744,380,862.995
888048000,1653.11,2598.98,1653.25,0.168188,739,380,862.965
888048300,1654.68,2471.39,1655.23,0.175659,751,387,862.96
888048600,1653.99,2562.04,1654.59,0.140976,746,387,862.955
888048900,1664.07,2954.59,1664.7,0.252395,743,132,862.95
888049200,1655.23,2521.14,1655.6,0.176661,741,392,862.945
888049500,1654.9,2484.66,1654.54,0.162471,736,384,862.94
888049800,1654.85,2465.21,1654.71,0.161322,738,383,862.94
888050100,1654.73,2627.44,1653.62,0.17218,751,387,862.935
888050400,1653.7,2587.64,1653.59,0.168961,744,385,862.93
888050700,1654.4,2536.15,1654.02,0.158129,744,385,862.925
888051000,1666.47,3138.83,1666.12,0.265286,749,124,862.92
888051300,1653.84,2605.54,1654.12,0.163172,745,386,862.92
888051600,1654,2569.46,1653.87,0.153276,754,386,862.92
888051900,1661.56,2774.89,1660.62,0.288315,752,99,862.925
888052200,1653.99,2552.19,1653.7,0.180296,745,387,862.935
888052500,1654.76,2607.54,1654.02,0.149393,741,386,862.94
888052800,1660.49,3043.04,1660.68,0.258091,751,125,862.945
888053100,1654.28,2583.26,1654.34,0.183064,750,382,862.955
888053400,1654.49,2571.18,1654.16,0.156868,746,386,862.96
888053700,1654.22,2669.65,1654.4,0.152246,746,386,862.965
888054000,1654.68,2682.5,1654.54,0.166671,745,385,862.975
888054300,1654.52,2582.11,1654.61,0.159362,756,382,862.98
888054600,1654.81,2667.34,1654.54,0.154447,741,383,862.985
888054900,1654.92,2616.73,1654.88,0.171204,744,388,862.995
888055200,1654.85,2664.1,1654.57,0.166962,742,381,863.01
888055500,1652.96,2565.02,1653.57,0.164525,747,389,863.035
888055800,1652.41,2562.41,1653.06,0.157283,751,382,863.065
888056100,1655.04,2625.58,1655.06,0.156274,743,383,863.09
888056400,1655.84,2644.78,1656.52,0.180414,737,390,863.115
888056700,1655.64,2520.69,1655.65,0.163453,748,382,863.145
888057000,1655.52,2669.99,1655.86,0.151183,753,384,863.17
888057300,1655.28,2642.73,1655.06,0.159195,751,387,863.195
888057600,1656.47,2651.49,1656.34,0.172487,745,380,863.225
888057900,1656.68,2660.01,1657.22,0.166522,740,389,863.25
888058200,1657.02,2704.5,1656.54,0.170845,749,386,863.275
888058500,1656.4,2672.78,1656.35,0.177517,750,387,863.305
888058800,1657.33,2627.62,1657.86,0.157572,743,388,863.35
888059100,1660.02,2809.66,1660.36,0.192911,747,294,863.45
888059400,1659.91,2743.16,1660.03,0.169632,744,391,863.555
888059700,1660.31,2742.7,1660.55,0.163154,739,382,863.625
888060000,1661.51,2793.3,1661.4,0.15259,747,386,863.66
888060300,1662.41,2697.01,1661.85,0.176505,738,370,863.66
888060600,1662.91,2613.4,1662.94,0.155229,755,390,863.655
888060900,1662.82,2672.54,1662.04,0.169569,748,386,863.635
888061200,1663.02,2720.81,1662.81,0.168607,744,387,863.6
888061500,1662.29,2781,1662.02,0.150102,749,386,863.575
888061800,1663.61,2728.75,1662.57,0.158345,742,380,863.6
888062100,1662.21,2673.02,1662.18,0.159785,738,381,863.63
888062400,1662.82,2786.78,1663.42,0.156739,739,385,863.655
888062700,1663.42,2717.2,1662.6,0.148831,741,384,863.63
888063000,1664.42,2728.4,1664.47,0.173827,738,382,863.61
888063300,1664.41,2753.76,1664.23,0.159964,733,381,863.64
888063600,1664.66,2653.93,1664.49,0.17201,738,387,863.635
888063900,1663.69,2674.47,1663.54,0.154758,737,378,863.65
888064200,1664.91,2831.57,1665.13,0.15178,742,384,863.665
888064500,1665.84,2790.49,1666.71,0.159019,728,382,863.66
888064800,1665.11,2653.36,1665.93,0.153958,743,387,863.705
888065100,1667.18,2671.45,1667.5,0.155003,744,389,863.795
888065400,1668.53,2788.85,1668.71,0.156698,731,383,863.805
888065700,1666.47,2812.09,1667.5,0.15555,736,382,863.815
888066000,1667.77,2687.53,1667.95,0.157294,732,381,863.87
888066300,1669.19,2821.36,1668.19,0.168701,740,385,863.88
888066600,1668.52,2703.66,1668.2,0.156177,733,381,863.885
888066900,1668.9,2627.75,1669.38,0.170244,725,384,863.855
888067200,1669.26,2695.21,1669.58,0.16868,737,380,863.78
888067500,1670.55,2810.82,1671.02,0.17561,726,372,863.76
888067800,1669.47,2668.79,1670.71,0.162099,728,373,863.81
888068100,1669.29,2744.06,1670.14,0.1615,729,383,863.755
888068400,1671.4,2628.72,1670.59,0.185423,721,379,863.7
888068700,1670.2,2622.15,1670.67,0.168925,725,382,863.695
888069000,1670.23,2648.86,1670.19,0.16136,728,378,863.66
888069300,1670.72,2575.78,1670.76,0.185229,728,369,863.695
888069600,1673.45,2932.65,1674.23,0.182126,715,283,863.71
888069900,1669.07,2781.97,1669.16,0.166068,729,357,863.675
888070200,1669.51,2640.96,1670.32,0.168982,724,377,863.645
888070500,1669.88,2551.87,1670.08,0.157185,730,382,863.615
888070800,1670.17,2695.81,1670.34,0.171172,731,382,863.58
888071100,1668.09,2826.24,1668.35,0.134887,734,388,863.545
888071400,1669.19,2755.1,1668.52,0.153922,722,388,863.515
888071700,1668.54,2717.17,1668.86,0.165693,727,383,863.485
888072000,1668.9,2679.84,1668.97,0.174537,734,389,863.45
888072300,1668,2839.82,1667.49,0.163873,720,380,863.415
888072600,1667.26,2756.98,1667.25,0.163231,729,387,863.385
888072900,1668.3,2696.99,1668.69,0.166818,739,390,863.355
888073200,1668.2,2909.51,1668.15,0.15454,730,389,863.325
888073500,1668.36,2729.8,1668.61,0.18233,735,394,863.295
888073800,1666.98,2739.34,1667.77,0.160332,743,396,863.27
888074100,1667.15,2870.33,1667.2,0.16108,740,398,863.245
888074400,1667.67,2811.86,1667.26,0.166205,738,396,863.22
888074700,1665.8,2952.81,1666.57,0.17018,736,387,863.195
888075000,1666.39,2927.13,1667.03,0.14709,730,385,863.165
888075300,1665.76,2752.84,1665.4,0.157552,729,391,863.14
888075600,1666.32,2817.52,1666.52,0.166095,741,391,863.115
888075900,1664.79,2724.45,1665.58,0.176519,746,381,863.09
888076200,1665.99,2767.29,1666.47,0.151925,738,383,863.065
888076500,1665.27,2869.7,1665.43,0.162379,734,394,863.04
888076800,1665.23,2912.83,1666.17,0.162038,729,385,862.96
888077100,1665.15,2910.47,1664.92,0.165696,743,387,862.86
888077400,1664.74,2905.85,1663.89,0.158921,743,386,862.795
888077700,1664.37,2703.84,1664.04,0.185323,735,391,862.725
888078000,1665.11,2913.71,1664.49,0.17228,734,388,862.655
888078300,1663.86,2800.11,1663.18,0.178241,732,385,862.62
888078600,1664.19,2830.77,1664.11,0.163109,736,381,862.585
888078900,1662.54,2657.92,1662.41,0.142814,740,393,862.49
888079200,1663.37,2621.35,1663.23,0.159164,745,391,862.47
888079500,1664.81,2723.85,1665.2,0.160786,734,389,862.525
888079800,1662.78,2708.27,1662.35,0.162602,749,396,862.51
888080100,1662.04,2788.07,1661.44,0.166085,742,392,862.385
888080400,1660.87,2693.34,1660.99,0.164968,733,384,862.285
888080700,1662.14,2615.38,1661.59,0.163228,732,389,862.28
888081000,1660.67,2614.93,1661.18,0.15332,748,393,862.29
888081300,1660.26,2583.79,1660.67,0.152259,741,388,862.285
888081600,1660.75,2618.29,1660.52,0.158291,739,389,862.265
888081900,1660.04,2556.44,1659.76,0.158027,748,394,862.215
888082200,1659.45,2616.25,1658.73,0.154999,752,392,862.175
888082500,1658.4,2485.62,1657.48,0.164882,748,390,862.15
888082800,1659.12,2540.51,1657.69,0.163619,733,392,862.12
888083100,1658.45,2561.09,1657.8,0.160452,733,391,862.09
888083400,1658.64,2523.08,1658.14,0.155721,739,393,862.025
888083700,1658.07,2535.46,1657.94,0.178251,746,396,861.841
888084000,1656.31,2602.04,1655.78,0.146152,748,396,861.67
888084300,1656.53,2583.88,1655.5,0.160302,738,392,861.63
888084600,1656.02,2469.11,1655.35,0.166003,742,398,861.595
888084900,1656.02,2481.06,1655.08,0.160486,737,396,861.56
888085200,1655.68,2473.56,1655.27,0.148097,734,393,861.52
888085500,1655.83,2356.8,1654.98,0.167329,739,387,861.485
888085800,1656.16,2616.68,1655.93,0.15835,735,394,861.45
888086100,1655.15,2515.95,1654.45,0.154745,749,397,861.41
888086400,1655.91,2671.5,1655.54,0.17011,733,397,861.375
888086700,1656.1,2684.38,1655.49,0.15872,733,391,861.34
888087000,1656.14,2569.44,1655.26,0.179263,747,393,861.3
888087300,1656.7,2638.64,1655.8,0.161692,744,392,861.265
888087600,1654.64,2496.48,1653.75,0.154706,728,386,861.175
888087900,1654.4,2590.84,1653.27,0.153303,739,398,861.105
888088200,1653.98,2604.33,1653.98,0.156091,736,393,861.11
888088500,1654.43,2671.58,1654.18,0.160882,734,392,861.08
888088800,1654.62,2624.17,1654,0.153455,741,393,860.985
888089100,1655.13,2650.03,1654.4,0.153502,749,393,860.885
888089400,1653.64,2583.53,1653.7,0.147734,757,393,860.81
888089700,1652.09,2649.21,1651.72,0.159442,743,390,860.73
888090000,1652.41,2642.45,1651.94,0.157217,755,398,860.685
888090300,1653.24,2540.13,1652.48,0.169281,752,397,860.685
888090600,1652,2610.29,1651.9,0.164473,744,397,860.62
888090900,1652.03,2568.92,1651.37,0.154506,746,394,860.585
888091200,1652.11,2640.53,1651.17,0.173407,750,395,860.615
888091500,1651.72,2668.38,1650.42,0.155664,742,394,860.61
888091800,1652.34,2693.81,1651.42,0.162767,745,398,860.61
888092100,1651.42,2656.93,1650.59,0.156728,746,399,860.605
888092400,1649.69,2672.4,1649.72,0.149214,742,395,860.6
888092700,1650.21,2677.06,1648.74,0.14351,745,400,860.6
888093000,1649.69,2720.58,1648.95,0.165676,735,389,860.595
888093300,1648.34,2742.02,1648.24,0.163535,744,384,860.59
888093600,1647.14,2597,1646.01,0.139972,735,394,860.59
888093900,1646.22,2602.21,1645.28,0.158375,745,392,860.585
888094200,1643.5,2628.59,1642.59,0.161272,752,397,860.58
888094500,1642.63,2647.48,1640.77,0.160985,749,397,860.58
888094800,1640.38,2686.57,1639.37,0.158516,730,394,860.685
888095100,1640.69,2768.64,1639.02,0.145761,733,395,860.82
888095400,1637.63,2724.44,1636.99,0.1552,721,391,860.86
888095700,1637.87,2729.48,1637.05,0.158288,718,392,860.895
888096000,1637.36,2728.93,1637.74,0.164434,729,395,860.965
888096300,1637.86,2732.08,1638.26,0.154794,725,385,861.11
888096600,1638.46,2690.76,1638.6,0.153017,724,395,861.414
888096900,1638.48,2650.5,1639.19,0.162529,725,394,861.555
888097200,1637.09,2767.71,1637.15,0.165635,728,393,861.181
888097500,1635.39,2770.45,1635.26,0.175103,711,384,861.179
888097800,1638.89,2905.92,1637.69,0.176884,707,377,861.525
888098100,1638.71,2840.13,1639.78,0.170936,709,383,861.68
888098400,1640.37,2774.24,1640.24,0.164564,721,364,861.8
888098700,1639.24,2787.34,1638.83,0.189978,715,383,861.954
888099000,1639.61,2820.25,1638.69,0.185699,721,386,862.18
888099300,1638.72,2850.64,1637.94,0.188475,735,394,862.32
888099600,1640.11,2734.15,1640.4,0.201022,731,391,862.49
888099900,1641.17,2695.78,1640.85,0.166576,732,394,862.67
888100200,1642.01,2801.25,1641.97,0.172346,723,383,862.82
888100500,1643.69,2807.52,1644.37,0.18959,727,391,862.92
888100800,1648.1,3088.17,1649.01,0.263557,717,191,862.985
888101100,1643.55,2779.84,1643.62,0.223537,715,381,862.92
888101400,1642.45,2751.95,1642.46,0.154447,726,389,862.685
888101700,1641.23,2738.48,1640.91,0.173468,735,394,862.55
888102000,1641.07,2769.58,1642.02,0.157837,736,387,862.55
888102300,1641.06,2659.11,1641.54,0.171576,732,390,862.62
888102600,1642.02,2560.08,1641.8,0.174742,732,389,862.835
888102900,1643.02,2514.98,1642.07,0.182896,745,391,863.154
888103200,1643.71,2514.56,1642.47,0.168398,732,381,863.335
888103500,1643.38,2561.04,1642.66,0.162682,728,381,863.41
888103800,1645.37,2616.68,1644.35,0.157053,734,382,863.48
888104100,1644.56,2608.23,1643.95,0.174075,733,388,863.615
888104400,1648.25,2574.94,1647.29,0.180738,725,382,863.924
888104700,1652.38,2858.7,1652.17,0.252152,720,184,864.235
888105000,1649.46,2673.43,1648.6,0.173037,743,372,864.47
888105300,1649.73,2826.09,1649.01,0.175361,743,380,864.675
887846400,1647.16,2717.09,1646.39,0.155711,760,394,866.04
887846700,1645.4,2421.85,1644.44,0.162584,714,384,866.11
887847000,1646.11,2390.54,1645.1,0.159824,705,367,866.25
887847300,1646.03,2350.44,1645.74,0.165098,704,371,866.35
887847600,1645.06,2332.22,1645.09,0.178538,701,372,866.315
887847900,1645.21,2237.52,1645.07,0.166746,710,380,866.35
887848200,1646.46,2264.61,1645.9,0.141412,710,373,866.485
887848500,1646.67,2308.29,1646.4,0.161458,696,378,866.59
887848800,1647.21,2326.43,1647.18,0.167618,694,369,866.69
887849100,1646.18,2374.9,1646.03,0.163502,700,375,866.755
887849400,1647,2338.04,1647.08,0.182706,713,375,866.79
887849700,1648.68,2300.35,1648.53,0.144889,721,374,866.79
887850000,1647.43,2458.05,1647.8,0.174436,719,376,866.79
887850300,1648.22,2437.74,1648.38,0.174785,707,378,866.825
887850600,1647.79,2449.72,1648.55,0.154949,710,383,866.93
887850900,1647.76,2524.85,1647.91,0.174486,715,380,867.03
887851200,1647.01,2331.02,1647.29,0.159738,707,382,867.065
887851500,1647.49,2252.67,1647.87,0.152906,706,382,867.035
887851800,1646.95,2286.03,1647.58,0.156382,706,375,867.04
887852100,1647.48,2192.37,1647.48,0.169215,709,373,867.085
887852400,1648.44,2186.67,1648.2,0.16385,702,369,867.165
887852700,1648.75,2273.21,1648.53,0.157794,710,376,867.28
887853000,1648.52,2220.24,1648.39,0.16033,721,373,867.365
887853300,1650.93,2462.98,1650.74,0.194287,709,208,867.41
887853600,1657.73,2518.99,1654.99,0.307187,721,99,867.485
887853900,1649.92,2293.07,1649.84,0.161508,716,381,867.6
887854200,1649.77,2282.77,1649.08,0.162567,711,383,867.71
887854500,1650.5,2332.08,1649.88,0.155585,729,382,867.675
887854800,1648.93,2298.53,1648.59,0.165311,719,380,867.605
887855100,1650.01,2402.02,1649.55,0.154222,721,383,867.605
887855400,1659.2,2479.84,1659.26,0.319517,728,104,867.535
887855700,1648.96,2363.84,1648.22,0.171277,729,387,867.47
887856000,1648.86,2336.4,1648.16,0.162876,728,383,867.405
887856300,1650.71,2379.33,1649.97,0.161416,730,387,867.405
887856600,1657.83,2748.29,1657.67,0.261603,733,139,867.405
887856900,1649.44,2384.77,1649.02,0.138981,742,389,867.3
887857200,1647.66,2375.07,1648.03,0.156017,735,383,867.22
887857500,1648.97,2427.46,1648.43,0.16638,736,393,867.205
887857800,1648.88,2468.88,1648.63,0.159668,735,382,867.195
887858100,1648.11,2425.55,1647.58,0.155047,729,386,867.185
887858400,1649.04,2454.7,1648.85,0.169232,725,386,867.175
887858700,1649.96,2506.64,1649.36,0.143584,730,389,867.165
887859000,1649.47,2383.23,1649.42,0.150854,727,382,867.155
887859300,1649.28,2392.2,1649.33,0.165425,739,388,867.145
887859600,1649.93,2264.75,1649.47,0.160962,739,384,867.135
887859900,1650.51,2346.39,1651.45,0.171528,728,379,867.125
887860200,1650.39,2336.95,1651.2,0.162162,734,368,867.115
887860500,1651.13,2456.57,1651.14,0.168482,728,380,867.105
887860800,1650.57,2454.1,1651.34,0.15517,737,389,867.065
887861100,1650.44,2436.39,1650.23,0.172778,729,380,867.065
887861400,1651.19,2507.15,1651.86,0.15911,732,382,867.075
887861700,1652.22,2455.38,1652.77,0.168461,743,384,867.1
887862000,1653.36,2419.11,1653.85,0.157599,736,384,867.085
887862300,1663.53,3072.08,1663.25,0.279954,738,114,866.99
887862600,1652.7,2528.76,1652.67,0.16016,740,384,866.965
887862900,1652.93,2503.58,1653.75,0.160016,743,382,866.97
887863200,1652.53,2479.18,1652.76,0.161437,740,384,866.975
887863500,1652.35,2410.84,1652.5,0.17918,738,384,866.94
887863800,1653.97,2418.2,1653.24,0.157448,746,392,866.935
887864100,1653.7,2476.91,1653.58,0.159007,739,385,866.94
887864400,1654.71,2722.05,1654.58,0.19108,740,303,866.905
887864700,1661.82,2722.5,1661.59,0.189289,740,264,866.87
887865000,1665.99,3203.36,1666.36,0.28586,743,106,866.805
887865300,1654.34,2476.1,1654.58,0.152787,745,385,866.74
887865600,1653.25,2480.08,1652.9,0.160829,732,386,866.705
887865900,1653.09,2567.07,1653.18,0.155726,738,381,866.63
887866200,1652.34,2516.32,1652.3,0.151083,740,387,866.495
887866500,1652.79,2473.29,1651.95,0.172892,744,387,866.43
887866800,1650.88,2357.96,1650.55,0.162777,744,386,866.36
887867100,1652.15,2459.36,1651.86,0.170957,736,384,866.33
887867400,1653.04,2420.67,1652.29,0.167952,735,387,866.335
887867700,1653.02,2519.04,1652.74,0.170775,736,385,866.335
887868000,1653.7,2399.18,1653,0.159067,741,383,866.37
887868300,1653.84,2386.58,1653.17,0.168221,735,387,866.375
887868600,1653.06,2410.39,1652.79,0.164417,733,382,866.38
887868900,1653.95,2392.63,1653.63,0.161613,742,384,866.385
887869200,1654.57,2387.98,1653.2,0.156234,733,376,866.39
887869500,1654.03,2464.63,1653.6,0.148974,739,383,866.395
887869800,1653.16,2466.89,1652.55,0.148656,739,387,866.405
887870100,1655.17,2515.19,1654.59,0.173216,740,390,866.41
887870400,1654.94,2349.88,1654.39,0.157531,737,383,866.415
887870700,1655.26,2552.25,1655.41,0.164307,725,382,866.42
887871000,1655.35,2462.28,1654.76,0.15716,739,385,866.425
887871300,1655.9,2453.66,1655.86,0.146434,739,386,866.435
887871600,1655.71,2387.47,1656.13,0.147022,746,384,866.425
887871900,1654.82,2472.36,1654.17,0.154472,737,387,866.395
887872200,1655.15,2526.96,1653.92,0.148105,738,384,866.365
887872500,1654.43,2761.82,1653.79,0.150614,742,381,866.335
887872800,1656.91,2756.84,1656.43,0.218317,732,224,866.305
887873100,1655.01,2546.38,1654.36,0.155008,733,375,866.28
887873400,1653.39,2409.74,1653.37,0.179847,734,381,866.255
887873700,1655.29,2514.89,1654.52,0.149872,749,387,866.225
887874000,1658,2822.82,1658.55,0.221924,734,224,866.195
887874300,1655.15,2517.85,1654.53,0.175979,735,386,866.165
887874600,1662.25,2709.56,1660.93,0.181886,669,270,866.135
887874900,1657.64,2613.7,1657.09,0.162014,726,341,866.11
887875200,1655.67,2560.58,1655.43,0.172544,743,389,866.1
887875500,1663.54,2588.61,1663.76,0.204969,737,258,866.1
887875800,1653.38,2748.36,1653.54,0.161969,744,389,866.1
887876100,1654.67,2496.19,1654.57,0.171109,741,394,866.1
887876400,1654.64,2461.8,1654.41,0.166422,740,386,866.1
887876700,1654.7,2506.62,1654.67,0.158765,742,383,866.1
887877000,1655.41,2420.54,1655.14,0.167716,734,382,866.1
887877300,1656.36,2508.19,1656.24,0.168589,738,385,866.1
887877600,1656.3,2573.42,1656.39,0.178022,739,384,866.1
887877900,1655.95,2552.11,1656.22,0.169374,742,383,866.1
887878200,1664.14,2669.49,1664.49,0.315487,751,86,866.1
887878500,1656.42,2560.9,1656.55,0.169681,742,377,866.1
887878800,1654.9,2438.27,1655.03,0.169441,742,379,866.09
887879100,1655.82,2446.55,1656.27,0.174203,736,389,866.07
887879400,1659.67,2435.41,1658.87,0.173938,739,314,866.05
887879700,1655.84,2394.47,1655.43,0.154304,740,390,866.035
887880000,1659.1,2409.45,1658.39,0.182285,732,309,866.02
887880300,1656.27,2485.02,1656.71,0.157549,738,388,866
887880600,1655.55,2418.94,1655.63,0.149765,746,383,865.98
887880900,1656.18,2445.19,1655.96,0.168557,740,389,865.965
887881200,1656.4,2351.52,1655.96,0.143762,744,381,865.95
887881500,1656.31,2411.42,1655.69,0.173566,746,387,865.93
887881800,1656.12,2495.38,1656.93,0.160572,741,390,865.91
887882100,1656.03,2367.7,1656.41,0.162494,747,389,865.895
887882400,1655.64,2446.71,1656.2,0.162372,736,388,865.915
887882700,1660.95,2471.22,1659.7,0.211741,735,185,865.97
887883000,1655.04,2465.24,1655.16,0.160618,739,383,866.03
887883300,1656.36,2403.45,1656.35,0.1655,748,392,866.085
887883600,1661.98,2453.93,1662.79,0.184948,741,258,866.14
887883900,1666.32,2706.89,1665.74,0.259034,733,113,866.2
887884200,1656.85,2417.09,1655.78,0.178264,727,385,866.255
887884500,1657.46,2436.4,1657.54,0.163211,731,382,866.31
887884800,1655.78,2466.24,1656.38,0.156506,732,382,866.37
887885100,1656.26,2393.78,1655.81,0.160081,738,382,866.425
887885400,1657.64,2457.94,1657.1,0.161693,741,383,866.48
887885700,1657.98,2447.12,1657.42,0.1778,740,380,866.54
887886000,1657.41,2392.44,1658.2,0.160681,739,380,866.575
887886300,1658.37,2478.19,1658.9,0.173317,737,383,866.585
887886600,1658.26,2413.16,1658.06,0.161252,748,382,866.595
887886900,1659.57,2729.75,1659.39,0.170658,749,305,866.605
887887200,1658.7,2441.9,1658.98,0.160136,744,388,866.615
887887500,1659.82,2489.18,1659.62,0.161861,741,384,866.625
887887800,1659.52,2467.46,1659.28,0.164554,738,384,866.635
887888100,1660.22,2488.23,1660.59,0.161664,735,386,866.645
887888400,1661.92,2553.72,1661.96,0.18439,720,385,866.655
887888700,1661.98,2586.55,1662.32,0.158095,723,384,866.665
887889000,1662.75,2573.48,1662.11,0.165894,724,379,866.675
887889300,1663.21,2583.9,1662.56,0.153552,735,382,866.685
887889600,1663.15,2580.41,1663.26,0.183888,733,377,866.69
887889900,1663.39,2589.44,1662.67,0.161622,727,372,866.645
887890200,1665.54,2761.92,1665.48,0.159004,734,374,866.59
887890500,1667.02,2659.78,1667.27,0.169568,738,380,866.595
887890800,1667.1,2626.71,1667.54,0.166836,717,368,866.675
887891100,1671.52,2552.67,1670.97,0.192846,722,302,866.77
887891400,1672.05,2654.38,1672.06,0.182113,723,301,866.8
887891700,1669.36,2617.72,1669.58,0.165386,735,374,866.8
887892000,1670.38,2746.02,1670.45,0.159886,731,377,866.81
887892300,1670.81,2683.33,1670.83,0.16087,731,376,866.77
887892600,1671.18,2646.28,1671.15,0.158067,733,376,866.715
887892900,1671.08,2535.54,1670.88,0.156519,722,373,866.71
887893200,1671.99,2489.25,1672.05,0.171819,716,372,866.7
887893500,1672.84,2625.2,1671.95,0.169529,719,372,866.68
887893800,1670.22,2572.02,1669.83,0.162687,718,372,866.66
887894100,1671.16,2514.82,1671.52,0.165599,714,372,866.64
887894400,1671.73,2625.46,1672.84,0.182855,705,372,866.62
887894700,1672.38,2661.48,1673.4,0.179171,713,376,866.605
887895000,1673.2,2626.26,1674.39,0.176486,716,373,866.59
887895300,1672.8,2710.66,1673.64,0.176301,708,375,866.57
887895600,1672.69,2553.66,1672.22,0.153021,709,365,866.55
887895900,1674.09,2587.74,1673.66,0.172189,711,371,866.53
887896200,1674.17,2630.99,1674.01,0.179335,716,370,866.51
887896500,1674.23,2694.07,1673.83,0.16439,708,372,866.495
887896800,1672.3,2577.71,1672.49,0.172526,717,379,866.475
887897100,1672.89,2562.88,1673.18,0.165876,709,374,866.45
887897400,1673.52,2594.27,1673.37,0.163169,715,383,866.43
887897700,1673.35,2538.48,1673.57,0.179072,719,373,866.405
887898000,1675.88,2528.64,1675.96,0.167676,717,373,866.38
887898300,1673.39,2550.05,1673.89,0.170121,707,368,866.36
887898600,1674.78,2552.27,1675.3,0.158444,716,369,866.335
887898900,1674.33,2700.35,1674.48,0.179511,722,372,866.31
887899200,1673.4,2611.94,1673.15,0.149306,722,379,866.29
887899500,1673.4,2565.03,1673.92,0.161947,728,376,866.265
887899800,1672.99,2562.67,1673.68,0.162293,717,376,866.24
887900100,1671.64,2608.89,1672.2,0.166735,715,379,866.22
887900400,1670,2798.83,1671.2,0.168818,720,375,866.21
887900700,1670.29,2641.19,1671.45,0.164503,734,382,866.21
887901000,1672.63,2727.45,1673.32,0.171419,732,386,866.175
887901300,1672.25,2794.06,1673.11,0.175884,724,377,866.105
887901600,1671.1,2749.2,1672,0.168653,726,373,866.06
887901900,1669.72,2721.55,1670.48,0.168418,724,386,866
887902200,1667.69,2682.5,1667.94,0.164637,722,377,865.945
887902500,1668.72,2659.79,1668.68,0.165376,724,379,865.865
887902800,1674.75,2911.11,1674.52,0.233665,723,166,865.755
887903100,1667.76,2519.04,1667.96,0.167829,730,380,865.72
887903400,1666.78,2539.15,1667.13,0.148297,728,389,865.685
887903700,1665.31,2603.87,1665.39,0.16721,720,380,865.615
887904000,1665.92,2638.69,1665.51,0.16038,734,389,865.51
887904300,1665.86,2624.01,1665.81,0.158953,724,385,865.41
887904600,1665.71,2561.76,1665.09,0.162591,734,394,865.345
887904900,1664.12,2446.09,1663.5,0.172173,730,386,865.24
887905200,1663.2,2541,1663.83,0.17345,726,389,865.14
887905500,1663.5,2479.27,1662.86,0.173001,725,385,865.11
887905800,1662.51,2381.26,1662.17,0.174444,737,391,865.005
887906100,1661.25,2275.29,1661.78,0.144301,736,393,864.9
887906400,1661.87,2294.12,1661,0.150951,741,392,864.9
887906700,1660.83,2342.93,1659.02,0.154629,737,389,864.865
887907000,1659,2187.95,1658.15,0.16084,746,395,864.765
887907300,1658.59,2189.33,1658.56,0.168572,752,397,864.665
887907600,1657.83,2226.12,1657.75,0.150184,738,391,864.63
887907900,1657.39,2292.61,1657.83,0.169584,747,391,864.63
887908200,1656.71,2276.53,1657.1,0.163683,751,393,864.63
887908500,1656.37,2250.11,1656.57,0.153226,744,397,864.7
887908800,1656.46,2352.67,1656.21,0.141074,736,399,864.71
887909100,1655.15,2323.21,1655.03,0.14554,743,398,864.69
887909400,1655.06,2410.12,1654.68,0.142235,746,400,864.705
887909700,1653.7,2329.13,1653.98,0.150563,750,402,864.675
887910000,1653.72,2304.65,1653.79,0.153645,759,404,864.635
887910300,1653.14,2334.16,1652.82,0.157338,752,403,864.56
887910600,1651.58,2365.84,1651.17,0.153696,752,401,864.52
887910900,1649.38,2409.41,1649.17,0.150185,743,397,864.46
887911200,1649.98,2344.43,1649.64,0.142722,747,402,864.4
887911500,1649.98,2363.37,1649.73,0.158074,754,399,864.335
887911800,1648.79,2323.76,1648.61,0.152491,750,404,864.26
887912100,1647.83,2363.12,1647.5,0.153564,751,405,864.175
887912400,1648.37,2398.79,1648.02,0.161063,750,399,864.095
887912700,1648.26,2368.2,1647.99,0.14706,747,406,864.065
887913000,1648.53,2495.78,1648.81,0.172016,755,401,864
887913300,1647.09,2263.62,1647.71,0.137581,757,402,863.96
887913600,1649.05,2504.35,1648.94,0.152366,758,402,863.9
887913900,1648.19,2458,1647.81,0.150506,736,399,863.835
887914200,1649.44,2539.81,1648.99,0.150782,755,401,863.805
887914500,1648.96,2692.98,1648.96,0.144464,754,407,863.74
887914800,1648.22,2600.52,1648.49,0.160447,750,401,863.695
887915100,1649.41,2872.19,1649.69,0.154302,751,397,863.685
887915400,1648.74,2852.93,1649.54,0.155669,758,400,863.68
887915700,1649.64,2804.8,1649.45,0.170459,741,394,863.675
887916000,1649.81,2750.85,1650.17,0.161022,749,398,863.67
887916300,1650.34,2749.3,1651.07,0.157727,751,399,863.665
887916600,1650.57,2727.53,1651.77,0.153132,760,392,863.655
887916900,1649.89,2680.59,1650.59,0.17284,756,399,863.65
887917200,1649.47,2692,1650.42,0.153111,750,400,863.645
887917500,1649.87,2761.93,1650.23,0.149294,752,400,863.64
887917800,1651.45,2795.7,1651.48,0.150996,753,399,863.635
887918100,1651.15,2875.81,1651.33,0.166039,755,403,863.63
887918400,1650.32,2973.66,1650.7,0.146653,750,400,863.63
887918700,1651.12,3015.08,1650.76,0.160815,759,401,863.56
887919000,1649.96,2883.25,1649.55,0.165071,744,398,863.425
887919300,1649.93,2732.92,1649.9,0.157313,748,402,863.365
887919600,1650.78,2886.89,1651.44,0.172952,735,394,863.3
887919900,1650.44,2870.22,1650.67,0.160042,744,393,863.165
887920200,1650.6,2996,1651.33,0.171262,736,398,862.995
887920500,1650.45,3007.19,1652.32,0.146535,748,404,862.96
887920800,1652.07,2967.94,1652.72,0.156808,742,399,862.995
887921100,1653.95,3446.11,1655.22,0.22715,746,236,862.925
887921400,1651.96,2913.71,1652.66,0.152132,749,404,862.855
887921700,1651.16,2775.38,1652.06,0.167758,750,405,862.925
887922000,1652.49,2783.63,1652.71,0.151625,746,403,863.05
887922300,1652.32,2820.78,1652.83,0.156129,744,403,863.095
887922600,1652.02,2837.21,1652.36,0.152032,749,408,863.14
887922900,1652.43,2757.65,1652.32,0.167743,745,401,863.185
887923200,1651.65,2615.48,1651.96,0.145083,758,408,863.23
887923500,1652.24,2764.88,1651.61,0.135624,747,399,863.275
887923800,1652.17,2699,1651.83,0.148713,743,402,863.325
887924100,1650.52,2668.25,1651.05,0.145395,743,401,863.37
887924400,1649.48,2635.74,1649.67,0.165187,737,399,863.415
887924700,1649.02,2709.32,1649.97,0.140153,739,399,863.46
887925000,1649.65,2680.55,1649.56,0.15734,746,395,863.505
887925300,1647.57,2627.92,1647.38,0.149227,740,398,863.555
887925600,1648.48,2612.96,1647.84,0.154705,734,401,863.62
887925900,1647.55,2628.52,1647.23,0.148863,745,400,863.635
887926200,1646.83,2674.1,1647.1,0.156621,751,400,863.645
887926500,1648.3,2832,1648.51,0.190584,741,237,863.68
887926800,1646.38,2614.45,1646.51,0.160054,753,397,863.72
887927100,1650.2,2996.06,1649.99,0.200268,748,223,863.795
887927400,1644.08,2666.21,1644.42,0.157081,750,399,863.93
887927700,1646.04,2693.77,1646.3,0.162316,740,401,864.404
887928000,1647.58,2658.62,1648.01,0.14856,732,393,864.915
887928300,1649.62,2705.72,1649.18,0.16152,747,399,865.19
887928600,1651.2,2732.21,1651.24,0.175299,740,401,865.614
887928900,1650.76,2840.43,1650.93,0.159889,735,396,866.04
887929200,1651.22,2786.26,1650.97,0.147764,735,397,866.115
887929500,1650.43,2627.09,1650.47,0.178504,737,402,866.085
887929800,1649.52,2620.21,1649.85,0.152558,739,398,866.055
887930100,1647.12,2415.91,1647.12,0.149748,739,398,865.995
887930400,1648.19,2661.38,1646.95,0.155522,745,402,866.065
887930700,1647.59,2658.67,1647.33,0.154315,746,401,866.14
887931000,1647.44,2606.76,1647.16,0.158093,742,397,866.2
887931300,1646.94,2511.94,1646.38,0.152296,741,400,866.22
887931600,1646.21,2506.36,1645.75,0.177056,726,389,866.195
887931900,1647.05,2467.06,1646.89,0.158416,732,393,866.205
887932200,1646.7,2500.81,1646.89,0.167909,745,397,866.285
887932500,1647.5,2418.76,1647.5,0.167722,744,400,866.29
888105600,1646.57,2938.61,1646.3,0.170749,765,393,864.815
888105900,1648.25,2799.99,1647.8,0.155949,733,383,864.92
888106200,1649.37,2698.34,1649.08,0.156487,724,380,865.06
888106500,1650.12,2734.27,1649.99,0.164425,722,389,865.2
888106800,1650.68,2745.5,1651.08,0.168885,724,384,865.28
888107100,1652.24,2718.32,1652.41,0.167239,734,385,865.325
888107400,1652.23,2656.41,1652.98,0.174044,727,385,865.39
888107700,1652.27,2675.49,1653.16,0.185722,736,382,865.455
888108000,1653.15,2700.6,1653.16,0.169964,726,384,865.455
888108300,1652.08,2683,1652.25,0.152684,739,385,865.39
888108600,1660.88,2978.57,1661.76,0.18884,731,261,865.325
888108900,1652.32,2614.85,1652.45,0.172147,733,378,865.29
888109200,1653.21,2749.19,1653.07,0.168807,738,382,865.275
888109500,1662.62,3175.04,1662.53,0.184735,735,263,865.245
888109800,1654.38,2805.54,1654.34,0.157178,736,379,865.215
888110100,1661.35,2995.9,1660.8,0.179283,744,261,865.185
888110400,1653.29,2677.16,1653.92,0.166425,738,394,865.155
888110700,1653.26,2666.86,1653.57,0.159936,741,389,865.13
888111000,1652.55,2589.36,1652.55,0.160307,745,391,865.105
888111300,1671.03,2827.56,1671.49,0.212437,746,188,865.075
888111600,1652.4,2638.98,1653.04,0.156179,743,389,865.045
888111900,1652.65,2537.69,1652.66,0.144543,744,389,865.015
888112200,1652.56,2520.09,1652.08,0.165347,747,388,864.985
888112500,1652.76,2569.98,1652.92,0.147465,749,391,864.96
888112800,1652.54,2525.25,1652.58,0.164898,743,389,865.015
888113100,1651.51,2685.61,1651.88,0.154704,747,384,865.015
888113400,1652.13,2706.84,1652.02,0.161713,760,387,864.88
888113700,1660.93,2745.16,1660.98,0.19279,753,266,864.88
888114000,1669.44,2513.04,1670.33,0.223279,738,192,864.845
888114300,1669.37,2510.22,1669.69,0.23132,678,194,864.64
888114600,1660.18,2764.52,1660.29,0.182776,738,269,864.44
888114900,1659.53,2731.98,1659.53,0.197731,748,263,864.235
888115200,1659.38,2632.26,1659.7,0.180701,744,267,864.13
888115500,1664.02,3119.84,1664.28,0.233628,675,185,864.095
888115800,1660.27,2790.89,1660.16,0.207828,751,265,863.995
888116100,1651.25,2541.78,1650.77,0.155261,753,394,863.86
888116400,1651.34,2562.76,1651.25,0.141254,761,395,863.8
888116700,1651.23,2605.68,1650.81,0.174176,761,395,863.82
888117000,1659.62,3008.63,1659.86,0.191976,750,271,863.845
888117300,1658.76,2982.88,1659.12,0.169569,750,271,863.87
888117600,1652.58,2579.08,1652.75,0.159322,751,397,863.89
888117900,1653.71,2502.35,1653.5,0.160876,753,395,863.915
888118200,1653.81,2515.96,1653.81,0.159442,757,392,863.94
888118500,1652.24,2663.86,1652.31,0.16283,744,392,863.96
888118800,1652.56,2633.7,1652.02,0.156146,750,398,863.985
888119100,1654.4,2603.57,1654.17,0.164983,752,391,864.01
888119400,1653.53,2594.93,1653.61,0.144605,750,396,864.03
888119700,1663.94,2663.35,1665.86,0.507513,747,39,864.055
888120000,1653.06,2569.19,1652.77,0.145984,753,397,864.075
888120300,1653.91,2572.75,1653.46,0.16701,748,397,864.085
888120600,1654.22,2625.23,1653.55,0.156822,751,391,864.095
888120900,1654.27,2543.92,1653.98,0.144488,744,391,864.105
888121200,1654.55,2586.72,1653.49,0.157982,746,397,864.115
888121500,1655.13,2530.49,1654.39,0.153106,767,399,864.13
888121800,1655.35,2502.46,1654.73,0.160515,759,396,864.145
888122100,1659.03,2468.37,1659.31,0.199798,760,192,864.155
888122400,1656.15,2582.56,1655.92,0.165783,755,394,864.165
888122700,1655.09,2513.7,1654.87,0.17098,759,399,864.175
888123000,1655.36,2566.2,1655.18,0.153847,749,404,864.185
888123300,1655.27,2584.87,1655.08,0.149868,763,397,864.2
888123600,1654.9,2520.68,1654.67,0.15133,757,393,864.075
888123900,1658.33,2713.96,1658.34,0.242102,751,173,863.94
888124200,1654.3,2515.33,1654.9,0.147301,754,400,863.87
888124500,1654.13,2499.26,1654.23,0.168433,753,393,863.735
888124800,1652.67,2531.11,1653.43,0.156086,752,393,863.635
888125100,1663.84,2510.91,1665.32,0.441681,759,50,863.53
888125400,1653.21,2554.65,1653.26,0.152078,755,390,863.425
888125700,1653.17,2478.1,1653.08,0.158358,758,399,863.425
888126000,1653.24,2509.77,1652.84,0.148311,764,395,863.36
888126300,1652.84,2492.15,1652.59,0.158571,748,397,863.19
888126600,1652.45,2572.19,1652.81,0.161696,764,401,863.12
888126900,1651.78,2437.01,1651.91,0.137741,758,397,862.985
888127200,1651.21,2499.82,1651.2,0.144543,757,393,862.835
888127500,1651.67,2448.97,1651.37,0.138898,761,397,862.81
888127800,1652.14,2470.07,1652.03,0.157669,767,392,862.79
888128100,1651.34,2427.35,1650.64,0.150875,759,395,862.77
888128400,1651.47,2460.91,1650.63,0.15088,750,390,862.745
888128700,1651.76,2397.15,1651.13,0.168004,757,401,862.72
888129000,1650.71,2482.99,1650.12,0.164707,757,401,862.7
888129300,1654.19,2915.78,1653.61,0.224155,759,208,862.68
888129600,1650.48,2543.46,1650.29,0.156291,760,395,862.655
888129900,1650.72,2448.11,1650.63,0.163353,766,398,862.63
888130200,1651.78,2470.72,1651.08,0.165074,756,398,862.61
888130500,1651.81,2483.48,1651.72,0.160486,760,401,862.59
888130800,1651.87,2535.06,1651.34,0.138149,755,396,862.57
888131100,1652.32,2467.24,1651.88,0.15625,760,392,862.555
888131400,1652.17,2531.03,1651.65,0.157088,756,389,862.545
888131700,1652.32,2412.19,1652.55,0.163107,750,387,862.535
888132000,1653.01,2542.9,1651.99,0.162915,752,401,862.525
888132300,1651.87,2545.47,1650.69,0.153155,751,393,862.515
888132600,1659.71,3082.37,1659.67,0.19743,753,265,862.5
888132900,0,0,0,0,731,0,862.485
888133200,1653.01,2559.42,1652.76,0.151228,753,395,862.475
888133500,1653.25,2613.52,1653.45,0.15304,756,394,862.465
888133800,1651.87,2540.35,1651.5,0.139959,753,387,862.455
888134100,1651.07,2579.81,1651.54,0.152488,742,388,862.445
888134400,1652.71,2623.62,1653.04,0.145668,733,389,862.405
888134700,1651.75,2706.4,1652.2,0.161357,750,392,862.37
888135000,1651.64,2632.33,1651.85,0.176835,740,389,862.335
888135300,1660.16,2987.11,1660.5,0.195913,745,263,862.27
888135600,1652.21,2676.7,1652.55,0.161712,752,387,862.25
888135900,1651.51,2622.79,1651.5,0.158084,754,393,862.16
888136200,1650.4,2517.38,1650.69,0.163414,749,389,862.105
888136500,1651.5,2460.11,1651.72,0.158921,761,390,862.195
888136800,1651.91,2531.43,1651.71,0.172411,760,398,862.245
888137100,1650.48,2538.54,1650.5,0.163048,752,390,862.255
888137400,1650.37,2658.38,1650.36,0.155441,753,395,862.26
888137700,1651.11,2682.96,1651.16,0.160589,754,397,862.295
888138000,1651.35,2665.56,1651.51,0.178583,754,394,862.335
888138300,1652.92,2555.1,1652.48,0.161497,754,397,862.35
888138600,1651.81,2501.01,1650.82,0.157881,753,391,862.37
888138900,1651.94,2570.22,1651.67,0.144818,753,394,862.385
888139200,1657.37,2463.54,1656.46,0.288578,764,94,862.4
888139500,1650.56,2423.65,1650.64,0.148007,759,395,862.42
888139800,1651.29,2558.28,1651.05,0.150623,753,392,862.435
888140100,1651.65,2591.66,1651.85,0.157698,756,392,862.45
888140400,1652.16,2553.78,1652.83,0.16228,764,392,862.47
888140700,1652.19,2554.68,1651.72,0.16133,762,393,862.485
888141000,1650.52,2505.1,1650.4,0.15713,764,395,862.5
888141300,1650.28,2589.26,1650.55,0.160452,759,396,862.52
888141600,1651.02,2528.28,1651.05,0.167703,764,392,862.545
888141900,1651.11,2422.19,1651.02,0.159266,761,396,862.575
888142200,1658.68,2749.83,1658.75,0.174126,761,269,862.61
888142500,1657.96,2794.07,1658.44,0.193639,757,267,862.645
888142800,1651.24,2516.64,1650.41,0.147239,765,401,862.68
888143100,1651.42,2477.59,1651.02,0.160365,768,394,862.715
888143400,1651.88,2552.99,1651.83,0.158792,759,394,862.745
888143700,1652.08,2482.33,1652.34,0.163704,753,398,862.78
888144000,1652.96,2515.79,1652.66,0.144316,763,400,862.815
888144300,1652.03,2401.3,1652.14,0.164046,755,395,862.85
888144600,1653.76,2505,1652.7,0.143124,748,390,862.885
888144900,1652.88,2471.26,1652.37,0.157471,759,396,862.92
888145200,1655.55,2586.57,1655.07,0.145934,762,396,863.04
888145500,1655.74,2529.25,1655.59,0.15307,754,390,863.14
888145800,1657.15,2608.73,1656.24,0.15256,751,389,863.14
888146100,1658.68,2771.75,1658.27,0.175377,753,309,863.175
888146400,1657.73,2722.4,1657.93,0.144642,754,390,863.19
888146700,1666.54,3037.89,1667.26,0.185757,749,269,863.15
888147000,1659.62,2563.4,1659.13,0.155129,766,392,863.16
888147300,1660.99,2653.43,1660.73,0.157424,745,384,863.225
888147600,1661.72,2723.66,1661.74,0.169962,758,387,863.285
888147900,1661.76,2672.37,1661.52,0.171984,759,396,863.315
888148200,1662.3,2723.44,1662.19,0.147342,763,392,863.32
888148500,1663.11,2661.02,1662.32,0.160356,767,395,863.32
888148800,1663.4,2580.11,1662.79,0.155395,749,389,863.315
888149100,1663.57,2729.41,1663.86,0.170225,746,387,863.31
888149400,1666.05,2962.57,1666.09,0.187848,759,305,863.305
888149700,1666,2768.16,1666.21,0.161362,761,396,863.3
888150000,1667.15,2716.11,1666.18,0.164872,747,388,863.295
888150300,1667.8,2752.27,1666.11,0.171865,755,392,863.29
888150600,1666.39,2639.04,1665.88,0.15358,751,387,863.285
888150900,1666.86,2690.24,1666.05,0.153398,743,388,863.28
888151200,1668.99,2807.08,1667.97,0.162502,746,389,863.275
888151500,1668.24,2596.56,1667.89,0.18184,746,381,863.27
888151800,1668.08,2674.04,1667.97,0.160143,731,385,863.265
888152100,0,0,0,0,726,0,863.26
888152400,1669.2,2669.32,1669.41,0.156166,743,383,863.255
888152700,1669.69,2625.21,1669.72,0.171656,754,381,863.25
888153000,1671.44,2707.69,1672.15,0.151182,745,385,863.25
888153300,1670.27,2712.89,1671.1,0.16298,750,388,863.245
888153600,1670.32,2728.13,1670.84,0.161109,755,388,863.24
888153900,1670.85,2707.32,1670.19,0.165483,755,381,863.24
888154200,1673.13,2628.62,1673.11,0.174279,747,382,863.235
888154500,1673.04,2656.85,1672.01,0.167421,733,385,863.23
888154800,1671.4,2677.35,1670.72,0.178533,730,378,863.23
888155100,1672.51,2842.96,1671.93,0.160109,737,386,863.225
888155400,1671.63,2669.9,1671.41,0.162945,726,384,863.22
888155700,1673.24,2662.33,1672.64,0.180715,751,386,863.22
888156000,1672.63,2637.79,1673.01,0.166039,743,376,863.205
888156300,1674.11,2662.07,1673.44,0.177448,738,379,863.18
888156600,1673.62,2698.63,1673.28,0.20559,718,376,863.16
888156900,1673.75,2697.09,1674.23,0.1708,715,377,863.14
888157200,1673.45,2802.16,1673.55,0.15659,719,372,863.12
888157500,1673.49,2751.52,1674.18,0.155684,740,384,863.1
888157800,1674.82,2701.75,1675.1,0.170837,735,376,863.075
888158100,1675.11,2806.45,1675.71,0.156606,734,382,863.05
888158400,1675.73,2936.97,1676.21,0.153166,735,375,863.03
888158700,1675.29,2793.51,1675.75,0.151747,742,386,863.01
888159000,1675.08,2856.13,1676.07,0.195339,717,373,862.99
888159300,1673.81,2779.28,1674.47,0.172549,732,376,862.97
888159600,1673.06,2779.89,1673.28,0.155289,748,384,862.796
888159900,1672.87,2673.18,1673.52,0.162881,758,386,862.61
888160200,1674.76,2794.38,1675.27,0.152817,750,387,862.57
888160500,1673.27,2761.41,1674.02,0.152183,739,385,862.53
888160800,1672.44,2920.41,1672.66,0.177098,748,385,862.49
888161100,1671.33,2665.94,1671.56,0.166699,737,378,862.45
888161400,1671.66,2860.36,1671.25,0.161315,745,373,862.405
888161700,1671.05,2814.77,1671.6,0.149843,737,379,862.36
888162000,1670.19,2768.13,1670.71,0.156083,732,379,862.32
888162300,1671.99,2713.88,1671.79,0.176634,737,383,862.28
888162600,1670.17,2849.78,1670.07,0.148755,737,385,862.24
888162900,1669.44,2716.56,1669.16,0.157417,743,385,862.2
888163200,1668.45,2590.61,1668.87,0.162813,719,379,862.16
888163500,1667.42,2697.88,1666.89,0.160925,730,383,862.12
888163800,1666.16,2660.07,1665.94,0.168123,732,380,862.08
888164100,1664.88,2508.07,1664.57,0.178261,739,388,862.04
888164400,1665.73,2600.7,1665.03,0.170591,718,373,862
888164700,1664.38,2582.6,1663.84,0.148006,741,390,861.96
888165000,1663.87,2682.9,1663.27,0.16253,746,393,861.915
888165300,1663.92,2553.3,1663.55,0.158318,762,392,861.87
888165600,1663.94,2648.64,1663.62,0.165744,752,396,861.83
888165900,1663.86,2527.61,1662.83,0.170513,750,393,861.79
888166200,1663.03,2487.55,1662.24,0.165711,754,396,861.75
888166500,1663.11,2556.17,1663.3,0.158692,753,390,861.71
888166800,1662.31,2623.96,1661.68,0.164008,759,391,861.67
888167100,1662.13,2596.27,1661.4,0.163404,752,395,861.65
888167400,1661.87,2688.17,1662.04,0.164075,752,398,861.615
888167700,1662.17,2535.06,1662.81,0.154627,752,394,861.545
888168000,1661.1,2487.17,1661.53,0.158191,759,396,861.475
888168300,1660.46,2477.63,1661.21,0.159192,761,385,861.44
888168600,1660.93,2374.12,1661.57,0.162627,747,397,861.41
888168900,1660.04,2392.75,1660.31,0.160325,759,397,861.345
888169200,1659.82,2372.2,1659.95,0.159754,752,398,861.305
888169500,1658.05,2415.64,1658.05,0.154108,757,402,861.195
888169800,1658.07,2521.04,1657.5,0.158193,758,397,861.16
888170100,1658.11,2563.17,1657.91,0.150133,762,403,861.23
888170400,1658.23,2579.95,1658.03,0.145623,759,399,861.195
888170700,1657.64,2543.09,1657.18,0.139976,761,404,861.125
888171000,1656.1,2507.96,1655.9,0.150871,759,403,861.06
888171300,1656.37,2517.71,1655.59,0.156873,746,398,861.03
888171600,1657.17,2581.87,1656.48,0.15787,759,405,860.96
888171900,1656.17,2552.8,1655.8,0.161129,757,398,860.89
888172200,1655.93,2427.86,1655.92,0.144628,750,397,860.855
888172500,1655.14,2443.65,1655.6,0.151796,749,402,860.785
888172800,1655.99,2455.28,1655.63,0.159428,758,406,860.715
888173100,1656.01,2557.53,1655.3,0.14972,761,407,860.685
888173400,1656.46,2494.08,1656.47,0.164198,761,403,860.65
888173700,1654.32,2492.13,1654.59,0.166526,765,405,860.56
888174000,1653.48,2441.87,1653.31,0.164244,756,401,860.48
888174300,1653.74,2438.85,1653.45,0.154327,757,402,860.425
888174600,1652.98,2451.6,1653.21,0.148701,766,406,860.375
888174900,1652.65,2477.85,1652.99,0.156988,763,409,860.325
888175200,1651.3,2425.98,1652.37,0.157544,763,403,860.27
888175500,1651.53,2306.71,1652.04,0.165539,753,403,860.215
888175800,1650.3,2436.6,1650.81,0.159875,761,405,860.165
888176100,1650.69,2437.98,1651.2,0.156564,763,402,860.115
888176400,1650.55,2386.76,1651.16,0.168024,764,403,860.06
888176700,1649.56,2319.59,1650.3,0.161405,754,404,860.005
888177000,1648.91,2345.39,1649.03,0.144604,754,408,859.955
888177300,1647.36,2326.38,1648.13,0.145319,762,405,859.905
888177600,1647.37,2300.83,1648.04,0.158714,761,405,859.875
888177900,1646.91,2345.39,1648.06,0.150211,751,402,859.865
888178200,1648.44,2241.25,1648.39,0.154886,756,406,859.82
888178500,1647.77,2326.16,1648.13,0.150541,774,405,859.735
888178800,1645.45,2311.17,1646.07,0.148846,763,403,859.685
888179100,1645.94,2339.59,1645.93,0.147871,764,407,859.745
888179400,1645.88,2326.1,1646.36,0.172831,764,398,859.81
888179700,1646.13,2333.64,1646.54,0.137949,760,402,859.81
888180000,1645.63,2409.19,1645.75,0.1562,766,402,859.74
888180300,1644.55,2367.52,1644.5,0.163481,771,407,859.705
888180600,1644.5,2334.51,1644.64,0.136929,756,398,859.785
888180900,1644.97,2325.83,1645.14,0.152171,763,401,859.84
888181200,1644.79,2333.41,1644.71,0.150467,762,404,859.855
888181500,1645.03,2344.51,1645.01,0.149859,759,402,859.86
888181800,1644.9,2330.75,1644.85,0.1454,752,398,859.83
888182100,1644.33,2351.96,1644.37,0.15614,758,406,859.81
888182400,1644.15,2308.9,1643.63,0.15544,757,400,859.825
888182700,1643.31,2338.05,1642.73,0.156408,770,404,859.79
888183000,1643.19,2383.12,1642.74,0.16325,759,398,859.785
888183300,1642.19,2365.4,1642.61,0.162583,756,402,859.785
888183600,1644.13,2452.19,1643.46,0.187708,763,306,859.755
888183900,1642.43,2477,1642.14,0.161586,758,405,859.83
888184200,1641.96,2400.79,1642.57,0.156677,760,401,859.885
888184500,1641.51,2363.6,1641.72,0.158461,744,399,859.915
888184800,1641.35,2387.09,1640.61,0.168874,752,402,859.965
888185100,1642.69,2395.91,1641.55,0.14042,750,396,860.109
888185400,1643.1,2347.38,1641.92,0.14491,763,400,860.315
888185700,1642.3,2414.22,1642.59,0.157915,753,398,860.38
888186000,1642.76,2449.67,1642.19,0.154972,754,396,860.45
888186300,1641.61,2412.55,1641.26,0.143802,760,398,860.52
888186600,1639.68,2452.83,1639.56,0.168957,760,397,860.52
888186900,1639.77,2610.99,1639.69,0.176011,752,377,860.555
888187200,1640.49,2599.52,1640.13,0.167351,758,370,860.759
888187500,1640.6,2556.4,1640.46,0.168084,766,400,860.99
888187800,1641.11,2494.75,1640.49,0.153754,753,396,861.07
888188100,1640.39,2692.04,1640.06,0.171659,752,396,861.1
888188400,1641.95,2699.73,1642.33,0.165947,760,398,861.409
888188700,1644.13,2612.42,1645.49,0.159855,747,403,861.949
888189000,1644.46,2619.86,1644.93,0.158054,740,396,862.07
888189300,1643.28,2586.54,1643.13,0.18254,752,400,862.09
888189600,1641.12,2759.44,1641.97,0.164703,754,403,862.16
888189900,1640.25,2775.27,1640.79,0.171252,747,401,862.11
888190200,1636.62,2711.37,1636.32,0.178772,746,393,861.706
888190500,1632.82,2608.97,1632.54,0.16979,755,396,861.121
888190800,1632.25,2597.79,1632.45,0.155178,757,393,861.025
888191100,1633.03,2760.17,1633.14,0.175407,748,399,861.364
888191400,1634.99,2778.41,1634.78,0.173083,741,389,861.775
888191700,1637.21,2721.69,1635.95,0.179713,742,396,862.114
