887932800,1648.74,0.157953,2730.24,757,866.23
887933100,1648.95,0.164482,2739.86,717,866.25
887933400,1647.56,0.155536,2582.6,700,866.27
887933700,1646.42,0.163395,2496.99,706,866.295
887934000,1647.02,0.159583,2687.17,693,866.32
887934300,1647.35,0.17253,2580.2,697,866.34
887934600,1646.5,0.151487,2553.74,701,866.36
887934900,1648.15,0.166024,2675.43,698,866.385
887935200,1646.69,0.179549,2363.23,695,866.41
887935500,1647.19,0.173315,2470.08,696,866.43
887935800,1648.25,0.162813,2446.67,706,866.45
887936100,1646.87,0.158487,2474.72,706,866.475
887936400,1647.14,0.149829,2319.36,709,866.48
887936700,1646.59,0.170779,2384.07,713,866.46
887937000,1646.92,0.159674,2365.69,718,866.445
887937300,1646.44,0.157985,2391.17,715,866.43
887937600,1652.29,0.19368,2738.3,713,866.41
887937900,1648.2,0.166655,2395.83,709,866.395
887938200,1653.96,0.193039,2579.37,722,866.38
887938500,1648.31,0.163315,2364.66,712,866.36
887938800,1653.15,0.200746,2624.35,713,866.34
887939100,1648.63,0.167595,2359.02,725,866.325
887939400,1648.61,0.148104,2314.96,724,866.31
887939700,1649.03,0.165231,2337.72,719,866.295
887940000,1649.01,0.148201,2367.31,725,866.295
887940300,1650.39,0.185312,2580.92,721,866.31
887940600,1650.75,0.167027,2280.14,721,866.33
887940900,1651.87,0.158009,2296.88,722,866.35
887941200,1650.51,0.163888,2384.28,718,866.365
887941500,1651.49,0.153728,2452.43,733,866.38
887941800,1650.93,0.156525,2465.91,735,866.4
887942100,1652.86,0.171752,2367.91,721,866.42
887942400,1653.83,0.159867,2447.91,725,866.435
887942700,1653.36,0.159495,2396.79,725,866.45
887943000,1653.4,0.164387,2417.96,726,866.47
887943300,1653.1,0.155551,2499.2,728,866.49
887943600,1653.69,0.174028,2490.44,728,866.49
887943900,1655.47,0.168565,2518.46,724,866.47
887944200,1655.58,0.175895,2410.43,734,866.455
887944500,1656.27,0.165502,2408.94,731,866.44
887944800,1655.81,0.174543,2510.56,733,866.425
887945100,1656.65,0.171872,2594.2,725,866.41
887945400,1656.6,0.17511,2672.3,730,866.39
887945700,1660.01,0.199931,3086.69,734,866.375
887946000,1655.48,0.176803,2696.41,732,866.36
887946300,1659.92,0.188779,2948.91,728,866.345
887946600,1656.99,0.173189,2651.7,728,866.33
887946900,1658.18,0.167076,2719.29,722,866.315
887947200,1657.12,0.159878,2702.99,736,866.31
887947500,1657.25,0.161382,2737.72,727,866.305
887947800,1658.16,0.189364,2864.74,737,866.3
887948100,1656.78,0.182982,2688.31,732,866.235
887948400,1658.23,0.17545,2698.86,729,866.17
887948700,1657.93,0.163316,2662.35,720,866.17
887949000,1658.58,0.167122,2712.28,734,866.1
887949300,1657.57,0.149709,2667.5,728,865.96
887949600,1658.68,0.169127,2611.86,730,865.925
887949900,1658.84,0.156161,2669.35,730,865.92
887950200,1658.14,0.156346,2615.57,738,865.735
887950500,1658.37,0.160845,2688.55,736,865.585
887950800,1657.91,0.15328,2696.85,736,865.505
887951100,1657.28,0.161645,2785.99,732,865.355
887951400,1655.76,0.148936,2693.17,734,865.24
887951700,1658.62,0.195684,2855.23,735,865.17
887952000,1661.7,0.229142,2939.81,727,865.135
887952300,1656.12,0.163118,2583.78,739,865.065
887952600,1655.83,0.160658,2588.7,737,865.03
887952900,1656.85,0.166356,2662.44,737,865.03
887953200,1656.84,0.153428,2536.36,728,865
887953500,1657.64,0.166102,2613.42,729,864.93
887953800,1657.05,0.164732,2497.05,739,864.86
887954100,1656.06,0.164857,2569.51,738,864.79
887954400,1654.66,0.159473,2602.87,730,864.72
887954700,1657.42,0.195423,2924.75,739,864.72
887955000,1655.47,0.161573,2588.49,736,864.72
887955300,1655.24,0.146916,2580.74,741,864.72
887955600,1655.46,0.164158,2507.89,737,864.72
887955900,1662.61,0.183397,2773.81,742,864.72
887956200,1655.6,0.157258,2460.25,739,864.72
887956500,1655.05,0.158533,2352.67,739,864.72
887956800,1661.06,0.19675,2739.12,745,864.72
887957100,1653.92,0.155901,2541.37,736,864.72
887957400,1660.15,0.201248,2621.38,742,864.72
887957700,1652.58,0.162565,2515.04,735,864.72
887958000,1652.67,0.172826,2635.37,735,864.71
887958300,1652.89,0.155784,2456.7,748,864.695
887958600,1652.77,0.171402,2542.6,743,864.685
887958900,1651.88,0.176352,2517.62,741,864.675
887959200,1651.83,0.140436,2375.64,741,864.665
887959500,1652.45,0.153428,2548.59,735,864.655
887959800,1653.03,0.158599,2455.95,741,864.645
887960100,1651.66,0.171918,2487.02,733,864.635
887960400,1650.61,0.155954,2354.07,731,864.625
887960700,1651.27,0.165083,2379.8,735,864.615
887961000,1650.21,0.161806,2295.42,735,864.605
887961300,1649.95,0.158021,2542.52,731,864.595
887961600,1651.01,0.159785,2505.82,735,864.595
887961900,1650,0.160081,2412.39,737,864.61
887962200,1651.14,0.15982,2375.64,744,864.63
887962500,1652.27,0.153337,2460.13,746,864.65
887962800,1651.57,0.162979,2371.37,735,864.67
887963100,1650.74,0.157711,2353.44,729,864.69
887963400,1651.43,0.169792,2405.95,739,864.705
887963700,1650.86,0.158917,2337.14,734,864.72
887964000,1651.04,0.160467,2372.63,734,864.74
887964300,1650.48,0.168301,2415.95,740,864.76
887964600,1650.69,0.150714,2472.12,741,864.78
887964900,1651.02,0.173925,2472.11,734,864.8
887965200,1650.25,0.178195,2488.12,722,864.825
887965500,1648.73,0.174204,2452.59,732,864.855
887965800,1650.72,0.15891,2463.45,726,864.89
887966100,1650.29,0.143432,2455.32,731,864.925
887966400,1650.65,0.149748,2528.19,722,864.96
887966700,1650.87,0.152449,2491.2,735,864.995
887967000,1651.67,0.145523,2530.34,742,865.025
887967300,1651.95,0.152632,2488.02,741,865.06
887967600,1652.61,0.168046,2488.11,741,865.095
887967900,1653.36,0.174404,2533.17,739,865.13
887968200,1653.02,0.152142,2499.92,747,865.165
887968500,1651.86,0.158435,2426.3,745,865.2
887968800,1651.84,0.155925,2414.43,743,865.235
887969100,1653.63,0.174681,2420.45,739,865.265
887969400,1654.04,0.148163,2480.05,739,865.3
887969700,1653.83,0.165786,2493.43,740,865.335
887970000,1654.03,0.175091,2439.63,739,865.37
887970300,1653.36,0.150398,2489.74,746,865.405
887970600,1655.48,0.167228,2662.27,748,865.435
887970900,1655.11,0.179,2415.19,740,865.47
887971200,1654.84,0.152149,2504.27,742,865.505
887971500,1656.16,0.153957,2623.68,736,865.54
887971800,1656.27,0.159742,2592.09,734,865.575
887972100,1655.64,0.171024,2460.56,734,865.61
887972400,1656.88,0.153292,2550.89,740,865.64
887972700,1658.61,0.164363,2518.16,740,865.66
887973000,1658.13,0.152401,2545.54,735,865.68
887973300,1658.28,0.163295,2612.81,745,865.705
887973600,1659.84,0.159169,2508.4,732,865.73
887973900,1658.7,0.184812,2599.07,729,865.75
887974200,1661.56,0.186704,2950.38,737,865.77
887974500,1659.89,0.178044,2717.37,739,865.795
887974800,1660.54,0.136419,2690.96,734,865.82
887975100,1668.84,0.250057,3138.84,746,865.84
887975400,1669.66,0.262932,3143.67,741,865.86
887975700,1668.47,0.251827,2890.9,734,865.885
887976000,1677.96,0.329953,3401.22,724,865.87
887976300,1668.79,0.195252,2969.22,720,865.83
887976600,1670.55,0.181246,2889.32,539,865.85
887976900,1671.24,0.192612,2911.71,545,865.84
887977200,1670.33,0.191876,2949.15,540,865.815
887977500,1673.44,0.175855,2941.64,547,865.78
887977800,1668.28,0.173042,3052.57,628,865.725
887978100,1669.4,0.170272,3102.82,670,865.72
887978400,1665.96,0.188149,3220.25,674,865.68
887978700,1665.85,0.171534,2964.62,730,865.625
887979000,1665.15,0.156996,2819.23,712,865.595
887979300,1666.07,0.156972,3014.82,712,865.575
887979600,1667.74,0.17605,2854.18,706,865.555
887979900,1668.34,0.159901,2873.01,721,865.53
887980200,1668.48,0.155673,2937.64,720,865.51
887980500,1670.05,0.171509,2878.96,714,865.485
887980800,1671.74,0.168074,2917.57,712,865.46
887981100,1671.16,0.174328,2883.04,718,865.44
887981400,1671.48,0.17296,2899.2,716,865.415
887981700,1670.76,0.161623,2997.95,714,865.39
887982000,1671.83,0.184811,2869.45,705,865.37
887982300,1672.77,0.170523,2793.67,720,865.345
887982600,1671.48,0.161396,2805.24,712,865.32
887982900,1670.35,0.179451,2718.09,707,865.3
887983200,1671.32,0.181127,2672.51,706,865.265
887983500,1671.91,0.1743,2809.62,710,865.215
887983800,1670.34,0.16551,2757.23,711,865.17
887984100,1672.21,0.167455,2710.59,709,865.125
887984400,1670.54,0.169868,2833.9,705,865.08
887984700,1667.58,0.172645,2873.41,721,865.035
887985000,1670.16,0.168923,2713.09,719,864.985
887985300,1669.5,0.180235,2850.9,718,864.94
887985600,1668.95,0.160583,2875.22,719,864.895
887985900,1669.3,0.17112,2872.38,728,864.85
887986200,1669.39,0.159382,2756.63,719,864.805
887986500,1669.43,0.165625,2713.49,728,864.76
887986800,1669.96,0.1793,2671.31,715,864.715
887987100,1669.07,0.150727,2649.53,728,864.665
887987400,1668.27,0.162379,2642.91,734,864.62
887987700,1669.85,0.147548,2711.13,720,864.575
887988000,1667.9,0.167636,2770.64,721,864.53
887988300,1668.39,0.165887,2744.56,718,864.485
887988600,1666.3,0.179624,2673.09,719,864.435
887988900,1665.47,0.161549,2807.66,730,864.39
887989200,1665.8,0.173122,2604.53,721,864.345
887989500,1664.93,0.17725,2824.64,724,864.3
887989800,1664.59,0.167789,2752.68,724,864.255
887990100,1664.89,0.169805,2704.1,717,864.21
887990400,1664.11,0.162053,2554.94,718,864.17
887990700,1665.66,0.156085,2750.56,726,864.13
887991000,1664.62,0.16495,2621.9,728,864.09
887991300,1664.01,0.153947,2612.5,719,864.05
887991600,1662.25,0.169524,2579.13,719,864.01
887991900,1663.73,0.18311,2604.8,730,863.97
887992200,1664.77,0.146805,2677,734,863.93
887992500,1664.82,0.169414,2689.72,729,863.89
887992800,1664.17,0.163821,2666.26,724,863.85
887993100,1664.22,0.156942,2569.77,716,863.81
887993400,1664.22,0.150872,2595.47,738,863.77
887993700,1664.17,0.155716,2698.57,733,863.735
887994000,1666.94,0.169118,2902.84,735,863.72
887994300,1662.98,0.156928,2538.19,723,863.65
887994600,1663.01,0.152992,2617.53,733,863.55
887994900,1662.39,0.153915,2517.15,728,863.45
887995200,1661.78,0.174515,2462.71,734,863.38
887995500,1661.61,0.174067,2600.6,737,863.345
887995800,1662.09,0.160342,2672.31,729,863.31
887996100,1660.99,0.146611,2534.66,741,863.275
887996400,1660.76,0.162869,2538.16,743,863.21
887996700,1660.25,0.155141,2551.97,734,863.145
887997000,1659.2,0.176221,2479.37,735,863.075
887997300,1656.71,0.160638,2462.21,737,862.97
887997600,1657.26,0.148161,2538.16,742,862.9
887997900,1657.74,0.156484,2561.22,740,862.87
887998200,1656.72,0.165785,2531.05,734,862.84
887998500,1656.51,0.153393,2523.94,741,862.805
887998800,1656.66,0.181004,2663.66,743,862.7
887999100,1654.27,0.164763,2463.09,736,862.595
887999400,1655.07,0.150689,2466.53,737,862.53
887999700,1654.81,0.17311,2445.27,734,862.5
888000000,1654.55,0.163626,2384.31,737,862.465
888000300,1654.82,0.160717,2414.05,738,862.425
888000600,1654.31,0.160358,2379.79,746,862.385
888000900,1654.2,0.16391,2306.86,735,862.355
888001200,1652.75,0.14707,2282.87,732,862.35
888001500,1652.89,0.145354,2306,737,862.335
888001800,1650.49,0.164819,2316.82,731,862.325
888002100,1650.34,0.159485,2359.07,733,862.315
888002400,1649.18,0.165479,2443.67,723,862.305
888002700,1648.77,0.154136,2286.07,725,862.295
888003000,1647.95,0.162928,2237.71,729,862.28
888003300,1647.31,0.153602,2275.23,733,862.265
888003600,1656.16,0.273502,3015,726,862.255
888003900,1646.58,0.156567,2325.14,716,862.245
888004200,1646.29,0.159734,2246.57,731,862.235
888004500,1644.71,0.158278,2181.89,732,862.225
888004800,1644.68,0.157801,2243,725,862.23
888005100,1644.67,0.172644,2175.43,716,862.25
888005400,1642.91,0.155153,2091.42,723,862.275
888005700,1642.6,0.153338,2210.71,726,862.3
888006000,1640.65,0.16709,2170.01,719,862.32
888006300,1639.1,0.166301,2220.22,721,862.345
888006600,1638.84,0.183341,2237.74,731,862.37
888006900,1637.94,0.168512,2378.74,726,862.39
888007200,1639.88,0.184272,2593.68,720,862.415
888007500,1636.93,0.168865,2399.01,717,862.44
888007800,1636.53,0.169972,2415.59,705,862.46
888008100,1635.73,0.157397,2367.85,704,862.485
888008400,1637.12,0.262407,2638.05,703,862.535
888008700,1637.11,0.183846,2678.9,700,862.675
888009000,1638.71,0.252172,2726.67,710,862.825
888009300,1638.46,0.184344,2805.71,707,862.91
888009600,1637.34,0.183656,2690.99,706,863.154
888009900,1639.92,0.189175,2686.54,717,863.36
888010200,1639.77,0.181492,2916.09,716,863.405
888010500,1637.87,0.160119,2769.02,717,863.49
888010800,1636.37,0.152779,2851.34,728,863.5
888011100,1639.9,0.162412,2803.58,726,863.57
888011400,1640.64,0.175535,2976.8,712,863.705
888011700,1641.18,0.161557,2944.44,725,863.76
888012000,1641.34,0.149959,2809.04,712,863.73
888012300,1641.12,0.163095,2902.96,745,863.55
888012600,1641.51,0.163108,2861.24,728,863.35
888012900,1642.4,0.167883,2835.36,728,863.28
888013200,1642.21,0.174663,2780.51,727,863.25
888013500,1650.26,0.200798,3172.39,729,863.15
888013800,1650.73,0.197209,3190.21,639,862.98
888014100,1650.91,0.196482,3233.04,701,862.91
888014400,1643.72,0.168401,2683.67,716,862.84
888014700,1646,0.191676,2845.96,731,862.775
888015000,1644.42,0.160742,2946.06,732,862.775
888015300,1645.43,0.146651,2785.28,734,862.74
888015600,1646.78,0.154283,2681.73,749,862.755
888015900,1648.91,0.161643,2583.11,742,862.785
888016200,1646.99,0.157772,2602.01,728,862.82
888016500,1647.73,0.155386,2622.56,729,862.855
888016800,1649.24,0.150498,2567.84,727,862.89
888017100,1650.59,0.152468,2611.74,733,862.925
888017400,1650.68,0.166082,2569.95,732,862.955
888017700,1650.91,0.148436,2659.7,745,862.99
888018000,1651.94,0.155822,2733.75,745,863.025
888018300,1652.84,0.169661,2728.26,744,863.06
888018600,1652.77,0.164525,2737,747,863.095
888018900,1650.73,0.152334,2691.17,749,863.13
888192000,1641.7,0.176352,3217.08,760,862.549
888192300,1643.64,0.179186,2927.82,705,863.089
888192600,1643.81,0.170201,2745.91,700,863.535
888192900,1646.24,0.169391,2666.11,685,863.6
888193200,1645.63,0.172601,2603.03,677,863.495
888193500,1643.13,0.176843,2464.48,690,863.226
888193800,1641.24,0.17385,2414.74,703,862.821
888194100,1640.08,0.165078,2398.55,699,862.62
888194400,1640.94,0.159403,2408.23,707,862.53
888194700,1640.43,0.155469,2426.9,702,862.44
888195000,1639.09,0.177276,2425.37,716,862.375
888195300,1646.76,0.209695,2597.75,695,862.445
888195600,1640.42,0.167443,2358.24,691,862.62
888195900,1642.35,0.159737,2566.58,702,862.765
888196200,1641.6,0.166147,2438.67,703,862.865
888196500,1641.34,0.16191,2487.18,707,862.885
888196800,1643.25,0.156252,2389.9,697,862.915
888197100,1644.49,0.162036,2442.65,719,862.985
888197400,1643.2,0.138913,2440.58,709,863.05
888197700,1643.95,0.159625,2501.62,716,863.045
888198000,1644.2,0.167219,2502.57,724,863.075
888198300,1643.56,0.149068,2472.35,725,863.21
888198600,1643.11,0.166912,2463.48,724,863.28
888198900,1643.99,0.171762,2512.57,718,863.245
888199200,1651.27,0.204483,2787.41,723,863.28
888199500,1643.29,0.161754,2587.92,718,863.385
888199800,1644.59,0.151122,2461.65,714,863.42
888200100,1643.51,0.158385,2456.17,721,863.415
888200400,1642.24,0.154381,2564.54,719,863.405
888200700,1642.61,0.167178,2457.37,731,863.4
888201000,1643.44,0.15653,2371.37,721,863.395
888201300,1643.41,0.147734,2400.72,726,863.385
888201600,1644.28,0.162742,2460.54,722,863.38
888201900,1644.12,0.156326,2476.99,727,863.445
888202200,1643.74,0.157834,2526.4,712,863.475
888202500,1645.06,0.165636,2443.71,732,863.51
888202800,1645.49,0.158597,2413.3,732,863.575
888203100,1645.42,0.159275,2390.22,727,863.565
888203400,1645.34,0.157534,2359.15,735,863.56
888203700,1645.13,0.160301,2409.46,734,863.555
888204000,1645.82,0.150123,2412.64,731,863.55
888204300,1646.55,0.162065,2437.72,731,863.545
888204600,1646.36,0.168366,2449.42,735,863.535
888204900,1646.71,0.163565,2456.93,726,863.53
888205200,1647,0.169195,2372.06,735,863.525
888205500,1646.52,0.163359,2408.04,732,863.52
888205800,1646.17,0.174043,2449.75,728,863.515
888206100,1646.61,0.159846,2477.53,731,863.51
888206400,1647.29,0.174529,2394.25,721,863.515
888206700,1648.29,0.156769,2434.62,730,863.53
888207000,1647.84,0.159352,2387.9,725,863.55
888207300,1647.9,0.159636,2414.13,733,863.565
888207600,1648.58,0.156137,2471.98,723,863.58
888207900,1647.8,0.159967,2394.96,727,863.6
888208200,1647.79,0.162726,2393.8,736,863.615
888208500,1648.08,0.157933,2361.4,734,863.63
888208800,1648.6,0.162473,2469.94,741,863.65
888209100,1648.44,0.152945,2475.84,739,863.665
888209400,1647.16,0.150533,2413.88,736,863.68
888209700,1647.74,0.150575,2337.23,736,863.7
888210000,1649.27,0.162076,2355.66,730,863.695
888210300,1648.5,0.158748,2330.64,748,863.67
888210600,1648.68,0.155397,2321.08,732,863.645
888210900,1649.05,0.163323,2446.63,737,863.62
888211200,1649.33,0.165116,2500.41,731,863.595
888211500,1648.27,0.147439,2386.82,737,863.57
888211800,1649.24,0.157038,2266.39,746,863.55
888212100,1648.9,0.159003,2467.13,750,863.525
888212400,1648.27,0.1468,2286.5,743,863.5
888212700,1648.81,0.162873,2297.95,746,863.475
888213000,1649.1,0.171096,2402.5,743,863.45
888213300,1648.27,0.158793,2364.08,732,863.43
888213600,1649.06,0.155291,2399.32,742,863.56
888213900,1650.31,0.145987,2372.67,748,863.665
888214200,1649.27,0.14031,2438.05,750,863.595
888214500,1648.59,0.157999,2449.52,735,863.724
888214800,1651.77,0.172054,2458.22,734,864.164
888215100,1655.49,0.154322,2537.57,736,864.54
888215400,1654.6,0.16223,2480.94,745,864.605
888215700,1651.87,0.158393,2510.82,739,864.266
888216000,1649.29,0.171438,2444.54,735,863.93
888216300,1648.92,0.173468,2479.67,732,863.85
888216600,1648.95,0.155064,2575.09,742,863.9
888216900,1648.98,0.161911,2468.31,747,863.935
888217200,1649.53,0.162031,2424.09,745,863.78
888217500,1648.3,0.140563,2422.89,737,863.685
888217800,1647.03,0.158327,2361.66,738,863.685
888218100,1648.63,0.154419,2330.33,743,863.685
888218400,1647.88,0.160324,2399.1,740,863.745
888218700,1648.41,0.169389,2345.04,739,863.745
888219000,1647.04,0.179372,2455.84,742,863.64
888219300,1646.25,0.1732,2343.58,747,863.565
888219600,1646.19,0.159214,2254.4,750,863.425
888219900,1644.32,0.16532,2361.47,747,863.215
888220200,1643.67,0.1543,2317.7,738,863.08
888220500,1643.47,0.149241,2335.75,744,863.05
888220800,1643.43,0.155781,2356.6,731,862.985
888221100,1644.19,0.164045,2234.91,732,863.055
888221400,1644.91,0.14281,2374.58,731,863.155
888221700,1644.68,0.163845,2423.01,729,863.055
888222000,1644.85,0.15601,2373.94,738,862.965
888222300,1643.9,0.15342,2315.08,736,862.905
888222600,1643.27,0.162456,2388.77,739,862.9
888222900,1643.86,0.16647,2375.91,736,863
888223200,1645.57,0.15417,2407,730,863.075
888223500,1646.65,0.149724,2269.92,741,863.115
888223800,1647.02,0.150898,2326.74,737,863.175
888224100,1646.97,0.154442,2384.06,742,863.17
888224400,1646.6,0.153123,2222.64,741,863.15
888224700,1647.54,0.161372,2303.64,733,863.17
888225000,1647.07,0.154393,2464.19,737,863.195
888225300,1647.71,0.143231,2428.77,735,863.22
888225600,1647.83,0.164702,2460.37,722,863.24
888225900,1648.01,0.175171,2379.82,734,863.265
888226200,1648.6,0.158674,2488.15,741,863.29
888226500,1648.31,0.170361,2534.86,747,863.31
888226800,1648.22,0.1681,2518.86,735,863.33
888227100,1647.72,0.152159,2659.15,748,863.355
888227400,1648.21,0.166886,2545.01,745,863.38
888227700,1649.74,0.170362,2609.93,738,863.405
888228000,1649.05,0.174294,2529.67,746,863.425
888228300,1649.13,0.16141,2668.82,739,863.44
888228600,1649.77,0.161801,2686.8,743,863.455
888228900,1650.61,0.18089,2774.35,737,863.47
888229200,1656.15,0.228087,2902.45,744,863.485
888229500,1650.74,0.154765,2629.81,741,863.5
888229800,1649.48,0.153375,2441.76,742,863.52
888230100,1649.74,0.159281,2498.49,739,863.535
888230400,1651.73,0.159508,2668.28,744,863.55
888230700,1650.09,0.161275,2601.68,739,863.565
888231000,1649.12,0.154158,2612.41,741,863.58
888231300,1651.85,0.152673,2810.1,733,863.6
888231600,1652.35,0.16805,2815.93,744,863.61
888231900,1653.22,0.165732,2763.08,736,863.61
888232200,1654.38,0.145661,2784.96,738,863.61
888232500,1653.98,0.153976,2776.92,735,863.615
888232800,1654.17,0.170336,2652.07,739,863.62
888233100,1655.7,0.150621,2674.58,742,863.62
888233400,1654.64,0.162039,2549.99,734,863.62
888233700,1656.46,0.167003,2701.33,725,863.625
888234000,1656.55,0.174202,2583.06,743,863.63
888234300,1656.63,0.172211,2718.9,742,863.63
888234600,1658.14,0.167171,2754.68,740,863.63
888234900,1657.75,0.175331,2621.82,733,863.635
888235200,1667.53,0.240936,3095.06,736,863.61
888235500,1659.2,0.172558,2662.09,720,863.605
888235800,1660.01,0.175317,2722.7,730,863.595
888236100,1659.26,0.183671,2654.61,733,863.56
888236400,1660.49,0.165379,2629.06,727,863.525
888236700,1661.79,0.173012,2648.65,731,863.49
888237000,1660.88,0.162585,2723.64,725,863.49
888237300,1660.93,0.151544,2628.29,726,863.485
888237600,1661.48,0.168968,2606.31,733,863.515
888237900,1662.03,0.168177,2642.46,726,863.55
888238200,1661.97,0.17108,2639.36,726,863.58
888238500,1662.44,0.172088,2682.22,731,863.565
888238800,1663.49,0.169818,2773.43,738,863.51
888239100,1662.75,0.17636,2764.81,728,863.495
888239400,1663.32,0.14928,2736.99,723,863.485
888239700,1663.89,0.148657,2723.76,727,863.475
888240000,1662.56,0.154338,2666.39,733,863.465
888240300,1663.08,0.181129,2811.3,719,863.455
888240600,1669.82,0.23024,3132.76,741,863.44
888240900,1662.76,0.177042,2799.21,721,863.425
888241200,1663.65,0.192302,2845.99,725,863.415
888241500,1665.7,0.163307,2776.69,728,863.405
888241800,1664.65,0.144875,2793.27,734,863.395
888242100,1664.43,0.15467,2893.17,728,863.385
888242400,1663.32,0.164238,2913.9,715,863.37
888242700,1663.27,0.169529,2828.43,721,863.35
888243000,1662.83,0.17547,2879.95,727,863.335
888243300,1663,0.167635,2764.02,734,863.32
888243600,1661.72,0.170659,2786.71,736,863.3
888243900,1661.31,0.158805,2808.87,737,863.285
888244200,1660.91,0.167625,2793.67,739,863.27
888244500,1661.36,0.157416,2838.38,740,863.25
888244800,1661.89,0.170481,2875.45,743,863.235
888245100,1661.38,0.155099,2872,737,863.22
888245400,1661.85,0.166633,2892.66,727,863.2
888245700,1662.8,0.173123,2891.87,727,863.185
888246000,1660.41,0.165305,2694.5,738,863.155
888246300,1660.24,0.161158,2646.54,729,863.11
888246600,1660.14,0.181821,2715.45,727,863.07
888246900,1659.16,0.174254,2764.09,740,863.03
888247200,1659.03,0.166318,2615.16,734,862.99
888247500,1659.55,0.164084,2591.45,739,862.95
888247800,1659.54,0.167431,2638.08,733,862.91
888248100,1660.15,0.171753,2576.09,734,862.87
888248400,1659.47,0.160724,2583.16,736,862.83
888248700,1659.59,0.15964,2603.13,736,862.79
888249000,1657.76,0.159163,2594.7,740,862.75
888249300,1657.66,0.152909,2667.2,737,862.71
888249600,1656.97,0.156964,2612.84,737,862.65
888249900,1656.93,0.149666,2537.38,737,862.565
888250200,1657.21,0.166695,2576.24,734,862.515
888250500,1656.55,0.171932,2597.04,739,862.5
888250800,1656.15,0.161823,2385.83,736,862.475
888251100,1655.66,0.185551,2441,732,862.425
888251400,1656.19,0.174297,2560.39,743,862.39
888251700,1654.13,0.158315,2404.34,734,862.355
888252000,1655.54,0.171483,2609.59,734,862.355
888252300,1656.34,0.152191,2437.27,737,862.32
888252600,1655,0.155433,2410.23,729,862.215
888252900,1656.11,0.148727,2421.79,741,862.18
888253200,1655.47,0.158241,2439.41,739,862.18
888253500,1655,0.172995,2425.54,749,862.15
888253800,1655.91,0.146019,2516.12,738,862.05
888254100,1654.81,0.172095,2441.53,735,861.98
888254400,1655.27,0.150501,2516.68,738,861.945
888254700,1654.86,0.171321,2495.95,743,861.91
888255000,1652.83,0.160991,2507.6,744,861.845
888255300,1653.66,0.14528,2549.37,749,861.745
888255600,1652.83,0.162759,2553.18,741,861.74
888255900,1653.04,0.155437,2578.96,752,861.735
888256200,1652.8,0.148011,2505.26,752,861.7
888256500,1652.69,0.140029,2645.14,747,861.63
888256800,1651.8,0.156677,2501.56,748,861.545
888257100,1650.99,0.150824,2502.29,743,861.52
888257400,1650.07,0.144424,2494.04,753,861.5
888257700,1649.64,0.165477,2484.75,744,861.475
888258000,1650.41,0.161352,2421.98,752,861.45
888258300,1649.56,0.15249,2450.36,753,861.43
888258600,1649.14,0.147689,2507.83,758,861.41
888258900,1648.37,0.151851,2495.09,753,861.39
888259200,1648.72,0.145558,2522.02,751,861.365
888259500,1646.93,0.157357,2532.19,747,861.34
888259800,1648.32,0.161281,2460.53,757,861.32
888260100,1647.67,0.142044,2505.65,744,861.3
888260400,1648.66,0.161203,2507.89,748,861.27
888260700,1647.78,0.167457,2533.08,746,861.225
888261000,1647.8,0.164919,2523.59,746,861.185
888261300,1646.16,0.137919,2442.1,754,861.15
888261600,1645.71,0.136839,2462.75,755,861.105
888261900,1645.12,0.151263,2598.67,762,861.065
888262200,1645.28,0.161102,2587.08,759,861.03
888262500,1645.91,0.160375,2712.78,756,860.985
888262800,1644.82,0.15659,2593.21,765,860.945
888263100,1644.32,0.158947,2577.74,757,860.91
888263400,1643.26,0.144544,2582.11,753,860.865
888263700,1642.75,0.155509,2521.86,750,860.825
888264000,1641.43,0.162,2479.5,748,860.8
888264300,1641.26,0.161758,2532.76,747,860.785
888264600,1641.16,0.171493,2540.97,760,860.775
888264900,1652.12,0.243219,2734.59,761,860.765
888265200,1641.22,0.161174,2484.94,743,860.75
888265500,1640.09,0.183422,2415.73,748,860.735
888265800,1639.6,0.158198,2442.16,755,860.725
888266100,1638.82,0.154268,2527.18,741,860.71
888266400,1639.47,0.16202,2395.72,754,860.695
888266700,1638.83,0.176648,2465.34,755,860.685
888267000,1638.49,0.157292,2388.34,752,860.675
888267300,1638.39,0.149998,2422.96,747,860.665
888267600,1639.08,0.151613,2567.47,741,860.59
888267900,1637.97,0.170268,2448.23,751,860.455
888268200,1635.62,0.158431,2387.6,739,860.455
888268500,1638.64,0.171712,2391.84,741,860.555
888268800,1637.7,0.164629,2447.67,743,860.625
888269100,1638.49,0.152417,2507.91,745,860.74
888269400,1637.55,0.163192,2424.65,746,860.84
888269700,1637.03,0.155678,2408.06,743,860.83
888270000,1637.91,0.147903,2329.97,739,860.835
888270300,1636.63,0.15482,2407.21,742,860.84
888270600,1635.71,0.160064,2468.68,738,860.775
888270900,1638.06,0.178628,2516.55,748,860.805
888271200,1635.34,0.152651,2370.04,742,860.87
888271500,1635.83,0.149207,2353.14,742,860.87
888271800,1634.54,0.154999,2409.4,743,860.87
888272100,1635.45,0.161218,2392.95,724,860.87
888272400,1634.94,0.162654,2433.98,738,860.87
888272700,1633.56,0.157637,2424.8,744,860.87
888273000,1632.87,0.160643,2342.83,744,860.87
888273300,1633.46,0.154815,2395.74,744,860.87
888273600,1632.26,0.156078,2324.65,743,860.87
888273900,1631.92,0.153412,2392.46,741,860.87
888274200,1632.24,0.160896,2446.49,746,860.87
888274500,1630.21,0.165812,2325.02,743,860.87
888274800,1631.49,0.164329,2333.72,736,860.89
888275100,1631.26,0.133859,2353.81,736,860.93
888275400,1631.38,0.172293,2401.77,744,860.97
888275700,1630.82,0.15813,2324.15,720,861.01
888276000,1630.87,0.163575,2461.22,724,861.05
888276300,1631.79,0.172969,2511.34,737,861.09
888276600,1631.3,0.154921,2546.1,739,861.13
888276900,1630.73,0.169273,2369.61,738,861.17
888277200,1630.01,0.159707,2537.48,735,861.21
888277500,1631.27,0.173144,2476.99,741,861.25
888277800,1630.24,0.145979,2488.66,751,861.29
888278100,1631.35,0.164612,2593.23,746,861.335
888019200,1654.4,0.140868,2962.44,759,863.285
888019500,1655.04,0.168163,2766.61,727,863.49
888019800,1655.25,0.14891,2690.76,734,863.56
888020100,1655.01,0.142809,2664.22,738,863.56
888020400,1654.9,0.170806,2721.28,741,863.56
888020700,1655.5,0.168871,2749.75,739,863.56
888021000,1656.09,0.161561,2870.07,730,863.595
888021300,1652.98,0.163273,2826.62,734,863.635
888021600,1651.91,0.146094,2745.61,731,863.77
888021900,1653.73,0.168361,2790.67,734,863.97
888022200,1652.5,0.172571,2927.99,732,864.14
888022500,1651.89,0.150987,2783.52,732,864.32
888022800,1652.97,0.162793,2882.39,740,864.495
888023100,1654.58,0.167346,2795.67,730,864.665
888023400,1652.04,0.154811,2770.9,724,864.75
888023700,1652.96,0.160905,2688.82,733,864.73
888024000,1652.32,0.166913,2710.15,729,864.74
888024300,1652.65,0.164204,2872.95,726,864.785
888024600,1653.9,0.155114,2656.95,730,864.865
888024900,1653.15,0.166049,2736.07,737,864.94
888025200,1653.02,0.172411,2598.14,735,864.905
888025500,1651.09,0.151374,2534.84,745,864.905
888025800,1651.46,0.14935,2452.86,738,864.905
888026100,1651.57,0.15697,2559.82,738,864.835
888026400,1651.02,0.17086,2516.78,735,864.8
888026700,1651.72,0.150473,2446.48,730,864.835
888027000,1651.86,0.166802,2427.18,744,864.8
888027300,1651.34,0.150991,2421.34,730,864.665
888027600,1650.64,0.15675,2370.57,724,864.53
888027900,1650.74,0.175284,2364.52,734,864.36
888028200,1648.33,0.164419,2458.35,732,864.225
888028500,1647.47,0.157288,2450.02,733,864.12
888028800,1647.74,0.163107,2533.21,728,864.05
888029100,1648,0.153084,2554.88,731,864.05
888029400,1648.69,0.152903,2525.18,734,864.085
888029700,1649.01,0.162996,2467.75,739,864.155
888030000,1649.57,0.168316,2475.88,732,864.19
888030300,1649.33,0.163176,2562.12,738,864.195
888030600,1650.57,0.170226,2631.57,736,864.2
888030900,1651.52,0.156441,2491.89,731,864.205
888031200,1650.31,0.148249,2456.66,739,864.21
888031500,1651.67,0.149371,2493.81,738,864.215
888031800,1651.27,0.164266,2634.06,739,864.225
888032100,1649.58,0.16075,2607.53,745,864.23
888032400,1649.73,0.168189,2477.66,735,864.235
888032700,1651.53,0.148965,2589.09,737,864.24
888033000,1650.81,0.166924,2573.42,744,864.245
888033300,1651.07,0.160518,2598.27,737,864.255
888033600,1650.31,0.165248,2595.86,747,864.245
888033900,1649.67,0.146374,2615.92,736,864.22
888034200,1651.34,0.156006,2619.75,744,864.2
888034500,1650.5,0.152593,2580.05,738,864.18
888034800,1653.49,0.183775,2707.86,737,864.155
888035100,1651.09,0.163873,2594.95,745,864.13
888035400,1651.69,0.164578,2615.48,748,864.11
888035700,1652.8,0.154853,2601.58,746,864.09
888036000,1651.66,0.148529,2546.77,737,864.065
888036300,1651.28,0.167895,2530.79,740,864.04
888036600,1651.57,0.164082,2608.05,742,864.02
888036900,1653.35,0.150504,2675.34,743,864
888037200,1651.81,0.154514,2702.56,739,863.92
888037500,1653.24,0.15735,2710.37,742,863.885
888037800,1653.36,0.155617,2579.86,756,863.85
888038100,1660.13,0.182504,2917.95,742,863.745
888038400,1659.26,0.191567,2934.62,741,863.71
888038700,1652.32,0.154072,2611.15,744,863.68
888039000,1653.12,0.145452,2594.98,739,863.65
888039300,1652.94,0.147163,2601.73,740,863.615
888039600,1652.88,0.161469,2631.2,738,863.475
888039900,1653.66,0.152692,2693.99,747,863.305
888040200,1652.55,0.150336,2658.14,731,863.24
888040500,1653.23,0.16987,2713.88,736,863.24
888040800,1652.68,0.166207,2683.82,740,863.255
888041100,1655.84,0.194872,2935.43,744,863.285
888041400,1653.83,0.159047,2658.91,731,863.32
888041700,1654.11,0.174331,2653.7,741,863.355
888042000,1653.99,0.160274,2596.27,735,863.39
888042300,1654.4,0.168781,2608.18,748,863.425
888042600,1659.93,0.237114,3014.77,745,863.455
888042900,1653.6,0.156473,2688.47,753,863.49
888043200,1654.01,0.155213,2665.93,750,863.525
888043500,1655.94,0.166854,2668.94,745,863.56
888043800,1655.2,0.162239,2597.16,740,863.595
888044100,1659.22,0.194323,2961.82,745,863.63
888044400,1656.22,0.158037,2660.47,743,863.62
888044700,1663.2,0.201165,2943.86,708,863.56
888045000,1655.06,0.156378,2661.93,749,863.505
888045300,1655.48,0.15588,2583.54,752,863.45
888045600,1653.88,0.161684,2709.38,745,863.39
888045900,1653.83,0.157175,2669.22,739,863.335
888046200,1654.21,0.156988,2633.34,742,863.28
888046500,1654.15,0.163893,2575.95,748,863.22
888046800,1654.32,0.17086,2467.81,745,863.165
888047100,1654.99,0.162117,2501.41,745,863.11
888047400,1653.61,0.160787,2554.39,748,863.05
888047700,1653.3,0.168466,2468.77,744,862.995
888048000,1653.11,0.168188,2598.98,739,862.965
888048300,1654.68,0.175659,2471.39,751,862.96
888048600,1653.99,0.140976,2562.04,746,862.955
888048900,1664.07,0.252395,2954.59,743,862.95
888049200,1655.23,0.176661,2521.14,741,862.945
888049500,1654.9,0.162471,2484.66,736,862.94
888049800,1654.85,0.161322,2465.21,738,862.94
888050100,1654.73,0.17218,2627.44,751,862.935
888050400,1653.7,0.168961,2587.64,744,862.93
888050700,1654.4,0.158129,2536.15,744,862.925
888051000,1666.47,0.265286,3138.83,749,862.92
888051300,1653.84,0.163172,2605.54,745,862.92
888051600,1654,0.153276,2569.46,754,862.92
888051900,1661.56,0.288315,2774.89,752,862.925
888052200,1653.99,0.180296,2552.19,745,862.935
888052500,1654.76,0.149393,2607.54,741,862.94
888052800,1660.49,0.258091,3043.04,751,862.945
888053100,1654.28,0.183064,2583.26,750,862.955
888053400,1654.49,0.156868,2571.18,746,862.96
888053700,1654.22,0.152246,2669.65,746,862.965
888054000,1654.68,0.166671,2682.5,745,862.975
888054300,1654.52,0.159362,2582.11,756,862.98
888054600,1654.81,0.154447,2667.34,741,862.985
888054900,1654.92,0.171204,2616.73,744,862.995
888055200,1654.85,0.166962,2664.1,742,863.01
888055500,1652.96,0.164525,2565.02,747,863.035
888055800,1652.41,0.157283,2562.41,751,863.065
888056100,1655.04,0.156274,2625.58,743,863.09
888056400,1655.84,0.180414,2644.78,737,863.115
888056700,1655.64,0.163453,2520.69,748,863.145
888057000,1655.52,0.151183,2669.99,753,863.17
888057300,1655.28,0.159195,2642.73,751,863.195
888057600,1656.47,0.172487,2651.49,745,863.225
888057900,1656.68,0.166522,2660.01,740,863.25
888058200,1657.02,0.170845,2704.5,749,863.275
888058500,1656.4,0.177517,2672.78,750,863.305
888058800,1657.33,0.157572,2627.62,743,863.35
888059100,1660.02,0.192911,2809.66,747,863.45
888059400,1659.91,0.169632,2743.16,744,863.555
888059700,1660.31,0.163154,2742.7,739,863.625
888060000,1661.51,0.15259,2793.3,747,863.66
888060300,1662.41,0.176505,2697.01,738,863.66
888060600,1662.91,0.155229,2613.4,755,863.655
888060900,1662.82,0.169569,2672.54,748,863.635
888061200,1663.02,0.168607,2720.81,744,863.6
888061500,1662.29,0.150102,2781,749,863.575
888061800,1663.61,0.158345,2728.75,742,863.6
888062100,1662.21,0.159785,2673.02,738,863.63
888062400,1662.82,0.156739,2786.78,739,863.655
888062700,1663.42,0.148831,2717.2,741,863.63
888063000,1664.42,0.173827,2728.4,738,863.61
888063300,1664.41,0.159964,2753.76,733,863.64
888063600,1664.66,0.17201,2653.93,738,863.635
888063900,1663.69,0.154758,2674.47,737,863.65
888064200,1664.91,0.15178,2831.57,742,863.665
888064500,1665.84,0.159019,2790.49,728,863.66
888064800,1665.11,0.153958,2653.36,743,863.705
888065100,1667.18,0.155003,2671.45,744,863.795
888065400,1668.53,0.156698,2788.85,731,863.805
888065700,1666.47,0.15555,2812.09,736,863.815
888066000,1667.77,0.157294,2687.53,732,863.87
888066300,1669.19,0.168701,2821.36,740,863.88
888066600,1668.52,0.156177,2703.66,733,863.885
888066900,1668.9,0.170244,2627.75,725,863.855
888067200,1669.26,0.16868,2695.21,737,863.78
888067500,1670.55,0.17561,2810.82,726,863.76
888067800,1669.47,0.162099,2668.79,728,863.81
888068100,1669.29,0.1615,2744.06,729,863.755
888068400,1671.4,0.185423,2628.72,721,863.7
888068700,1670.2,0.168925,2622.15,725,863.695
888069000,1670.23,0.16136,2648.86,728,863.66
888069300,1670.72,0.185229,2575.78,728,863.695
888069600,1673.45,0.182126,2932.65,715,863.71
888069900,1669.07,0.166068,2781.97,729,863.675
888070200,1669.51,0.168982,2640.96,724,863.645
888070500,1669.88,0.157185,2551.87,730,863.615
888070800,1670.17,0.171172,2695.81,731,863.58
888071100,1668.09,0.134887,2826.24,734,863.545
888071400,1669.19,0.153922,2755.1,722,863.515
888071700,1668.54,0.165693,2717.17,727,863.485
888072000,1668.9,0.174537,2679.84,734,863.45
888072300,1668,0.163873,2839.82,720,863.415
888072600,1667.26,0.163231,2756.98,729,863.385
888072900,1668.3,0.166818,2696.99,739,863.355
888073200,1668.2,0.15454,2909.51,730,863.325
888073500,1668.36,0.18233,2729.8,735,863.295
888073800,1666.98,0.160332,2739.34,743,863.27
888074100,1667.15,0.16108,2870.33,740,863.245
888074400,1667.67,0.166205,2811.86,738,863.22
888074700,1665.8,0.17018,2952.81,736,863.195
888075000,1666.39,0.14709,2927.13,730,863.165
888075300,1665.76,0.157552,2752.84,729,863.14
888075600,1666.32,0.166095,2817.52,741,863.115
888075900,1664.79,0.176519,2724.45,746,863.09
888076200,1665.99,0.151925,2767.29,738,863.065
888076500,1665.27,0.162379,2869.7,734,863.04
888076800,1665.23,0.162038,2912.83,729,862.96
888077100,1665.15,0.165696,2910.47,743,862.86
888077400,1664.74,0.158921,2905.85,743,862.795
888077700,1664.37,0.185323,2703.84,735,862.725
888078000,1665.11,0.17228,2913.71,734,862.655
888078300,1663.86,0.178241,2800.11,732,862.62
888078600,1664.19,0.163109,2830.77,736,862.585
888078900,1662.54,0.142814,2657.92,740,862.49
888079200,1663.37,0.159164,2621.35,745,862.47
888079500,1664.81,0.160786,2723.85,734,862.525
888079800,1662.78,0.162602,2708.27,749,862.51
888080100,1662.04,0.166085,2788.07,742,862.385
888080400,1660.87,0.164968,2693.34,733,862.285
888080700,1662.14,0.163228,2615.38,732,862.28
888081000,1660.67,0.15332,2614.93,748,862.29
888081300,1660.26,0.152259,2583.79,741,862.285
888081600,1660.75,0.158291,2618.29,739,862.265
888081900,1660.04,0.158027,2556.44,748,862.215
888082200,1659.45,0.154999,2616.25,752,862.175
888082500,1658.4,0.164882,2485.62,748,862.15
888082800,1659.12,0.163619,2540.51,733,862.12
888083100,1658.45,0.160452,2561.09,733,862.09
888083400,1658.64,0.155721,2523.08,739,862.025
888083700,1658.07,0.178251,2535.46,746,861.841
888084000,1656.31,0.146152,2602.04,748,861.67
888084300,1656.53,0.160302,2583.88,738,861.63
888084600,1656.02,0.166003,2469.11,742,861.595
888084900,1656.02,0.160486,2481.06,737,861.56
888085200,1655.68,0.148097,2473.56,734,861.52
888085500,1655.83,0.167329,2356.8,739,861.485
888085800,1656.16,0.15835,2616.68,735,861.45
888086100,1655.15,0.154745,2515.95,749,861.41
888086400,1655.91,0.17011,2671.5,733,861.375
888086700,1656.1,0.15872,2684.38,733,861.34
888087000,1656.14,0.179263,2569.44,747,861.3
888087300,1656.7,0.161692,2638.64,744,861.265
888087600,1654.64,0.154706,2496.48,728,861.175
888087900,1654.4,0.153303,2590.84,739,861.105
888088200,1653.98,0.156091,2604.33,736,861.11
888088500,1654.43,0.160882,2671.58,734,861.08
888088800,1654.62,0.153455,2624.17,741,860.985
888089100,1655.13,0.153502,2650.03,749,860.885
888089400,1653.64,0.147734,2583.53,757,860.81
888089700,1652.09,0.159442,2649.21,743,860.73
888090000,1652.41,0.157217,2642.45,755,860.685
888090300,1653.24,0.169281,2540.13,752,860.685
888090600,1652,0.164473,2610.29,744,860.62
888090900,1652.03,0.154506,2568.92,746,860.585
888091200,1652.11,0.173407,2640.53,750,860.615
888091500,1651.72,0.155664,2668.38,742,860.61
888091800,1652.34,0.162767,2693.81,745,860.61
888092100,1651.42,0.156728,2656.93,746,860.605
888092400,1649.69,0.149214,2672.4,742,860.6
888092700,1650.21,0.14351,2677.06,745,860.6
888093000,1649.69,0.165676,2720.58,735,860.595
888093300,1648.34,0.163535,2742.02,744,860.59
888093600,1647.14,0.139972,2597,735,860.59
888093900,1646.22,0.158375,2602.21,745,860.585
888094200,1643.5,0.161272,2628.59,752,860.58
888094500,1642.63,0.160985,2647.48,749,860.58
888094800,1640.38,0.158516,2686.57,730,860.685
888095100,1640.69,0.145761,2768.64,733,860.82
888095400,1637.63,0.1552,2724.44,721,860.86
888095700,1637.87,0.158288,2729.48,718,860.895
888096000,1637.36,0.164434,2728.93,729,860.965
888096300,1637.86,0.154794,2732.08,725,861.11
888096600,1638.46,0.153017,2690.76,724,861.414
888096900,1638.48,0.162529,2650.5,725,861.555
888097200,1637.09,0.165635,2767.71,728,861.181
888097500,1635.39,0.175103,2770.45,711,861.179
888097800,1638.89,0.176884,2905.92,707,861.525
888098100,1638.71,0.170936,2840.13,709,861.68
888098400,1640.37,0.164564,2774.24,721,861.8
888098700,1639.24,0.189978,2787.34,715,861.954
888099000,1639.61,0.185699,2820.25,721,862.18
888099300,1638.72,0.188475,2850.64,735,862.32
888099600,1640.11,0.201022,2734.15,731,862.49
888099900,1641.17,0.166576,2695.78,732,862.67
888100200,1642.01,0.172346,2801.25,723,862.82
888100500,1643.69,0.18959,2807.52,727,862.92
888100800,1648.1,0.263557,3088.17,717,862.985
888101100,1643.55,0.223537,2779.84,715,862.92
888101400,1642.45,0.154447,2751.95,726,862.685
888101700,1641.23,0.173468,2738.48,735,862.55
888102000,1641.07,0.157837,2769.58,736,862.55
888102300,1641.06,0.171576,2659.11,732,862.62
888102600,1642.02,0.174742,2560.08,732,862.835
888102900,1643.02,0.182896,2514.98,745,863.154
888103200,1643.71,0.168398,2514.56,732,863.335
888103500,1643.38,0.162682,2561.04,728,863.41
888103800,1645.37,0.157053,2616.68,734,863.48
888104100,1644.56,0.174075,2608.23,733,863.615
888104400,1648.25,0.180738,2574.94,725,863.924
888104700,1652.38,0.252152,2858.7,720,864.235
888105000,1649.46,0.173037,2673.43,743,864.47
888105300,1649.73,0.175361,2826.09,743,864.675
887846400,1647.16,0.155711,2717.09,760,866.04
887846700,1645.4,0.162584,2421.85,714,866.11
887847000,1646.11,0.159824,2390.54,705,866.25
887847300,1646.03,0.165098,2350.44,704,866.35
887847600,1645.06,0.178538,2332.22,701,866.315
887847900,1645.21,0.166746,2237.52,710,866.35
887848200,1646.46,0.141412,2264.61,710,866.485
887848500,1646.67,0.161458,2308.29,696,866.59
887848800,1647.21,0.167618,2326.43,694,866.69
887849100,1646.18,0.163502,2374.9,700,866.755
887849400,1647,0.182706,2338.04,713,866.79
887849700,1648.68,0.144889,2300.35,721,866.79
887850000,1647.43,0.174436,2458.05,719,866.79
887850300,1648.22,0.174785,2437.74,707,866.825
887850600,1647.79,0.154949,2449.72,710,866.93
887850900,1647.76,0.174486,2524.85,715,867.03
887851200,1647.01,0.159738,2331.02,707,867.065
887851500,1647.49,0.152906,2252.67,706,867.035
887851800,1646.95,0.156382,2286.03,706,867.04
887852100,1647.48,0.169215,2192.37,709,867.085
887852400,1648.44,0.16385,2186.67,702,867.165
887852700,1648.75,0.157794,2273.21,710,867.28
887853000,1648.52,0.16033,2220.24,721,867.365
887853300,1650.93,0.194287,2462.98,709,867.41
887853600,1657.73,0.307187,2518.99,721,867.485
887853900,1649.92,0.161508,2293.07,716,867.6
887854200,1649.77,0.162567,2282.77,711,867.71
887854500,1650.5,0.155585,2332.08,729,867.675
887854800,1648.93,0.165311,2298.53,719,867.605
887855100,1650.01,0.154222,2402.02,721,867.605
887855400,1659.2,0.319517,2479.84,728,867.535
887855700,1648.96,0.171277,2363.84,729,867.47
887856000,1648.86,0.162876,2336.4,728,867.405
887856300,1650.71,0.161416,2379.33,730,867.405
887856600,1657.83,0.261603,2748.29,733,867.405
887856900,1649.44,0.138981,2384.77,742,867.3
887857200,1647.66,0.156017,2375.07,735,867.22
887857500,1648.97,0.16638,2427.46,736,867.205
887857800,1648.88,0.159668,2468.88,735,867.195
887858100,1648.11,0.155047,2425.55,729,867.185
887858400,1649.04,0.169232,2454.7,725,867.175
887858700,1649.96,0.143584,2506.64,730,867.165
887859000,1649.47,0.150854,2383.23,727,867.155
887859300,1649.28,0.165425,2392.2,739,867.145
887859600,1649.93,0.160962,2264.75,739,867.135
887859900,1650.51,0.171528,2346.39,728,867.125
887860200,1650.39,0.162162,2336.95,734,867.115
887860500,1651.13,0.168482,2456.57,728,867.105
887860800,1650.57,0.15517,2454.1,737,867.065
887861100,1650.44,0.172778,2436.39,729,867.065
887861400,1651.19,0.15911,2507.15,732,867.075
887861700,1652.22,0.168461,2455.38,743,867.1
887862000,1653.36,0.157599,2419.11,736,867.085
887862300,1663.53,0.279954,3072.08,738,866.99
887862600,1652.7,0.16016,2528.76,740,866.965
887862900,1652.93,0.160016,2503.58,743,866.97
887863200,1652.53,0.161437,2479.18,740,866.975
887863500,1652.35,0.17918,2410.84,738,866.94
887863800,1653.97,0.157448,2418.2,746,866.935
887864100,1653.7,0.159007,2476.91,739,866.94
887864400,1654.71,0.19108,2722.05,740,866.905
887864700,1661.82,0.189289,2722.5,740,866.87
887865000,1665.99,0.28586,3203.36,743,866.805
887865300,1654.34,0.152787,2476.1,745,866.74
887865600,1653.25,0.160829,2480.08,732,866.705
887865900,1653.09,0.155726,2567.07,738,866.63
887866200,1652.34,0.151083,2516.32,740,866.495
887866500,1652.79,0.172892,2473.29,744,866.43
887866800,1650.88,0.162777,2357.96,744,866.36
887867100,1652.15,0.170957,2459.36,736,866.33
887867400,1653.04,0.167952,2420.67,735,866.335
887867700,1653.02,0.170775,2519.04,736,866.335
887868000,1653.7,0.159067,2399.18,741,866.37
887868300,1653.84,0.168221,2386.58,735,866.375
887868600,1653.06,0.164417,2410.39,733,866.38
887868900,1653.95,0.161613,2392.63,742,866.385
887869200,1654.57,0.156234,2387.98,733,866.39
887869500,1654.03,0.148974,2464.63,739,866.395
887869800,1653.16,0.148656,2466.89,739,866.405
887870100,1655.17,0.173216,2515.19,740,866.41
887870400,1654.94,0.157531,2349.88,737,866.415
887870700,1655.26,0.164307,2552.25,725,866.42
887871000,1655.35,0.15716,2462.28,739,866.425
887871300,1655.9,0.146434,2453.66,739,866.435
887871600,1655.71,0.147022,2387.47,746,866.425
887871900,1654.82,0.154472,2472.36,737,866.395
887872200,1655.15,0.148105,2526.96,738,866.365
887872500,1654.43,0.150614,2761.82,742,866.335
887872800,1656.91,0.218317,2756.84,732,866.305
887873100,1655.01,0.155008,2546.38,733,866.28
887873400,1653.39,0.179847,2409.74,734,866.255
887873700,1655.29,0.149872,2514.89,749,866.225
887874000,1658,0.221924,2822.82,734,866.195
887874300,1655.15,0.175979,2517.85,735,866.165
887874600,1662.25,0.181886,2709.56,669,866.135
887874900,1657.64,0.162014,2613.7,726,866.11
887875200,1655.67,0.172544,2560.58,743,866.1
887875500,1663.54,0.204969,2588.61,737,866.1
887875800,1653.38,0.161969,2748.36,744,866.1
887876100,1654.67,0.171109,2496.19,741,866.1
887876400,1654.64,0.166422,2461.8,740,866.1
887876700,1654.7,0.158765,2506.62,742,866.1
887877000,1655.41,0.167716,2420.54,734,866.1
887877300,1656.36,0.168589,2508.19,738,866.1
887877600,1656.3,0.178022,2573.42,739,866.1
887877900,1655.95,0.169374,2552.11,742,866.1
887878200,1664.14,0.315487,2669.49,751,866.1
887878500,1656.42,0.169681,2560.9,742,866.1
887878800,1654.9,0.169441,2438.27,742,866.09
887879100,1655.82,0.174203,2446.55,736,866.07
887879400,1659.67,0.173938,2435.41,739,866.05
887879700,1655.84,0.154304,2394.47,740,866.035
887880000,1659.1,0.182285,2409.45,732,866.02
887880300,1656.27,0.157549,2485.02,738,866
887880600,1655.55,0.149765,2418.94,746,865.98
887880900,1656.18,0.168557,2445.19,740,865.965
887881200,1656.4,0.143762,2351.52,744,865.95
887881500,1656.31,0.173566,2411.42,746,865.93
887881800,1656.12,0.160572,2495.38,741,865.91
887882100,1656.03,0.162494,2367.7,747,865.895
887882400,1655.64,0.162372,2446.71,736,865.915
887882700,1660.95,0.211741,2471.22,735,865.97
887883000,1655.04,0.160618,2465.24,739,866.03
887883300,1656.36,0.1655,2403.45,748,866.085
887883600,1661.98,0.184948,2453.93,741,866.14
887883900,1666.32,0.259034,2706.89,733,866.2
887884200,1656.85,0.178264,2417.09,727,866.255
887884500,1657.46,0.163211,2436.4,731,866.31
887884800,1655.78,0.156506,2466.24,732,866.37
887885100,1656.26,0.160081,2393.78,738,866.425
887885400,1657.64,0.161693,2457.94,741,866.48
887885700,1657.98,0.1778,2447.12,740,866.54
887886000,1657.41,0.160681,2392.44,739,866.575
887886300,1658.37,0.173317,2478.19,737,866.585
887886600,1658.26,0.161252,2413.16,748,866.595
887886900,1659.57,0.170658,2729.75,749,866.605
887887200,1658.7,0.160136,2441.9,744,866.615
887887500,1659.82,0.161861,2489.18,741,866.625
887887800,1659.52,0.164554,2467.46,738,866.635
887888100,1660.22,0.161664,2488.23,735,866.645
887888400,1661.92,0.18439,2553.72,720,866.655
887888700,1661.98,0.158095,2586.55,723,866.665
887889000,1662.75,0.165894,2573.48,724,866.675
887889300,1663.21,0.153552,2583.9,735,866.685
887889600,1663.15,0.183888,2580.41,733,866.69
887889900,1663.39,0.161622,2589.44,727,866.645
887890200,1665.54,0.159004,2761.92,734,866.59
887890500,1667.02,0.169568,2659.78,738,866.595
887890800,1667.1,0.166836,2626.71,717,866.675
887891100,1671.52,0.192846,2552.67,722,866.77
887891400,1672.05,0.182113,2654.38,723,866.8
887891700,1669.36,0.165386,2617.72,735,866.8
887892000,1670.38,0.159886,2746.02,731,866.81
887892300,1670.81,0.16087,2683.33,731,866.77
887892600,1671.18,0.158067,2646.28,733,866.715
887892900,1671.08,0.156519,2535.54,722,866.71
887893200,1671.99,0.171819,2489.25,716,866.7
887893500,1672.84,0.169529,2625.2,719,866.68
887893800,1670.22,0.162687,2572.02,718,866.66
887894100,1671.16,0.165599,2514.82,714,866.64
887894400,1671.73,0.182855,2625.46,705,866.62
887894700,1672.38,0.179171,2661.48,713,866.605
887895000,1673.2,0.176486,2626.26,716,866.59
887895300,1672.8,0.176301,2710.66,708,866.57
887895600,1672.69,0.153021,2553.66,709,866.55
887895900,1674.09,0.172189,2587.74,711,866.53
887896200,1674.17,0.179335,2630.99,716,866.51
887896500,1674.23,0.16439,2694.07,708,866.495
887896800,1672.3,0.172526,2577.71,717,866.475
887897100,1672.89,0.165876,2562.88,709,866.45
887897400,1673.52,0.163169,2594.27,715,866.43
887897700,1673.35,0.179072,2538.48,719,866.405
887898000,1675.88,0.167676,2528.64,717,866.38
887898300,1673.39,0.170121,2550.05,707,866.36
887898600,1674.78,0.158444,2552.27,716,866.335
887898900,1674.33,0.179511,2700.35,722,866.31
887899200,1673.4,0.149306,2611.94,722,866.29
887899500,1673.4,0.161947,2565.03,728,866.265
887899800,1672.99,0.162293,2562.67,717,866.24
887900100,1671.64,0.166735,2608.89,715,866.22
887900400,1670,0.168818,2798.83,720,866.21
887900700,1670.29,0.164503,2641.19,734,866.21
887901000,1672.63,0.171419,2727.45,732,866.175
887901300,1672.25,0.175884,2794.06,724,866.105
887901600,1671.1,0.168653,2749.2,726,866.06
887901900,1669.72,0.168418,2721.55,724,866
887902200,1667.69,0.164637,2682.5,722,865.945
887902500,1668.72,0.165376,2659.79,724,865.865
887902800,1674.75,0.233665,2911.11,723,865.755
887903100,1667.76,0.167829,2519.04,730,865.72
887903400,1666.78,0.148297,2539.15,728,865.685
887903700,1665.31,0.16721,2603.87,720,865.615
887904000,1665.92,0.16038,2638.69,734,865.51
887904300,1665.86,0.158953,2624.01,724,865.41
887904600,1665.71,0.162591,2561.76,734,865.345
887904900,1664.12,0.172173,2446.09,730,865.24
887905200,1663.2,0.17345,2541,726,865.14
887905500,1663.5,0.173001,2479.27,725,865.11
887905800,1662.51,0.174444,2381.26,737,865.005
887906100,1661.25,0.144301,2275.29,736,864.9
887906400,1661.87,0.150951,2294.12,741,864.9
887906700,1660.83,0.154629,2342.93,737,864.865
887907000,1659,0.16084,2187.95,746,864.765
887907300,1658.59,0.168572,2189.33,752,864.665
887907600,1657.83,0.150184,2226.12,738,864.63
887907900,1657.39,0.169584,2292.61,747,864.63
887908200,1656.71,0.163683,2276.53,751,864.63
887908500,1656.37,0.153226,2250.11,744,864.7
887908800,1656.46,0.141074,2352.67,736,864.71
887909100,1655.15,0.14554,2323.21,743,864.69
887909400,1655.06,0.142235,2410.12,746,864.705
887909700,1653.7,0.150563,2329.13,750,864.675
887910000,1653.72,0.153645,2304.65,759,864.635
887910300,1653.14,0.157338,2334.16,752,864.56
887910600,1651.58,0.153696,2365.84,752,864.52
887910900,1649.38,0.150185,2409.41,743,864.46
887911200,1649.98,0.142722,2344.43,747,864.4
887911500,1649.98,0.158074,2363.37,754,864.335
887911800,1648.79,0.152491,2323.76,750,864.26
887912100,1647.83,0.153564,2363.12,751,864.175
887912400,1648.37,0.161063,2398.79,750,864.095
887912700,1648.26,0.14706,2368.2,747,864.065
887913000,1648.53,0.172016,2495.78,755,864
887913300,1647.09,0.137581,2263.62,757,863.96
887913600,1649.05,0.152366,2504.35,758,863.9
887913900,1648.19,0.150506,2458,736,863.835
887914200,1649.44,0.150782,2539.81,755,863.805
887914500,1648.96,0.144464,2692.98,754,863.74
887914800,1648.22,0.160447,2600.52,750,863.695
887915100,1649.41,0.154302,2872.19,751,863.685
887915400,1648.74,0.155669,2852.93,758,863.68
887915700,1649.64,0.170459,2804.8,741,863.675
887916000,1649.81,0.161022,2750.85,749,863.67
887916300,1650.34,0.157727,2749.3,751,863.665
887916600,1650.57,0.153132,2727.53,760,863.655
887916900,1649.89,0.17284,2680.59,756,863.65
887917200,1649.47,0.153111,2692,750,863.645
887917500,1649.87,0.149294,2761.93,752,863.64
887917800,1651.45,0.150996,2795.7,753,863.635
887918100,1651.15,0.166039,2875.81,755,863.63
887918400,1650.32,0.146653,2973.66,750,863.63
887918700,1651.12,0.160815,3015.08,759,863.56
887919000,1649.96,0.165071,2883.25,744,863.425
887919300,1649.93,0.157313,2732.92,748,863.365
887919600,1650.78,0.172952,2886.89,735,863.3
887919900,1650.44,0.160042,2870.22,744,863.165
887920200,1650.6,0.171262,2996,736,862.995
887920500,1650.45,0.146535,3007.19,748,862.96
887920800,1652.07,0.156808,2967.94,742,862.995
887921100,1653.95,0.22715,3446.11,746,862.925
887921400,1651.96,0.152132,2913.71,749,862.855
887921700,1651.16,0.167758,2775.38,750,862.925
887922000,1652.49,0.151625,2783.63,746,863.05
887922300,1652.32,0.156129,2820.78,744,863.095
887922600,1652.02,0.152032,2837.21,749,863.14
887922900,1652.43,0.167743,2757.65,745,863.185
887923200,1651.65,0.145083,2615.48,758,863.23
887923500,1652.24,0.135624,2764.88,747,863.275
887923800,1652.17,0.148713,2699,743,863.325
887924100,1650.52,0.145395,2668.25,743,863.37
887924400,1649.48,0.165187,2635.74,737,863.415
887924700,1649.02,0.140153,2709.32,739,863.46
887925000,1649.65,0.15734,2680.55,746,863.505
887925300,1647.57,0.149227,2627.92,740,863.555
887925600,1648.48,0.154705,2612.96,734,863.62
887925900,1647.55,0.148863,2628.52,745,863.635
887926200,1646.83,0.156621,2674.1,751,863.645
887926500,1648.3,0.190584,2832,741,863.68
887926800,1646.38,0.160054,2614.45,753,863.72
887927100,1650.2,0.200268,2996.06,748,863.795
887927400,1644.08,0.157081,2666.21,750,863.93
887927700,1646.04,0.162316,2693.77,740,864.404
887928000,1647.58,0.14856,2658.62,732,864.915
887928300,1649.62,0.16152,2705.72,747,865.19
887928600,1651.2,0.175299,2732.21,740,865.614
887928900,1650.76,0.159889,2840.43,735,866.04
887929200,1651.22,0.147764,2786.26,735,866.115
887929500,1650.43,0.178504,2627.09,737,866.085
887929800,1649.52,0.152558,2620.21,739,866.055
887930100,1647.12,0.149748,2415.91,739,865.995
887930400,1648.19,0.155522,2661.38,745,866.065
887930700,1647.59,0.154315,2658.67,746,866.14
887931000,1647.44,0.158093,2606.76,742,866.2
887931300,1646.94,0.152296,2511.94,741,866.22
887931600,1646.21,0.177056,2506.36,726,866.195
887931900,1647.05,0.158416,2467.06,732,866.205
887932200,1646.7,0.167909,2500.81,745,866.285
887932500,1647.5,0.167722,2418.76,744,866.29
888105600,1646.57,0.170749,2938.61,765,864.815
888105900,1648.25,0.155949,2799.99,733,864.92
888106200,1649.37,0.156487,2698.34,724,865.06
888106500,1650.12,0.164425,2734.27,722,865.2
888106800,1650.68,0.168885,2745.5,724,865.28
888107100,1652.24,0.167239,2718.32,734,865.325
888107400,1652.23,0.174044,2656.41,727,865.39
888107700,1652.27,0.185722,2675.49,736,865.455
888108000,1653.15,0.169964,2700.6,726,865.455
888108300,1652.08,0.152684,2683,739,865.39
888108600,1660.88,0.18884,2978.57,731,865.325
888108900,1652.32,0.172147,2614.85,733,865.29
888109200,1653.21,0.168807,2749.19,738,865.275
888109500,1662.62,0.184735,3175.04,735,865.245
888109800,1654.38,0.157178,2805.54,736,865.215
888110100,1661.35,0.179283,2995.9,744,865.185
888110400,1653.29,0.166425,2677.16,738,865.155
888110700,1653.26,0.159936,2666.86,741,865.13
888111000,1652.55,0.160307,2589.36,745,865.105
888111300,1671.03,0.212437,2827.56,746,865.075
888111600,1652.4,0.156179,2638.98,743,865.045
888111900,1652.65,0.144543,2537.69,744,865.015
888112200,1652.56,0.165347,2520.09,747,864.985
888112500,1652.76,0.147465,2569.98,749,864.96
888112800,1652.54,0.164898,2525.25,743,865.015
888113100,1651.51,0.154704,2685.61,747,865.015
888113400,1652.13,0.161713,2706.84,760,864.88
888113700,1660.93,0.19279,2745.16,753,864.88
888114000,1669.44,0.223279,2513.04,738,864.845
888114300,1669.37,0.23132,2510.22,678,864.64
888114600,1660.18,0.182776,2764.52,738,864.44
888114900,1659.53,0.197731,2731.98,748,864.235
888115200,1659.38,0.180701,2632.26,744,864.13
888115500,1664.02,0.233628,3119.84,675,864.095
888115800,1660.27,0.207828,2790.89,751,863.995
888116100,1651.25,0.155261,2541.78,753,863.86
888116400,1651.34,0.141254,2562.76,761,863.8
888116700,1651.23,0.174176,2605.68,761,863.82
888117000,1659.62,0.191976,3008.63,750,863.845
888117300,1658.76,0.169569,2982.88,750,863.87
888117600,1652.58,0.159322,2579.08,751,863.89
888117900,1653.71,0.160876,2502.35,753,863.915
888118200,1653.81,0.159442,2515.96,757,863.94
888118500,1652.24,0.16283,2663.86,744,863.96
888118800,1652.56,0.156146,2633.7,750,863.985
888119100,1654.4,0.164983,2603.57,752,864.01
888119400,1653.53,0.144605,2594.93,750,864.03
888119700,1663.94,0.507513,2663.35,747,864.055
888120000,1653.06,0.145984,2569.19,753,864.075
888120300,1653.91,0.16701,2572.75,748,864.085
888120600,1654.22,0.156822,2625.23,751,864.095
888120900,1654.27,0.144488,2543.92,744,864.105
888121200,1654.55,0.157982,2586.72,746,864.115
888121500,1655.13,0.153106,2530.49,767,864.13
888121800,1655.35,0.160515,2502.46,759,864.145
888122100,1659.03,0.199798,2468.37,760,864.155
888122400,1656.15,0.165783,2582.56,755,864.165
888122700,1655.09,0.17098,2513.7,759,864.175
888123000,1655.36,0.153847,2566.2,749,864.185
888123300,1655.27,0.149868,2584.87,763,864.2
888123600,1654.9,0.15133,2520.68,757,864.075
888123900,1658.33,0.242102,2713.96,751,863.94
888124200,1654.3,0.147301,2515.33,754,863.87
888124500,1654.13,0.168433,2499.26,753,863.735
888124800,1652.67,0.156086,2531.11,752,863.635
888125100,1663.84,0.441681,2510.91,759,863.53
888125400,1653.21,0.152078,2554.65,755,863.425
888125700,1653.17,0.158358,2478.1,758,863.425
888126000,1653.24,0.148311,2509.77,764,863.36
888126300,1652.84,0.158571,2492.15,748,863.19
888126600,1652.45,0.161696,2572.19,764,863.12
888126900,1651.78,0.137741,2437.01,758,862.985
888127200,1651.21,0.144543,2499.82,757,862.835
888127500,1651.67,0.138898,2448.97,761,862.81
888127800,1652.14,0.157669,2470.07,767,862.79
888128100,1651.34,0.150875,2427.35,759,862.77
888128400,1651.47,0.15088,2460.91,750,862.745
888128700,1651.76,0.168004,2397.15,757,862.72
888129000,1650.71,0.164707,2482.99,757,862.7
888129300,1654.19,0.224155,2915.78,759,862.68
888129600,1650.48,0.156291,2543.46,760,862.655
888129900,1650.72,0.163353,2448.11,766,862.63
888130200,1651.78,0.165074,2470.72,756,862.61
888130500,1651.81,0.160486,2483.48,760,862.59
888130800,1651.87,0.138149,2535.06,755,862.57
888131100,1652.32,0.15625,2467.24,760,862.555
888131400,1652.17,0.157088,2531.03,756,862.545
888131700,1652.32,0.163107,2412.19,750,862.535
888132000,1653.01,0.162915,2542.9,752,862.525
888132300,1651.87,0.153155,2545.47,751,862.515
888132600,1659.71,0.19743,3082.37,753,862.5
888132900,0,0,0,731,862.485
888133200,1653.01,0.151228,2559.42,753,862.475
888133500,1653.25,0.15304,2613.52,756,862.465
888133800,1651.87,0.139959,2540.35,753,862.455
888134100,1651.07,0.152488,2579.81,742,862.445
888134400,1652.71,0.145668,2623.62,733,862.405
888134700,1651.75,0.161357,2706.4,750,862.37
888135000,1651.64,0.176835,2632.33,740,862.335
888135300,1660.16,0.195913,2987.11,745,862.27
888135600,1652.21,0.161712,2676.7,752,862.25
888135900,1651.51,0.158084,2622.79,754,862.16
888136200,1650.4,0.163414,2517.38,749,862.105
888136500,1651.5,0.158921,2460.11,761,862.195
888136800,1651.91,0.172411,2531.43,760,862.245
888137100,1650.48,0.163048,2538.54,752,862.255
888137400,1650.37,0.155441,2658.38,753,862.26
888137700,1651.11,0.160589,2682.96,754,862.295
888138000,1651.35,0.178583,2665.56,754,862.335
888138300,1652.92,0.161497,2555.1,754,862.35
888138600,1651.81,0.157881,2501.01,753,862.37
888138900,1651.94,0.144818,2570.22,753,862.385
888139200,1657.37,0.288578,2463.54,764,862.4
888139500,1650.56,0.148007,2423.65,759,862.42
888139800,1651.29,0.150623,2558.28,753,862.435
888140100,1651.65,0.157698,2591.66,756,862.45
888140400,1652.16,0.16228,2553.78,764,862.47
888140700,1652.19,0.16133,2554.68,762,862.485
888141000,1650.52,0.15713,2505.1,764,862.5
888141300,1650.28,0.160452,2589.26,759,862.52
888141600,1651.02,0.167703,2528.28,764,862.545
888141900,1651.11,0.159266,2422.19,761,862.575
888142200,1658.68,0.174126,2749.83,761,862.61
888142500,1657.96,0.193639,2794.07,757,862.645
888142800,1651.24,0.147239,2516.64,765,862.68
888143100,1651.42,0.160365,2477.59,768,862.715
888143400,1651.88,0.158792,2552.99,759,862.745
888143700,1652.08,0.163704,2482.33,753,862.78
888144000,1652.96,0.144316,2515.79,763,862.815
888144300,1652.03,0.164046,2401.3,755,862.85
888144600,1653.76,0.143124,2505,748,862.885
888144900,1652.88,0.157471,2471.26,759,862.92
888145200,1655.55,0.145934,2586.57,762,863.04
888145500,1655.74,0.15307,2529.25,754,863.14
888145800,1657.15,0.15256,2608.73,751,863.14
888146100,1658.68,0.175377,2771.75,753,863.175
888146400,1657.73,0.144642,2722.4,754,863.19
888146700,1666.54,0.185757,3037.89,749,863.15
888147000,1659.62,0.155129,2563.4,766,863.16
888147300,1660.99,0.157424,2653.43,745,863.225
888147600,1661.72,0.169962,2723.66,758,863.285
888147900,1661.76,0.171984,2672.37,759,863.315
888148200,1662.3,0.147342,2723.44,763,863.32
888148500,1663.11,0.160356,2661.02,767,863.32
888148800,1663.4,0.155395,2580.11,749,863.315
888149100,1663.57,0.170225,2729.41,746,863.31
888149400,1666.05,0.187848,2962.57,759,863.305
888149700,1666,0.161362,2768.16,761,863.3
888150000,1667.15,0.164872,2716.11,747,863.295
888150300,1667.8,0.171865,2752.27,755,863.29
888150600,1666.39,0.15358,2639.04,751,863.285
888150900,1666.86,0.153398,2690.24,743,863.28
888151200,1668.99,0.162502,2807.08,746,863.275
888151500,1668.24,0.18184,2596.56,746,863.27
888151800,1668.08,0.160143,2674.04,731,863.265
888152100,0,0,0,726,863.26
888152400,1669.2,0.156166,2669.32,743,863.255
888152700,1669.69,0.171656,2625.21,754,863.25
888153000,1671.44,0.151182,2707.69,745,863.25
888153300,1670.27,0.16298,2712.89,750,863.245
888153600,1670.32,0.161109,2728.13,755,863.24
888153900,1670.85,0.165483,2707.32,755,863.24
888154200,1673.13,0.174279,2628.62,747,863.235
888154500,1673.04,0.167421,2656.85,733,863.23
888154800,1671.4,0.178533,2677.35,730,863.23
888155100,1672.51,0.160109,2842.96,737,863.225
888155400,1671.63,0.162945,2669.9,726,863.22
888155700,1673.24,0.180715,2662.33,751,863.22
888156000,1672.63,0.166039,2637.79,743,863.205
888156300,1674.11,0.177448,2662.07,738,863.18
888156600,1673.62,0.20559,2698.63,718,863.16
888156900,1673.75,0.1708,2697.09,715,863.14
888157200,1673.45,0.15659,2802.16,719,863.12
888157500,1673.49,0.155684,2751.52,740,863.1
888157800,1674.82,0.170837,2701.75,735,863.075
888158100,1675.11,0.156606,2806.45,734,863.05
888158400,1675.73,0.153166,2936.97,735,863.03
888158700,1675.29,0.151747,2793.51,742,863.01
888159000,1675.08,0.195339,2856.13,717,862.99
888159300,1673.81,0.172549,2779.28,732,862.97
888159600,1673.06,0.155289,2779.89,748,862.796
888159900,1672.87,0.162881,2673.18,758,862.61
888160200,1674.76,0.152817,2794.38,750,862.57
888160500,1673.27,0.152183,2761.41,739,862.53
888160800,1672.44,0.177098,2920.41,748,862.49
888161100,1671.33,0.166699,2665.94,737,862.45
888161400,1671.66,0.161315,2860.36,745,862.405
888161700,1671.05,0.149843,2814.77,737,862.36
888162000,1670.19,0.156083,2768.13,732,862.32
888162300,1671.99,0.176634,2713.88,737,862.28
888162600,1670.17,0.148755,2849.78,737,862.24
888162900,1669.44,0.157417,2716.56,743,862.2
888163200,1668.45,0.162813,2590.61,719,862.16
888163500,1667.42,0.160925,2697.88,730,862.12
888163800,1666.16,0.168123,2660.07,732,862.08
888164100,1664.88,0.178261,2508.07,739,862.04
888164400,1665.73,0.170591,2600.7,718,862
888164700,1664.38,0.148006,2582.6,741,861.96
888165000,1663.87,0.16253,2682.9,746,861.915
888165300,1663.92,0.158318,2553.3,762,861.87
888165600,1663.94,0.165744,2648.64,752,861.83
888165900,1663.86,0.170513,2527.61,750,861.79
888166200,1663.03,0.165711,2487.55,754,861.75
888166500,1663.11,0.158692,2556.17,753,861.71
888166800,1662.31,0.164008,2623.96,759,861.67
888167100,1662.13,0.163404,2596.27,752,861.65
888167400,1661.87,0.164075,2688.17,752,861.615
888167700,1662.17,0.154627,2535.06,752,861.545
888168000,1661.1,0.158191,2487.17,759,861.475
888168300,1660.46,0.159192,2477.63,761,861.44
888168600,1660.93,0.162627,2374.12,747,861.41
888168900,1660.04,0.160325,2392.75,759,861.345
888169200,1659.82,0.159754,2372.2,752,861.305
888169500,1658.05,0.154108,2415.64,757,861.195
888169800,1658.07,0.158193,2521.04,758,861.16
888170100,1658.11,0.150133,2563.17,762,861.23
888170400,1658.23,0.145623,2579.95,759,861.195
888170700,1657.64,0.139976,2543.09,761,861.125
888171000,1656.1,0.150871,2507.96,759,861.06
888171300,1656.37,0.156873,2517.71,746,861.03
888171600,1657.17,0.15787,2581.87,759,860.96
888171900,1656.17,0.161129,2552.8,757,860.89
888172200,1655.93,0.144628,2427.86,750,860.855
888172500,1655.14,0.151796,2443.65,749,860.785
888172800,1655.99,0.159428,2455.28,758,860.715
888173100,1656.01,0.14972,2557.53,761,860.685
888173400,1656.46,0.164198,2494.08,761,860.65
888173700,1654.32,0.166526,2492.13,765,860.56
888174000,1653.48,0.164244,2441.87,756,860.48
888174300,1653.74,0.154327,2438.85,757,860.425
888174600,1652.98,0.148701,2451.6,766,860.375
888174900,1652.65,0.156988,2477.85,763,860.325
888175200,1651.3,0.157544,2425.98,763,860.27
888175500,1651.53,0.165539,2306.71,753,860.215
888175800,1650.3,0.159875,2436.6,761,860.165
888176100,1650.69,0.156564,2437.98,763,860.115
888176400,1650.55,0.168024,2386.76,764,860.06
888176700,1649.56,0.161405,2319.59,754,860.005
888177000,1648.91,0.144604,2345.39,754,859.955
888177300,1647.36,0.145319,2326.38,762,859.905
888177600,1647.37,0.158714,2300.83,761,859.875
888177900,1646.91,0.150211,2345.39,751,859.865
888178200,1648.44,0.154886,2241.25,756,859.82
888178500,1647.77,0.150541,2326.16,774,859.735
888178800,1645.45,0.148846,2311.17,763,859.685
888179100,1645.94,0.147871,2339.59,764,859.745
888179400,1645.88,0.172831,2326.1,764,859.81
888179700,1646.13,0.137949,2333.64,760,859.81
888180000,1645.63,0.1562,2409.19,766,859.74
888180300,1644.55,0.163481,2367.52,771,859.705
888180600,1644.5,0.136929,2334.51,756,859.785
888180900,1644.97,0.152171,2325.83,763,859.84
888181200,1644.79,0.150467,2333.41,762,859.855
888181500,1645.03,0.149859,2344.51,759,859.86
888181800,1644.9,0.1454,2330.75,752,859.83
888182100,1644.33,0.15614,2351.96,758,859.81
888182400,1644.15,0.15544,2308.9,757,859.825
888182700,1643.31,0.156408,2338.05,770,859.79
888183000,1643.19,0.16325,2383.12,759,859.785
888183300,1642.19,0.162583,2365.4,756,859.785
888183600,1644.13,0.187708,2452.19,763,859.755
888183900,1642.43,0.161586,2477,758,859.83
888184200,1641.96,0.156677,2400.79,760,859.885
888184500,1641.51,0.158461,2363.6,744,859.915
888184800,1641.35,0.168874,2387.09,752,859.965
888185100,1642.69,0.14042,2395.91,750,860.109
888185400,1643.1,0.14491,2347.38,763,860.315
888185700,1642.3,0.157915,2414.22,753,860.38
888186000,1642.76,0.154972,2449.67,754,860.45
888186300,1641.61,0.143802,2412.55,760,860.52
888186600,1639.68,0.168957,2452.83,760,860.52
888186900,1639.77,0.176011,2610.99,752,860.555
888187200,1640.49,0.167351,2599.52,758,860.759
888187500,1640.6,0.168084,2556.4,766,860.99
888187800,1641.11,0.153754,2494.75,753,861.07
888188100,1640.39,0.171659,2692.04,752,861.1
888188400,1641.95,0.165947,2699.73,760,861.409
888188700,1644.13,0.159855,2612.42,747,861.949
888189000,1644.46,0.158054,2619.86,740,862.07
888189300,1643.28,0.18254,2586.54,752,862.09
888189600,1641.12,0.164703,2759.44,754,862.16
888189900,1640.25,0.171252,2775.27,747,862.11
888190200,1636.62,0.178772,2711.37,746,861.706
888190500,1632.82,0.16979,2608.97,755,861.121
888190800,1632.25,0.155178,2597.79,757,861.025
888191100,1633.03,0.175407,2760.17,748,861.364
888191400,1634.99,0.173083,2778.41,741,861.775
888191700,1637.21,0.179713,2721.69,742,862.114
